PRE_TERRAIN_FULL_RUN_HISTORY_NOT_FINAL_SOURCE

COMMAND: & './runtime/icd-venv/Scripts/python.exe' -X utf8 scripts/test_icd_runtime.py
test_mutated_fixtures_cannot_pass_by_rewriting_local_manifest (test_cli.CLITests.test_mutated_fixtures_cannot_pass_by_rewriting_local_manifest) ... ok
test_no_platform_specific_behavior_or_qa_imports (test_cli.CLITests.test_no_platform_specific_behavior_or_qa_imports) ... ok
test_offline_common_cli_checks_all_goldens_and_no_runtime_claim (test_cli.CLITests.test_offline_common_cli_checks_all_goldens_and_no_runtime_claim) ... ok
test_wrong_pinned_baseline_exits_nonzero (test_cli.CLITests.test_wrong_pinned_baseline_exits_nonzero) ... ok
test_runtime_is_a_real_separate_package (test_contract_payload.AvailabilityTest.test_runtime_is_a_real_separate_package) ... ok
test_baseline_and_all_59_fixtures_without_mutation (test_contract_payload.ContractPayloadTests.test_baseline_and_all_59_fixtures_without_mutation) ... ok
test_date_time_fields_reject_invalid_calendar_values (test_contract_payload.ContractPayloadTests.test_date_time_fields_reject_invalid_calendar_values) ... ok
test_each_frozen_component_tamper_is_rejected (test_contract_payload.ContractPayloadTests.test_each_frozen_component_tamper_is_rejected) ... ok
test_external_expected_hash_is_mandatory_and_not_trusted_from_file (test_contract_payload.ContractPayloadTests.test_external_expected_hash_is_mandatory_and_not_trusted_from_file) ... ok
test_ieee754_exact_large_numbers_are_not_uint64_fields (test_contract_payload.ContractPayloadTests.test_ieee754_exact_large_numbers_are_not_uint64_fields) ... ok
test_missing_unknown_types_arrays_and_nonfinite_rejected (test_contract_payload.ContractPayloadTests.test_missing_unknown_types_arrays_and_nonfinite_rejected) ... ok
test_packed_layout_offsets_boolean_and_enum_codes (test_contract_payload.ContractPayloadTests.test_packed_layout_offsets_boolean_and_enum_codes) ... ok
test_session_open_and_nonzero_session_header_rules (test_contract_payload.ContractPayloadTests.test_session_open_and_nonzero_session_header_rules) ... ok
test_strict_json_rejects_ambiguous_and_noncanonical_input (test_contract_payload.ContractPayloadTests.test_strict_json_rejects_ambiguous_and_noncanonical_input) ... ok
test_uint64_string_overflow_is_rejected (test_contract_payload.ContractPayloadTests.test_uint64_string_overflow_is_rejected) ... ok
test_unknown_id_direction_and_wrong_model_rejected (test_contract_payload.ContractPayloadTests.test_unknown_id_direction_and_wrong_model_rejected) ... ok
test_bounded_common_reassembly_exists (test_reassembly.ReassemblyAvailabilityTests.test_bounded_common_reassembly_exists) ... ok
test_64_slots_per_channel_no_eviction (test_reassembly.ReassemblyTests.test_64_slots_per_channel_no_eviction) ... ok
test_all_transports_reassemble_in_reverse_order (test_reassembly.ReassemblyTests.test_all_transports_reassemble_in_reverse_order) ... ok
test_can_timeout_is_20ms (test_reassembly.ReassemblyTests.test_can_timeout_is_20ms) ... ok
test_channel_half_groups_cannot_be_spliced (test_reassembly.ReassemblyTests.test_channel_half_groups_cannot_be_spliced) ... ok
test_clock_cannot_go_backwards_and_terminal_entries_expire (test_reassembly.ReassemblyTests.test_clock_cannot_go_backwards_and_terminal_entries_expire) ... ok
test_completed_retransmission_cannot_emit_second_completion (test_reassembly.ReassemblyTests.test_completed_retransmission_cannot_emit_second_completion) ... ok
test_conflict_invalidates_whole_group_and_blocks_restart (test_reassembly.ReassemblyTests.test_conflict_invalidates_whole_group_and_blocks_restart) ... ok
test_decoded_fragment_metadata_cannot_bypass_reservation_limits (test_reassembly.ReassemblyTests.test_decoded_fragment_metadata_cannot_bypass_reservation_limits) ... ok
test_explicit_session_dedup_owner_can_reassemble_complete_retries (test_reassembly.ReassemblyTests.test_explicit_session_dedup_owner_can_reassemble_complete_retries) ... ok
test_global_8mib_reservation_is_enforced (test_reassembly.ReassemblyTests.test_global_8mib_reservation_is_enforced) ... ok
test_header_inconsistency_invalidates_group (test_reassembly.ReassemblyTests.test_header_inconsistency_invalidates_group) ... ok
test_identical_duplicate_never_extends_fixed_deadline (test_reassembly.ReassemblyTests.test_identical_duplicate_never_extends_fixed_deadline) ... ok
test_pre_session_namespace_cannot_partition_established_business (test_reassembly.ReassemblyTests.test_pre_session_namespace_cannot_partition_established_business) ... ok
test_pre_session_namespaces_share_channel_capacity (test_reassembly.ReassemblyTests.test_pre_session_namespaces_share_channel_capacity) ... ok
test_reassembled_invalid_payload_is_rejected_not_returned (test_reassembly.ReassemblyTests.test_reassembled_invalid_payload_is_rejected_not_returned) ... ok
test_session_discard_frees_only_its_groups_and_terminal_entries (test_reassembly.ReassemblyTests.test_session_discard_frees_only_its_groups_and_terminal_entries) ... ok
test_terminal_cache_overflow_evicts_oldest_at_8192_entries (test_reassembly.ReassemblyTests.test_terminal_cache_overflow_evicts_oldest_at_8192_entries) ... ok
test_unauthorized_direction_or_channel_never_allocates (test_reassembly.ReassemblyTests.test_unauthorized_direction_or_channel_never_allocates) ... ok
test_unknown_channel_and_wrong_medium_never_allocate (test_reassembly.ReassemblyTests.test_unknown_channel_and_wrong_medium_never_allocate) ... ok
test_video_complete_frame_hash_and_four_frame_capacity (test_reassembly.ReassemblyTests.test_video_complete_frame_hash_and_four_frame_capacity) ... ok
test_all_45_input_stimuli_and_model_gate (test_source_contract.SourceContractTests.test_all_45_input_stimuli_and_model_gate) ... ok
test_all_ten_event_branches_use_frozen_closed_definitions (test_source_contract.SourceContractTests.test_all_ten_event_branches_use_frozen_closed_definitions) ... ok
test_complete_source_structure_is_unchanged (test_source_contract.SourceContractTests.test_complete_source_structure_is_unchanged) ... ok
test_component_hashes_are_actual_read_only_copies (test_source_contract.SourceContractTests.test_component_hashes_are_actual_read_only_copies) ... ok
test_decimal_time_cannot_use_trailing_newline_to_bypass_range (test_source_contract.SourceContractTests.test_decimal_time_cannot_use_trailing_newline_to_bypass_range) ... ok
test_decimal_uint64_limit_is_preserved_for_replay (test_source_contract.SourceContractTests.test_decimal_uint64_limit_is_preserved_for_replay) ... ok
test_definition_names_are_a_closed_allowlist (test_source_contract.SourceContractTests.test_definition_names_are_a_closed_allowlist) ... ok
test_each_source_required_field_and_unknown_key_are_rejected (test_source_contract.SourceContractTests.test_each_source_required_field_and_unknown_key_are_rejected) ... ok
test_source_validation_entry_points_exist (test_source_contract.SourceContractTests.test_source_validation_entry_points_exist) ... ok
test_stimulus_cannot_include_session_header_or_feedback (test_source_contract.SourceContractTests.test_stimulus_cannot_include_session_header_or_feedback) ... ok
test_common_video_framing_exists (test_video.VideoAvailabilityTests.test_common_video_framing_exists) ... ok
test_h264_h265_fragment_shapes_and_capacity (test_video.VideoTests.test_h264_h265_fragment_shapes_and_capacity) ... ok
test_invalid_raw_size_codec_header_and_empty_data (test_video.VideoTests.test_invalid_raw_size_codec_header_and_empty_data) ... ok
test_raw_800_fragments_and_all_existing_video_goldens (test_video.VideoTests.test_raw_800_fragments_and_all_existing_video_goldens) ... ok
test_reject_crc_version_flags_reserved_and_fragment_length (test_video.VideoTests.test_reject_crc_version_flags_reserved_and_fragment_length) ... ok
test_wire_codec_exists (test_wire.WireAvailabilityTests.test_wire_codec_exists) ... ok
test_all_business_golden_fragments_byte_exact (test_wire.WireTests.test_all_business_golden_fragments_byte_exact) ... ok
test_can_transport_attributes_and_padding_rejected (test_wire.WireTests.test_can_transport_attributes_and_padding_rejected) ... ok
test_crc_and_truncation_rejected (test_wire.WireTests.test_crc_and_truncation_rejected) ... ok
test_crc_reference_check_values (test_wire.WireTests.test_crc_reference_check_values) ... ok
test_decode_every_logical_message_fragment (test_wire.WireTests.test_decode_every_logical_message_fragment) ... ok
test_integral_json_header_numbers_encode_without_struct_errors (test_wire.WireTests.test_integral_json_header_numbers_encode_without_struct_errors) ... ok
test_json_cannot_be_sent_over_can_and_no_unknown_transport (test_wire.WireTests.test_json_cannot_be_sent_over_can_and_no_unknown_transport) ... ok
test_udp_65536_byte_capacity_requires_a_576_byte_final_chunk (test_wire.WireTests.test_udp_65536_byte_capacity_requires_a_576_byte_final_chunk) ... ok
test_udp_fragment_indexes_counts_and_payload_lengths (test_wire.WireTests.test_udp_fragment_indexes_counts_and_payload_lengths) ... ok
test_udp_magic_version_flags_reserved_and_ids (test_wire.WireTests.test_udp_magic_version_flags_reserved_and_ids) ... ok
test_wire_headers_checked_before_payload_reassembly (test_wire.WireTests.test_wire_headers_checked_before_payload_reassembly) ... ok
test_every_formal_fragment_retains_payload_layout (test_wire_rewrite.RewriteTests.test_every_formal_fragment_retains_payload_layout) ... ok
test_invalid_original_or_header_never_rewritten (test_wire_rewrite.RewriteTests.test_invalid_original_or_header_never_rewritten) ... ok
test_rewrite_exists (test_wire_rewrite.RewriteTests.test_rewrite_exists) ... ok

----------------------------------------------------------------------
Ran 67 tests in 28.242s

OK
WARNING: No libpcap provider available ! pcap won't be used
test_all_97_registered_probe_bindings_cover_105_scalar_array_values (test_assertion.AssertionTests.test_all_97_registered_probe_bindings_cover_105_scalar_array_values) ... ok
test_all_eight_numeric_operators_use_frozen_mathematical_meanings (test_assertion.AssertionTests.test_all_eight_numeric_operators_use_frozen_mathematical_meanings) ... ok
test_all_scene_root_wait_assert_specs_compiled_and_bad_probe_path_rejected (test_assertion.AssertionTests.test_all_scene_root_wait_assert_specs_compiled_and_bad_probe_path_rejected) ... ok
test_assert_ordinary_mismatch_is_terminal_and_success_needs_all_samples (test_assertion.AssertionTests.test_assert_ordinary_mismatch_is_terminal_and_success_needs_all_samples) ... ok
test_bool_string_exact_type_and_no_order_or_tolerance (test_assertion.AssertionTests.test_bool_string_exact_type_and_no_order_or_tolerance) ... ok
test_bounded_records_preflight_and_drain_do_not_reset_highwater_or_state (test_assertion.AssertionTests.test_bounded_records_preflight_and_drain_do_not_reset_highwater_or_state) ... ok
test_deadline_observation_is_not_counted_or_recorded (test_assertion.AssertionTests.test_deadline_observation_is_not_counted_or_recorded) ... ok
test_duplicate_sequence_backward_step_and_poll_cannot_create_samples (test_assertion.AssertionTests.test_duplicate_sequence_backward_step_and_poll_cannot_create_samples) ... ok
test_eventually_and_wait_reset_consecutive_samples_and_do_not_freeze_model (test_assertion.AssertionTests.test_eventually_and_wait_reset_consecutive_samples_and_do_not_freeze_model) ... ok
test_frozen_probe_model_target_array_index_and_expected_type (test_assertion.AssertionTests.test_frozen_probe_model_target_array_index_and_expected_type) ... ok
test_half_open_timeout_empty_window_and_uint32_overflow (test_assertion.AssertionTests.test_half_open_timeout_empty_window_and_uint32_overflow) ... ok
test_numeric_observations_reject_bool_nonfinite_containers_and_strings (test_assertion.AssertionTests.test_numeric_observations_reject_bool_nonfinite_containers_and_strings) ... ok
test_original_observation_bytes_and_capacity_failure_preserve_state (test_assertion.AssertionTests.test_original_observation_bytes_and_capacity_failure_preserve_state) ... ok
test_spec_snapshot_is_detached_and_preserves_signed_zero (test_assertion.AssertionTests.test_spec_snapshot_is_detached_and_preserves_signed_zero) ... ok
test_strict_timing_count_constructor_and_observation_types (test_assertion.AssertionTests.test_strict_timing_count_constructor_and_observation_types) ... ok
test_window_rule_mode_and_deadline_cannot_be_reassigned (test_assertion.AssertionTests.test_window_rule_mode_and_deadline_cannot_be_reassigned) ... ok
test_actual_samples_comparisons_lifecycle_continue_during_save (test_assertion_evidence_recorder.AssertionRecorderTests.test_actual_samples_comparisons_lifecycle_continue_during_save) ... ok
test_capacity_failure_preserves_samples_and_no_worker (test_assertion_evidence_recorder.AssertionRecorderTests.test_capacity_failure_preserves_samples_and_no_worker) ... ok
test_codec_preserves_raw_provenance_and_rejects_null_required_fields (test_assertion_evidence_recorder.AssertionRecorderTests.test_codec_preserves_raw_provenance_and_rejects_null_required_fields) ... ok
test_codec_uint64_times_and_status_identity_are_lossless_and_strict (test_assertion_evidence_recorder.AssertionRecorderTests.test_codec_uint64_times_and_status_identity_are_lossless_and_strict) ... ok
test_equal_plan_replacement_rejected_before_assertion_begin (test_assertion_evidence_recorder.AssertionRecorderTests.test_equal_plan_replacement_rejected_before_assertion_begin) ... ok
test_failure_terminal_retains_begin_and_error_once (test_assertion_evidence_recorder.AssertionRecorderTests.test_failure_terminal_retains_begin_and_error_once) ... ok
test_first_overflow_is_persisted_without_qualification (test_assertion_evidence_recorder.AssertionRecorderTests.test_first_overflow_is_persisted_without_qualification) ... ok
test_format_three_cannot_contain_assertion_rows (test_assertion_evidence_recorder.AssertionRecorderTests.test_format_three_cannot_contain_assertion_rows) ... ok
test_handler_lock_and_replacement_refuse_without_worker_or_reclaim (test_assertion_evidence_recorder.AssertionRecorderTests.test_handler_lock_and_replacement_refuse_without_worker_or_reclaim) ... ok
test_live_recording_cannot_silently_detach_status_sampling (test_assertion_evidence_recorder.AssertionRecorderTests.test_live_recording_cannot_silently_detach_status_sampling) ... ok
test_local_close_lists_unsaved_lifecycle_without_faking_result (test_assertion_evidence_recorder.AssertionRecorderTests.test_local_close_lists_unsaved_lifecycle_without_faking_result) ... ok
test_required_explicit_actual_assertion_owner_entry (test_assertion_evidence_recorder.AssertionRecorderTests.test_required_explicit_actual_assertion_owner_entry) ... ok
test_sample_replacement_does_not_allow_partial_reclaim (test_assertion_evidence_recorder.AssertionRecorderTests.test_sample_replacement_does_not_allow_partial_reclaim) ... ok
test_actual_corrupt_native_frame_kept_and_not_applied (test_can_signal.CANSignalTests.test_actual_corrupt_native_frame_kept_and_not_applied) ... ok
test_actual_original_can_group_and_immutable_attempts (test_can_signal.CANSignalTests.test_actual_original_can_group_and_immutable_attempts) ... ok
test_all_eleven_inputs_all_models_original_full_groups (test_can_signal.CANSignalTests.test_all_eleven_inputs_all_models_original_full_groups) ... ok
test_all_four_formal_can_channels_map_original_library_groups (test_can_signal.CANSignalTests.test_all_four_formal_can_channels_map_original_library_groups) ... ok
test_attached_dispatcher_prevents_send_close_and_bypass (test_can_signal.CANSignalTests.test_attached_dispatcher_prevents_send_close_and_bypass) ... ok
test_bus_failure_keeps_original_attempt_and_does_not_retry (test_can_signal.CANSignalTests.test_bus_failure_keeps_original_attempt_and_does_not_retry) ... ok
test_cached_heartbeat_renews_at_acceptance_not_later_delivery (test_can_signal.CANSignalTests.test_cached_heartbeat_renews_at_acceptance_not_later_delivery) ... ok
test_capacity_checked_for_whole_group_before_first_tx (test_can_signal.CANSignalTests.test_capacity_checked_for_whole_group_before_first_tx) ... ok
test_close_failure_retries_same_actual_bus (test_can_signal.CANSignalTests.test_close_failure_retries_same_actual_bus) ... ok
test_close_retry_stops_original_periodic_task_after_shutdown_flag_set (test_can_signal.CANSignalTests.test_close_retry_stops_original_periodic_task_after_shutdown_flag_set) ... ok
test_current_role_capability_and_released_token_checked_before_tx (test_can_signal.CANSignalTests.test_current_role_capability_and_released_token_checked_before_tx) ... ok
test_discarded_actual_pending_plan_can_retire_without_forged_identity (test_can_signal.CANSignalTests.test_discarded_actual_pending_plan_can_retire_without_forged_identity) ... ok
test_drain_preserves_complete_tx_context_and_counter_order (test_can_signal.CANSignalTests.test_drain_preserves_complete_tx_context_and_counter_order) ... ok
test_factory_revocation_keeps_opened_native_bus_owned_until_close (test_can_signal.CANSignalTests.test_factory_revocation_keeps_opened_native_bus_owned_until_close) ... ok
test_fresh_actual_heartbeat_status_renews_from_original_tx_only (test_can_signal.CANSignalTests.test_fresh_actual_heartbeat_status_renews_from_original_tx_only) ... ok
test_full_tx_pool_requires_reserved_failure_slot_before_send (test_can_signal.CANSignalTests.test_full_tx_pool_requires_reserved_failure_slot_before_send) ... ok
test_heartbeat_transaction_cannot_be_reused_after_retirement (test_can_signal.CANSignalTests.test_heartbeat_transaction_cannot_be_reused_after_retirement) ... ok
test_held_session_operation_blocks_other_thread_send_and_close (test_can_signal.CANSignalTests.test_held_session_operation_blocks_other_thread_send_and_close) ... ok
test_invalid_native_metadata_keeps_original_received_wire_bytes (test_can_signal.CANSignalTests.test_invalid_native_metadata_keeps_original_received_wire_bytes) ... ok
test_local_close_preserves_records_reservation_without_remote_safety (test_can_signal.CANSignalTests.test_local_close_preserves_records_reservation_without_remote_safety) ... ok
test_local_retire_frees_capacity_not_wire_authorization_or_reservation (test_can_signal.CANSignalTests.test_local_retire_frees_capacity_not_wire_authorization_or_reservation) ... ok
test_missing_socketcan_default_never_falls_back (test_can_signal.CANSignalTests.test_missing_socketcan_default_never_falls_back) ... ok
test_native_feedback_for_other_pending_group_is_retained_not_lost (test_can_signal.CANSignalTests.test_native_feedback_for_other_pending_group_is_retained_not_lost) ... ok
test_native_receive_failure_retains_bounded_original_request_evidence (test_can_signal.CANSignalTests.test_native_receive_failure_retains_bounded_original_request_evidence) ... ok
test_native_socketcan_close_retry_keeps_original_bcm_and_raw_cleanup (test_can_signal.CANSignalTests.test_native_socketcan_close_retry_keeps_original_bcm_and_raw_cleanup) ... socket.CMSG_SPACE not available on this platform
ok
test_non_none_backend_return_records_unknown_result_and_fails (test_can_signal.CANSignalTests.test_non_none_backend_return_records_unknown_result_and_fails) ... ok
test_one_native_feedback_owner_per_reservation_and_actual_bus (test_can_signal.CANSignalTests.test_one_native_feedback_owner_per_reservation_and_actual_bus) ... ok
test_original_role_revocation_after_native_tx_retains_actual_attempt (test_can_signal.CANSignalTests.test_original_role_revocation_after_native_tx_retains_actual_attempt) ... ok
test_partial_group_expiry_before_next_frame_records_group_failure (test_can_signal.CANSignalTests.test_partial_group_expiry_before_next_frame_records_group_failure) ... ok
test_post_tx_expiry_retains_actual_queued_frame (test_can_signal.CANSignalTests.test_post_tx_expiry_retains_actual_queued_frame) ... ok
test_receive_delay_expiry_does_not_allocate_half_group (test_can_signal.CANSignalTests.test_receive_delay_expiry_does_not_allocate_half_group) ... ok
test_released_reservation_does_not_free_still_open_native_backend (test_can_signal.CANSignalTests.test_released_reservation_does_not_free_still_open_native_backend) ... ok
test_replacement_builder_does_not_reset_session_can_transmit_sequence_floor (test_can_signal.CANSignalTests.test_replacement_builder_does_not_reset_session_can_transmit_sequence_floor) ... ok
test_replacement_builder_preserves_session_heartbeat_transaction_history (test_can_signal.CANSignalTests.test_replacement_builder_preserves_session_heartbeat_transaction_history) ... ok
test_rx_timeout_and_expired_lease_do_not_create_applied (test_can_signal.CANSignalTests.test_rx_timeout_and_expired_lease_do_not_create_applied) ... ok
test_second_sender_cannot_replay_attempt_after_success_or_partial_failure (test_can_signal.CANSignalTests.test_second_sender_cannot_replay_attempt_after_success_or_partial_failure) ... ok
test_sender_replacement_after_close_keeps_shared_attempt_history (test_can_signal.CANSignalTests.test_sender_replacement_after_close_keeps_shared_attempt_history) ... ok
test_signed_zero_original_can_bytes_not_normalized (test_can_signal.CANSignalTests.test_signed_zero_original_can_bytes_not_normalized) ... ok
test_standard_can_feedback_matches_actual_full_tx_and_global_highwater (test_can_signal.CANSignalTests.test_standard_can_feedback_matches_actual_full_tx_and_global_highwater) ... ok
test_strict_limits_timeouts_and_original_binding (test_can_signal.CANSignalTests.test_strict_limits_timeouts_and_original_binding) ... ok
test_untransmitted_or_forged_plan_cannot_read_or_send (test_can_signal.CANSignalTests.test_untransmitted_or_forged_plan_cannot_read_or_send) ... ok
test_bad_ip_transport_checksum_fragment_or_lengths_are_rejected (test_capture.CaptureTests.test_bad_ip_transport_checksum_fragment_or_lengths_are_rejected) ... ok
test_can_log_malformed_precision_flags_and_lengths_rejected (test_capture.CaptureTests.test_can_log_malformed_precision_flags_and_lengths_rejected) ... ok
test_can_log_original_tool_parses_can_and_fd_with_exact_unix_ns (test_capture.CaptureTests.test_can_log_original_tool_parses_can_and_fd_with_exact_unix_ns) ... ok
test_can_log_preserves_remote_extended_error_and_esi_for_later_qualification (test_capture.CaptureTests.test_can_log_preserves_remote_extended_error_and_esi_for_later_qualification) ... ok
test_can_log_rejects_raw_rtr_flags_with_fd_or_data (test_capture.CaptureTests.test_can_log_rejects_raw_rtr_flags_with_fd_or_data) ... ok
test_capture_bytes_packet_limits_and_invalid_limit_types (test_capture.CaptureTests.test_capture_bytes_packet_limits_and_invalid_limit_types) ... ok
test_classic_len8_dlc_is_explicitly_unsupported_not_invalid_reserved_data (test_capture.CaptureTests.test_classic_len8_dlc_is_explicitly_unsupported_not_invalid_reserved_data) ... ok
test_container_results_are_immutable_keep_original_order_and_never_executable (test_capture.CaptureTests.test_container_results_are_immutable_keep_original_order_and_never_executable) ... ok
test_error_frames_require_classic_can_eight_bytes_and_no_rtr (test_capture.CaptureTests.test_error_frames_require_classic_can_eight_bytes_and_no_rtr) ... ok
test_malformed_container_or_trailing_bytes_never_become_eof_success (test_capture.CaptureTests.test_malformed_container_or_trailing_bytes_never_become_eof_success) ... ok
test_metadata_only_sections_have_an_independent_capacity_bound (test_capture.CaptureTests.test_metadata_only_sections_have_an_independent_capacity_bound) ... ok
test_metadata_options_and_interfaces_have_independent_capacity_bounds (test_capture.CaptureTests.test_metadata_options_and_interfaces_have_independent_capacity_bounds) ... ok
test_parser_exists (test_capture.CaptureTests.test_parser_exists) ... ok
test_pcap_all_endian_and_micro_nano_timestamp_combinations (test_capture.CaptureTests.test_pcap_all_endian_and_micro_nano_timestamp_combinations) ... ok
test_pcap_and_ng_wire_truncation_is_preserved_not_fabricated (test_capture.CaptureTests.test_pcap_and_ng_wire_truncation_is_preserved_not_fabricated) ... ok
test_pcap_ng_actual_drop_metadata_is_preserved (test_capture.CaptureTests.test_pcap_ng_actual_drop_metadata_is_preserved) ... ok
test_pcap_ng_exact_offset_binary_resolution_and_direction (test_capture.CaptureTests.test_pcap_ng_exact_offset_binary_resolution_and_direction) ... ok
test_pcap_ng_multi_interface_and_multiple_sections_do_not_share_clock_domain (test_capture.CaptureTests.test_pcap_ng_multi_interface_and_multiple_sections_do_not_share_clock_domain) ... ok
test_pcap_ng_sub_ns_timestamp_and_overflow_rejected_without_rounding (test_capture.CaptureTests.test_pcap_ng_sub_ns_timestamp_and_overflow_rejected_without_rounding) ... ok
test_pcap_ng_unknown_interface_duplicate_option_and_no_timestamp_block_fail_closed (test_capture.CaptureTests.test_pcap_ng_unknown_interface_duplicate_option_and_no_timestamp_block_fail_closed) ... ok
test_pcap_timestamp_caplen_snaplen_and_version_are_validated (test_capture.CaptureTests.test_pcap_timestamp_caplen_snaplen_and_version_are_validated) ... ok
test_socketcan_metadata_and_length_are_preserved_for_later_formal_gate (test_capture.CaptureTests.test_socketcan_metadata_and_length_are_preserved_for_later_formal_gate) ... ok
test_unknown_linktype_and_format_mismatch_are_not_inferred_from_filename (test_capture.CaptureTests.test_unknown_linktype_and_format_mismatch_are_not_inferred_from_filename) ... ok
test_vlan_tcp_and_zero_udp_checksum_are_explicit_analysis_metadata (test_capture.CaptureTests.test_vlan_tcp_and_zero_udp_checksum_are_explicit_analysis_metadata) ... ok
test_checked_in_development_config_uses_defined_endpoint_roles (test_cli.CLITests.test_checked_in_development_config_uses_defined_endpoint_roles) ... ok
test_config_rejects_unknown_fields_and_formal_mode_without_release (test_cli.CLITests.test_config_rejects_unknown_fields_and_formal_mode_without_release) ... ok
test_gateway_config_exists (test_cli.CLITests.test_gateway_config_exists) ... ok
test_independent_gateway_and_source_processes_exchange_formal_wire (test_cli.CLITests.test_independent_gateway_and_source_processes_exchange_formal_wire) ... ok
test_one_common_source_with_no_os_or_mock_real_dispatch (test_cli.CLITests.test_one_common_source_with_no_os_or_mock_real_dispatch) ... ok
test_wrong_hash_refuses_service_startup (test_cli.CLITests.test_wrong_hash_refuses_service_startup) ... ok
test_actual_udp_source_receives_original_configuration_consumer_applied (test_configuration_service.ConfigurationServiceTests.test_actual_udp_source_receives_original_configuration_consumer_applied) ... ok
test_applied_configuration_state_and_input_readback_must_match_every_field (test_configuration_service.ConfigurationServiceTests.test_applied_configuration_state_and_input_readback_must_match_every_field) ... ok
test_busy_status_cannot_partially_close_installed_configuration_service (test_configuration_service.ConfigurationServiceTests.test_busy_status_cannot_partially_close_installed_configuration_service) ... ok
test_byte_budget_refuses_before_read_and_write (test_configuration_service.ConfigurationServiceTests.test_byte_budget_refuses_before_read_and_write) ... ok
test_complete_three_model_receipts_on_frozen_udp_transport (test_configuration_service.ConfigurationServiceTests.test_complete_three_model_receipts_on_frozen_udp_transport) ... ok
test_configuration_keeps_frozen_udp_only_transport (test_configuration_service.ConfigurationServiceTests.test_configuration_keeps_frozen_udp_only_transport) ... ok
test_context_and_receipt_are_strict_immutable_bounded_samples (test_configuration_service.ConfigurationServiceTests.test_context_and_receipt_are_strict_immutable_bounded_samples) ... ok
test_context_expiry_during_getter_cannot_write (test_configuration_service.ConfigurationServiceTests.test_context_expiry_during_getter_cannot_write) ... ok
test_default_receiver_does_not_publish_or_apply_configuration (test_configuration_service.ConfigurationServiceTests.test_default_receiver_does_not_publish_or_apply_configuration) ... ok
test_exact_retry_keeps_original_terminal_feedback_without_read_write_or_renewal (test_configuration_service.ConfigurationServiceTests.test_exact_retry_keeps_original_terminal_feedback_without_read_write_or_renewal) ... ok
test_failed_maximum_receipt_reservation_cannot_exceed_history_budget (test_configuration_service.ConfigurationServiceTests.test_failed_maximum_receipt_reservation_cannot_exceed_history_budget) ... ok
test_feedback_counter_limit_refuses_write (test_configuration_service.ConfigurationServiceTests.test_feedback_counter_limit_refuses_write) ... ok
test_forged_direct_configuration_completion_is_refused_outside_original_operation (test_configuration_service.ConfigurationServiceTests.test_forged_direct_configuration_completion_is_refused_outside_original_operation) ... ok
test_history_reservation_precedes_getter_and_preserves_first_record (test_configuration_service.ConfigurationServiceTests.test_history_reservation_precedes_getter_and_preserves_first_record) ... ok
test_installed_capability_is_only_consumer_not_hardware_qualification (test_configuration_service.ConfigurationServiceTests.test_installed_capability_is_only_consumer_not_hardware_qualification) ... ok
test_invalid_raw_readback_is_retained_and_failure_retry_never_rewrites (test_configuration_service.ConfigurationServiceTests.test_invalid_raw_readback_is_retained_and_failure_retry_never_rewrites) ... ok
test_invalid_semantics_reject_before_write_and_keep_context (test_configuration_service.ConfigurationServiceTests.test_invalid_semantics_reject_before_write_and_keep_context) ... ok
test_late_or_throwing_writer_retains_completion_without_claiming_no_effect (test_configuration_service.ConfigurationServiceTests.test_late_or_throwing_writer_retains_completion_without_claiming_no_effect) ... ok
test_missing_backend_and_unhashable_model_ids_are_typed_errors (test_configuration_service.ConfigurationServiceTests.test_missing_backend_and_unhashable_model_ids_are_typed_errors) ... ok
test_ordinary_session_layer_still_cannot_forge_consumer_applied (test_configuration_service.ConfigurationServiceTests.test_ordinary_session_layer_still_cannot_forge_consumer_applied) ... ok
test_owner_replacement_after_context_read_refuses_before_write (test_configuration_service.ConfigurationServiceTests.test_owner_replacement_after_context_read_refuses_before_write) ... ok
test_real_model_queue_pending_inputs_are_not_silently_discarded_for_configuration (test_configuration_service.ConfigurationServiceTests.test_real_model_queue_pending_inputs_are_not_silently_discarded_for_configuration) ... ok
test_receipt_state_control_boundary_and_future_sampling_fail_closed (test_configuration_service.ConfigurationServiceTests.test_receipt_state_control_boundary_and_future_sampling_fail_closed) ... ok
test_throwing_getter_retains_original_error_and_actual_completion_without_write (test_configuration_service.ConfigurationServiceTests.test_throwing_getter_retains_original_error_and_actual_completion_without_write) ... ok
test_unsafe_initial_input_and_unresolved_terrain_cannot_write (test_configuration_service.ConfigurationServiceTests.test_unsafe_initial_input_and_unresolved_terrain_cannot_write) ... ok
test_wrong_original_request_or_receipt_identity_cannot_mint_applied (test_configuration_service.ConfigurationServiceTests.test_wrong_original_request_or_receipt_identity_cannot_mint_applied) ... ok
test_actual_can_command_and_udp_share_one_lease_observation (test_control_lease.ControlLeaseSocketTests.test_actual_can_command_and_udp_share_one_lease_observation) ... ok
test_actual_interleaved_owner_replies_keep_latest_attempt_only (test_control_lease.ControlLeaseSocketTests.test_actual_interleaved_owner_replies_keep_latest_attempt_only) ... ok
test_actual_udp_validated_command_extends_same_original_lease (test_control_lease.ControlLeaseSocketTests.test_actual_udp_validated_command_extends_same_original_lease) ... ok
test_earlier_heartbeat_conflict_permanently_revokes_applied_owner (test_control_lease.ControlLeaseSocketTests.test_earlier_heartbeat_conflict_permanently_revokes_applied_owner) ... ok
test_fresh_conflicting_status_revokes_even_if_clock_cache_keeps_newer_request (test_control_lease.ControlLeaseSocketTests.test_fresh_conflicting_status_revokes_even_if_clock_cache_keeps_newer_request) ... ok
test_pending_owner_ack_cannot_undo_later_safety_status (test_control_lease.ControlLeaseSocketTests.test_pending_owner_ack_cannot_undo_later_safety_status) ... ok
test_pending_owner_source_conflict_requires_a_new_owner_exchange (test_control_lease.ControlLeaseSocketTests.test_pending_owner_source_conflict_requires_a_new_owner_exchange) ... ok
test_abandon_and_new_sid_never_adopt_previous_lease (test_control_lease.ControlLeaseTests.test_abandon_and_new_sid_never_adopt_previous_lease) ... ok
test_applied_owner_cannot_establish_from_an_active_safety_status (test_control_lease.ControlLeaseTests.test_applied_owner_cannot_establish_from_an_active_safety_status) ... ok
test_control_capture_requires_actual_source_operation_owner (test_control_lease.ControlLeaseTests.test_control_capture_requires_actual_source_operation_owner) ... ok
test_control_deadline_exact_boundary_and_heartbeat_do_not_renew (test_control_lease.ControlLeaseTests.test_control_deadline_exact_boundary_and_heartbeat_do_not_renew) ... ok
test_control_permission_failure_revokes_existing_lease (test_control_lease.ControlLeaseTests.test_control_permission_failure_revokes_existing_lease) ... ok
test_control_reader_does_not_transmit_allocate_or_drain (test_control_lease.ControlLeaseTests.test_control_reader_does_not_transmit_allocate_or_drain) ... ok
test_drain_and_reader_replacement_never_reset_deadline (test_control_lease.ControlLeaseTests.test_drain_and_reader_replacement_never_reset_deadline) ... ok
test_duplicate_command_feedback_cannot_renew_again (test_control_lease.ControlLeaseTests.test_duplicate_command_feedback_cannot_renew_again) ... ok
test_exact_applied_owner_retains_original_provenance_without_qualification (test_control_lease.ControlLeaseTests.test_exact_applied_owner_retains_original_provenance_without_qualification) ... ok
test_expired_lease_cannot_be_recreated_by_late_command_ack (test_control_lease.ControlLeaseTests.test_expired_lease_cannot_be_recreated_by_late_command_ack) ... ok
test_new_owner_attempt_invalidates_old_even_when_send_fails (test_control_lease.ControlLeaseTests.test_new_owner_attempt_invalidates_old_even_when_send_fails) ... ok
test_old_owner_reply_after_new_attempt_cannot_restore_old_lease (test_control_lease.ControlLeaseTests.test_old_owner_reply_after_new_attempt_cannot_restore_old_lease) ... ok
test_old_owner_reply_after_status_revocation_cannot_restore_old_lease (test_control_lease.ControlLeaseTests.test_old_owner_reply_after_status_revocation_cannot_restore_old_lease) ... ok
test_received_failed_environment_and_wrong_lane_never_renew (test_control_lease.ControlLeaseTests.test_received_failed_environment_and_wrong_lane_never_renew) ... ok
test_safety_lifecycle_attempt_revokes_before_reply (test_control_lease.ControlLeaseTests.test_safety_lifecycle_attempt_revokes_before_reply) ... ok
test_safety_status_and_changed_source_revoke_without_regain (test_control_lease.ControlLeaseTests.test_safety_status_and_changed_source_revoke_without_regain) ... ok
test_status_alone_cannot_invent_control_lease (test_control_lease.ControlLeaseTests.test_status_alone_cannot_invent_control_lease) ... ok
test_status_step_freshness_and_strict_expected_source_lane_are_required (test_control_lease.ControlLeaseTests.test_status_step_freshness_and_strict_expected_source_lane_are_required) ... ok
test_unpublished_or_received_owner_never_establishes_lease (test_control_lease.ControlLeaseTests.test_unpublished_or_received_owner_never_establishes_lease) ... ok
test_unpublished_owner_probe_never_establishes_lease (test_control_lease.ControlLeaseTests.test_unpublished_owner_probe_never_establishes_lease) ... ok
test_validated_matching_control_renews_from_first_tx_not_reply (test_control_lease.ControlLeaseTests.test_validated_matching_control_renews_from_first_tx_not_reply) ... ok
test_large_earlier_group_is_admitted_before_later_small_group (test_dispatch.ActualResourceDispatchTests.test_large_earlier_group_is_admitted_before_later_small_group) ... ok
test_lost_unadmitted_earlier_sequence_is_failed_not_silently_renumbered (test_dispatch.ActualResourceDispatchTests.test_lost_unadmitted_earlier_sequence_is_failed_not_silently_renumbered) ... ok
test_two_actual_worker_resources_interleaved_complete_without_model_claim (test_dispatch.ActualResourceDispatchTests.test_two_actual_worker_resources_interleaved_complete_without_model_claim) ... ok
test_actual_multi_inflight_out_of_order_feedback_and_terminal_records (test_dispatch.DispatcherTests.test_actual_multi_inflight_out_of_order_feedback_and_terminal_records) ... ok
test_auto_heartbeat_late_tick_rejected_not_catchup_and_records_are_immutable (test_dispatch.DispatcherTests.test_auto_heartbeat_late_tick_rejected_not_catchup_and_records_are_immutable) ... ok
test_capacity_before_allocation_and_local_close_releases_binding_not_remote_session (test_dispatch.DispatcherTests.test_capacity_before_allocation_and_local_close_releases_binding_not_remote_session) ... ok
test_clock_failure_after_actual_tx_keeps_wire_and_progress (test_dispatch.DispatcherTests.test_clock_failure_after_actual_tx_keeps_wire_and_progress) ... ok
test_clock_failure_still_cancels_locally_without_inventing_timestamp (test_dispatch.DispatcherTests.test_clock_failure_still_cancels_locally_without_inventing_timestamp) ... ok
test_deferred_heartbeat_checks_actual_tx_deadline (test_dispatch.DispatcherTests.test_deferred_heartbeat_checks_actual_tx_deadline) ... ok
test_final_resource_late_actual_feedback_is_retained_but_not_complete (test_dispatch.DispatcherTests.test_final_resource_late_actual_feedback_is_retained_but_not_complete) ... ok
test_heartbeat_keeps_conservative_session_live_during_resource_wait (test_dispatch.DispatcherTests.test_heartbeat_keeps_conservative_session_live_during_resource_wait) ... ok
test_lease_expiry_after_actual_tx_keeps_wire_but_fails_run (test_dispatch.DispatcherTests.test_lease_expiry_after_actual_tx_keeps_wire_but_fails_run) ... ok
test_lease_expiry_inside_poll_stops_before_actual_tx (test_dispatch.DispatcherTests.test_lease_expiry_inside_poll_stops_before_actual_tx) ... ok
test_nonfinal_resource_feedback_during_paced_retry_is_not_lost (test_dispatch.DispatcherTests.test_nonfinal_resource_feedback_during_paced_retry_is_not_lost) ... ok
test_received_is_not_terminal_and_unrelated_heartbeat_can_complete (test_dispatch.DispatcherTests.test_received_is_not_terminal_and_unrelated_heartbeat_can_complete) ... ok
test_record_capacity_preserves_existing_and_rejects_before_sequence (test_dispatch.DispatcherTests.test_record_capacity_preserves_existing_and_rejects_before_sequence) ... ok
test_reliable_four_original_attempts_periodic_one_and_timeout (test_dispatch.DispatcherTests.test_reliable_four_original_attempts_periodic_one_and_timeout) ... ok
test_interleaved_same_transaction_ack_matches_original_sequence (test_dispatch.MatchingTests.test_interleaved_same_transaction_ack_matches_original_sequence) ... ok
test_matching_list_is_bounded_strict_and_unique (test_dispatch.MatchingTests.test_matching_list_is_bounded_strict_and_unique) ... ok
test_matured_resource_reservations_do_not_burst_after_delayed_poll (test_dispatch.MatchingTests.test_matured_resource_reservations_do_not_burst_after_delayed_poll) ... ok
test_nonblocking_typed_feedback_does_not_drop_other_pending_request (test_dispatch.MatchingTests.test_nonblocking_typed_feedback_does_not_drop_other_pending_request) ... ok
test_all_declared_evidence_correlations_are_checked_and_bad_rows_retained (test_evidence.EvidenceTests.test_all_declared_evidence_correlations_are_checked_and_bad_rows_retained) ... ok
test_all_fourteen_feedback_messages_preserve_their_actual_udp_fragments (test_evidence.EvidenceTests.test_all_fourteen_feedback_messages_preserve_their_actual_udp_fragments) ... ok
test_capacity_preflight_does_not_read_queued_socket_datagram (test_evidence.EvidenceTests.test_capacity_preflight_does_not_read_queued_socket_datagram) ... ok
test_clock_failure_during_evidence_decode_preserves_original_failed_claim (test_evidence.EvidenceTests.test_clock_failure_during_evidence_decode_preserves_original_failed_claim) ... ok
test_collection_cannot_be_enabled_on_closed_actual_socket (test_evidence.EvidenceTests.test_collection_cannot_be_enabled_on_closed_actual_socket) ... ok
test_collection_constructor_limits_remain_strict_and_atomic (test_evidence.EvidenceTests.test_collection_constructor_limits_remain_strict_and_atomic) ... ok
test_drain_preserves_request_context_and_feedback_highwater (test_evidence.EvidenceTests.test_drain_preserves_request_context_and_feedback_highwater) ... ok
test_duplicate_original_evidence_is_idempotent_but_conflict_and_stale_not_accepted (test_evidence.EvidenceTests.test_duplicate_original_evidence_is_idempotent_but_conflict_and_stale_not_accepted) ... ok
test_enable_is_single_owner_close_preserves_records_not_remote_cleanup (test_evidence.EvidenceTests.test_enable_is_single_owner_close_preserves_records_not_remote_cleanup) ... ok
test_fragmented_evidence_keeps_actual_arrival_bytes_and_decodes_in_reverse (test_evidence.EvidenceTests.test_fragmented_evidence_keeps_actual_arrival_bytes_and_decodes_in_reverse) ... ok
test_inbox_exists_and_actual_evidence_is_observation_not_ack_or_model_success (test_evidence.EvidenceTests.test_inbox_exists_and_actual_evidence_is_observation_not_ack_or_model_success) ... ok
test_lease_expiry_during_actual_evidence_decode_is_rejected_before_highwater (test_evidence.EvidenceTests.test_lease_expiry_during_actual_evidence_decode_is_rejected_before_highwater) ... ok
test_not_actually_transmitted_or_wrong_header_cannot_be_watched (test_evidence.EvidenceTests.test_not_actually_transmitted_or_wrong_header_cannot_be_watched) ... ok
test_oversized_datagram_keeps_all_original_bytes_not_truncated_prefix (test_evidence.EvidenceTests.test_oversized_datagram_keeps_all_original_bytes_not_truncated_prefix) ... ok
test_packed_signed_zero_uses_actual_payload_bytes_not_canonicalized_request (test_evidence.EvidenceTests.test_packed_signed_zero_uses_actual_payload_bytes_not_canonicalized_request) ... ok
test_partial_actual_resource_tx_group_cannot_qualify_evidence_correlation (test_evidence.EvidenceTests.test_partial_actual_resource_tx_group_cannot_qualify_evidence_correlation) ... ok
test_public_drain_cannot_race_the_single_socket_owner (test_evidence.EvidenceTests.test_public_drain_cannot_race_the_single_socket_owner) ... ok
test_public_inbox_close_detaches_collection_without_breaking_normal_ack (test_evidence.EvidenceTests.test_public_inbox_close_detaches_collection_without_breaking_normal_ack) ... ok
test_published_consumer_e2_claim_is_correlated_but_never_qualified_locally (test_evidence.EvidenceTests.test_published_consumer_e2_claim_is_correlated_but_never_qualified_locally) ... ok
test_raw_wrong_peer_and_bad_crc_are_retained_without_evidence_match (test_evidence.EvidenceTests.test_raw_wrong_peer_and_bad_crc_are_retained_without_evidence_match) ... ok
test_standard_evidence_after_terminal_ack_is_still_collected_without_pending (test_evidence.EvidenceTests.test_standard_evidence_after_terminal_ack_is_still_collected_without_pending) ... ok
test_unpublished_other_model_and_input_as_e3_probes_are_rejected (test_evidence.EvidenceTests.test_unpublished_other_model_and_input_as_e3_probes_are_rejected) ... ok
test_unwatch_original_context_after_ack_does_not_reset_sequences (test_evidence.EvidenceTests.test_unwatch_original_context_after_ack_does_not_reset_sequences) ... ok
test_watch_invalid_bounds_stage_strings_and_opaque_identity (test_evidence.EvidenceTests.test_watch_invalid_bounds_stage_strings_and_opaque_identity) ... ok
test_watch_limits_duplicates_and_strict_parameters_fail_without_tx (test_evidence.EvidenceTests.test_watch_limits_duplicates_and_strict_parameters_fail_without_tx) ... ok
test_actual_bad_crc_and_full_oversize_datagrams_are_saved_byte_exact (test_evidence_archive.ArchiveTests.test_actual_bad_crc_and_full_oversize_datagrams_are_saved_byte_exact) ... ok
test_actual_new_directory_readback_and_existing_directory_not_overwritten (test_evidence_archive.ArchiveTests.test_actual_new_directory_readback_and_existing_directory_not_overwritten) ... ok
test_actual_snapshot_roundtrips_all_original_records_without_drain_or_qualification (test_evidence_archive.ArchiveTests.test_actual_snapshot_roundtrips_all_original_records_without_drain_or_qualification) ... ok
test_closed_inbox_and_dispatcher_failure_records_remain_archivable (test_evidence_archive.ArchiveTests.test_closed_inbox_and_dispatcher_failure_records_remain_archivable) ... ok
test_corrupt_readback_never_publishes_manifest (test_evidence_archive.ArchiveTests.test_corrupt_readback_never_publishes_manifest) ... ok
test_directory_inventory_rejects_extra_entry_without_unbounded_scan (test_evidence_archive.ArchiveTests.test_directory_inventory_rejects_extra_entry_without_unbounded_scan) ... ok
test_exact_record_and_byte_bounds_and_strict_limit_types (test_evidence_archive.ArchiveTests.test_exact_record_and_byte_bounds_and_strict_limit_types) ... ok
test_explicit_run_identity_is_not_a_path_or_current_authorization (test_evidence_archive.ArchiveTests.test_explicit_run_identity_is_not_a_path_or_current_authorization) ... ok
test_foreign_inbox_rejected_before_snapshot (test_evidence_archive.ArchiveTests.test_foreign_inbox_rejected_before_snapshot) ... ok
test_fsync_or_publication_failure_retains_incomplete_directory_and_memory (test_evidence_archive.ArchiveTests.test_fsync_or_publication_failure_retains_incomplete_directory_and_memory) ... ok
test_invalid_archive_cannot_create_owned_directory (test_evidence_archive.ArchiveTests.test_invalid_archive_cannot_create_owned_directory) ... ok
test_local_source_close_keeps_failed_history_archivable_without_live_grant (test_evidence_archive.ArchiveTests.test_local_source_close_keeps_failed_history_archivable_without_live_grant) ... ok
test_no_inbox_snapshot_never_invents_missing_original_rx (test_evidence_archive.ArchiveTests.test_no_inbox_snapshot_never_invents_missing_original_rx) ... ok
test_readback_size_limit_and_record_limit_are_fail_closed (test_evidence_archive.ArchiveTests.test_readback_size_limit_and_record_limit_are_fail_closed) ... ok
test_rehashed_unknown_record_fields_and_bad_base64_are_not_accepted (test_evidence_archive.ArchiveTests.test_rehashed_unknown_record_fields_and_bad_base64_are_not_accepted) ... ok
test_snapshot_is_detached_immutable_and_keeps_new_records_out (test_evidence_archive.ArchiveTests.test_snapshot_is_detached_immutable_and_keeps_new_records_out) ... ok
test_source_and_dispatcher_owner_locks_reject_concurrent_snapshot (test_evidence_archive.ArchiveTests.test_source_and_dispatcher_owner_locks_reject_concurrent_snapshot) ... ok
test_symbolic_archive_file_rejected_before_reading_contents (test_evidence_archive.ArchiveTests.test_symbolic_archive_file_rejected_before_reading_contents) ... ok
test_tampered_missing_or_extra_files_and_wrong_baseline_fail_readback (test_evidence_archive.ArchiveTests.test_tampered_missing_or_extra_files_and_wrong_baseline_fail_readback) ... ok
test_uint64_strings_and_packed_negative_zero_bytes_not_normalized (test_evidence_archive.ArchiveTests.test_uint64_strings_and_packed_negative_zero_bytes_not_normalized) ... ok
test_actual_background_persistence_reclaims_only_saved_original_prefix (test_evidence_recorder.RecorderTests.test_actual_background_persistence_reclaims_only_saved_original_prefix) ... ok
test_chain_capacity_and_uncommitted_tail_fail_closed (test_evidence_recorder.RecorderTests.test_chain_capacity_and_uncommitted_tail_fail_closed) ... ok
test_chain_rejects_missing_reordered_or_rehashed_foreign_identity_counts_and_flags (test_evidence_recorder.RecorderTests.test_chain_rejects_missing_reordered_or_rehashed_foreign_identity_counts_and_flags) ... ok
test_chain_trusted_anchor_types_are_strict_and_missing_half_anchor_rejected (test_evidence_recorder.RecorderTests.test_chain_trusted_anchor_types_are_strict_and_missing_half_anchor_rejected) ... ok
test_close_checkpoint_and_reader_are_included_in_total_byte_budget (test_evidence_recorder.RecorderTests.test_close_checkpoint_and_reader_are_included_in_total_byte_budget) ... ok
test_close_owner_busy_after_checkpoint_retries_detach_without_rewriting (test_evidence_recorder.RecorderTests.test_close_owner_busy_after_checkpoint_retries_detach_without_rewriting) ... ok
test_closed_checkpoint_strict_counts_flags_and_hash_reject_even_matching_pending (test_evidence_recorder.RecorderTests.test_closed_checkpoint_strict_counts_flags_and_hash_reject_even_matching_pending) ... ok
test_closed_recording_checkpoint_failure_keeps_memory_and_explicit_close_error (test_evidence_recorder.RecorderTests.test_closed_recording_checkpoint_failure_keeps_memory_and_explicit_close_error) ... ok
test_deleted_final_segment_requires_trusted_count_tip_or_local_close_anchor (test_evidence_recorder.RecorderTests.test_deleted_final_segment_requires_trusted_count_tip_or_local_close_anchor) ... ok
test_duplicate_owner_invalid_limits_and_existing_root_do_not_replace_recording (test_evidence_recorder.RecorderTests.test_duplicate_owner_invalid_limits_and_existing_root_do_not_replace_recording) ... ok
test_equal_record_replacement_after_snapshot_is_not_a_trusted_identity_prefix (test_evidence_recorder.RecorderTests.test_equal_record_replacement_after_snapshot_is_not_a_trusted_identity_prefix) ... ok
test_limits_fail_before_worker_start_or_any_reclaim (test_evidence_recorder.RecorderTests.test_limits_fail_before_worker_start_or_any_reclaim) ... ok
test_local_close_reports_unsaved_records_and_releases_only_local_drain_guard (test_evidence_recorder.RecorderTests.test_local_close_reports_unsaved_records_and_releases_only_local_drain_guard) ... ok
test_maximum_segments_rejects_later_flush_without_losing_new_rx (test_evidence_recorder.RecorderTests.test_maximum_segments_rejects_later_flush_without_losing_new_rx) ... ok
test_original_recorder_prevents_replacing_closed_dispatcher_until_detached (test_evidence_recorder.RecorderTests.test_original_recorder_prevents_replacing_closed_dispatcher_until_detached) ... ok
test_owner_busy_after_worker_completion_can_retry_same_job_without_rewrite (test_evidence_recorder.RecorderTests.test_owner_busy_after_worker_completion_can_retry_same_job_without_rewrite) ... ok
test_readback_tampering_before_reclaim_never_deletes_original_records (test_evidence_recorder.RecorderTests.test_readback_tampering_before_reclaim_never_deletes_original_records) ... ok
test_record_ownership_blocks_all_three_side_drain_paths (test_evidence_recorder.RecorderTests.test_record_ownership_blocks_all_three_side_drain_paths) ... ok
test_saved_prefix_identity_mutation_refuses_atomic_reclaim (test_evidence_recorder.RecorderTests.test_saved_prefix_identity_mutation_refuses_atomic_reclaim) ... ok
test_single_pending_job_and_strict_close_timeout_types (test_evidence_recorder.RecorderTests.test_single_pending_job_and_strict_close_timeout_types) ... ok
test_successful_reclaim_frees_exact_record_bytes_not_context_or_pending_reservations (test_evidence_recorder.RecorderTests.test_successful_reclaim_frees_exact_record_bytes_not_context_or_pending_reservations) ... ok
test_thread_start_failure_preserves_records_and_retains_explicit_failure (test_evidence_recorder.RecorderTests.test_thread_start_failure_preserves_records_and_retains_explicit_failure) ... ok
test_timeout_close_retains_actual_thread_handle_and_original_owner_until_retry (test_evidence_recorder.RecorderTests.test_timeout_close_retains_actual_thread_handle_and_original_owner_until_retry) ... ok
test_two_actual_segments_have_continuous_counts_hash_and_original_bytes (test_evidence_recorder.RecorderTests.test_two_actual_segments_have_continuous_counts_hash_and_original_bytes) ... ok
test_writer_failure_keeps_original_records_and_incomplete_owned_directory (test_evidence_recorder.RecorderTests.test_writer_failure_keeps_original_records_and_incomplete_owned_directory) ... ok
test_all_13_canfd_messages_use_original_formal_codec_and_order (test_history.HistoryTests.test_all_13_canfd_messages_use_original_formal_codec_and_order) ... ok
test_all_59_messages_decode_from_actual_udp_capture (test_history.HistoryTests.test_all_59_messages_decode_from_actual_udp_capture) ... ok
test_binding_document_is_closed_and_clock_identity_is_explicit (test_history.HistoryTests.test_binding_document_is_closed_and_clock_identity_is_explicit) ... ok
test_binding_required_not_guessed_from_name_or_rxtx (test_history.HistoryTests.test_binding_required_not_guessed_from_name_or_rxtx) ... ok
test_capacity_baseline_and_unknown_or_truncated_transport (test_history.HistoryTests.test_capacity_baseline_and_unknown_or_truncated_transport) ... ok
test_capture_and_record_are_immutable_and_repeated_full_transmissions_preserved (test_history.HistoryTests.test_capture_and_record_are_immutable_and_repeated_full_transmissions_preserved) ... ok
test_counts_ids_epoch_window_and_clock_reversal (test_history.HistoryTests.test_counts_ids_epoch_window_and_clock_reversal) ... ok
test_crc_direction_endpoint_medium_and_model_gates (test_history.HistoryTests.test_crc_direction_endpoint_medium_and_model_gates) ... ok
test_cross_domain_file_order_is_not_mistaken_for_domain_clock_reversal (test_history.HistoryTests.test_cross_domain_file_order_is_not_mistaken_for_domain_clock_reversal) ... ok
test_decoder_exists (test_history.HistoryTests.test_decoder_exists) ... ok
test_different_domains_never_splice_fragments (test_history.HistoryTests.test_different_domains_never_splice_fragments) ... ok
test_duplicate_rewrite_fields_are_rejected_at_public_decoder_boundary (test_history.HistoryTests.test_duplicate_rewrite_fields_are_rejected_at_public_decoder_boundary) ... ok
test_formal_raw_and_rebuild_modes_decode_but_never_authorize_existing_session (test_history.HistoryTests.test_formal_raw_and_rebuild_modes_decode_but_never_authorize_existing_session) ... ok
test_loss_never_grants_complete_capture_and_extra_policy_is_checked (test_history.HistoryTests.test_loss_never_grants_complete_capture_and_extra_policy_is_checked) ... ok
test_missing_fragment_or_timeout_cannot_be_a_complete_record (test_history.HistoryTests.test_missing_fragment_or_timeout_cannot_be_a_complete_record) ... ok
test_missing_model_cannot_bypass_original_model_gate (test_history.HistoryTests.test_missing_model_cannot_bypass_original_model_gate) ... ok
test_model_step_clock_requires_exact_header_provenance (test_history.HistoryTests.test_model_step_clock_requires_exact_header_provenance) ... ok
test_multidomain_shared_clock_and_bidirectional_streams (test_history.HistoryTests.test_multidomain_shared_clock_and_bidirectional_streams) ... ok
test_no_mutation_or_fake_headers_in_auxiliary_raw_modes (test_history.HistoryTests.test_no_mutation_or_fake_headers_in_auxiliary_raw_modes) ... ok
test_original_64_slot_capacity_not_bypassed_by_history_group_tracking (test_history.HistoryTests.test_original_64_slot_capacity_not_bypassed_by_history_group_tracking) ... ok
test_raw_bus_can_fd_and_ethernet_are_stimuli_without_fake_headers (test_history.HistoryTests.test_raw_bus_can_fd_and_ethernet_are_stimuli_without_fake_headers) ... ok
test_raw_bus_without_direction_or_with_unsafe_frames_is_rejected (test_history.HistoryTests.test_raw_bus_without_direction_or_with_unsafe_frames_is_rejected) ... ok
test_unknown_tcp_and_video_do_not_become_udp_business_inputs (test_history.HistoryTests.test_unknown_tcp_and_video_do_not_become_udp_business_inputs) ... ok
test_actual_standard_grant_prepares_published_resource_without_tool_tx_claim (test_live_tool_input.ActualInputTests.test_actual_standard_grant_prepares_published_resource_without_tool_tx_claim) ... ok
test_all_11_can_inputs_and_44_grantable_udp_inputs_use_complete_original_groups (test_live_tool_input.InputTests.test_all_11_can_inputs_and_44_grantable_udp_inputs_use_complete_original_groups) ... ok
test_builder_capacity_never_evicts_or_consumes_failed_sequence (test_live_tool_input.InputTests.test_builder_capacity_never_evicts_or_consumes_failed_sequence) ... ok
test_byte_limits_preflight_before_counter_and_never_clear_existing (test_live_tool_input.InputTests.test_byte_limits_preflight_before_counter_and_never_clear_existing) ... ok
test_cansend_literal_complete_group_has_no_frontend_options (test_live_tool_input.InputTests.test_cansend_literal_complete_group_has_no_frontend_options) ... ok
test_cantools_python_can_complete_group_is_original_bytes_not_mutable_snapshot (test_live_tool_input.InputTests.test_cantools_python_can_complete_group_is_original_bytes_not_mutable_snapshot) ... ok
test_current_grant_complete_input_group_global_allocation_and_no_tx (test_live_tool_input.InputTests.test_current_grant_complete_input_group_global_allocation_and_no_tx) ... ok
test_expired_plan_cannot_validate_but_can_discard_without_releasing_channel (test_live_tool_input.InputTests.test_expired_plan_cannot_validate_but_can_discard_without_releasing_channel) ... ok
test_failed_preparation_budget_identity_and_revoked_local_recovery (test_live_tool_input.InputTests.test_failed_preparation_budget_identity_and_revoked_local_recovery) ... ok
test_forged_foreign_discarded_and_abandoned_inputs_are_not_live (test_live_tool_input.InputTests.test_forged_foreign_discarded_and_abandoned_inputs_are_not_live) ... ok
test_lack_of_role_wrong_model_or_other_ethernet_channel_never_allocates (test_live_tool_input.InputTests.test_lack_of_role_wrong_model_or_other_ethernet_channel_never_allocates) ... ok
test_lease_expiry_during_encoding_rejects_without_consuming_sequence (test_live_tool_input.InputTests.test_lease_expiry_during_encoding_rejects_without_consuming_sequence) ... ok
test_malformed_objects_and_forged_bytes_fail_explicitly_before_allocation (test_live_tool_input.InputTests.test_malformed_objects_and_forged_bytes_fail_explicitly_before_allocation) ... ok
test_missing_expired_role_capability_and_invalid_input_do_not_consume_sequence (test_live_tool_input.InputTests.test_missing_expired_role_capability_and_invalid_input_do_not_consume_sequence) ... ok
test_observer_unknown_original_branch_and_invalid_limits_are_rejected (test_live_tool_input.InputTests.test_observer_unknown_original_branch_and_invalid_limits_are_rejected) ... ok
test_packed_signed_zero_survives_source_snapshot_and_original_can_udp_builders (test_live_tool_input.InputTests.test_packed_signed_zero_survives_source_snapshot_and_original_can_udp_builders) ... ok
test_plan_validation_links_actual_reservation_source_and_discard (test_live_tool_input.InputTests.test_plan_validation_links_actual_reservation_source_and_discard) ... ok
test_post_allocation_tool_error_or_revoke_preserves_original_input_no_rollback (test_live_tool_input.InputTests.test_post_allocation_tool_error_or_revoke_preserves_original_input_no_rollback) ... ok
test_preflight_bad_binding_protocol_and_mac_preserve_global_counter (test_live_tool_input.InputTests.test_preflight_bad_binding_protocol_and_mac_preserve_global_counter) ... ok
test_scapy_complete_ethernet_uses_current_transport_endpoints_and_original_wire (test_live_tool_input.InputTests.test_scapy_complete_ethernet_uses_current_transport_endpoints_and_original_wire) ... ok
test_shared_bounded_evidence_pool_drain_and_discard_never_roll_back (test_live_tool_input.InputTests.test_shared_bounded_evidence_pool_drain_and_discard_never_roll_back) ... ok
test_source_prepare_respects_exclusive_owner_and_counter_exhaustion (test_live_tool_input.InputTests.test_source_prepare_respects_exclusive_owner_and_counter_exhaustion) ... ok
test_typed_message_id_is_not_normalized_into_a_valid_integer (test_live_tool_input.InputTests.test_typed_message_id_is_not_normalized_into_a_valid_integer) ... ok
test_all_97_frozen_paths_are_covered_by_complete_snapshots (test_model_bindings.BindingTests.test_all_97_frozen_paths_are_covered_by_complete_snapshots) ... ok
test_binding_gate_exists (test_model_bindings.BindingTests.test_binding_gate_exists) ... ok
test_control_mode_extra_root_and_non_scalar_parameter_are_rejected (test_model_bindings.BindingTests.test_control_mode_extra_root_and_non_scalar_parameter_are_rejected) ... ok
test_descriptor_type_dimension_unit_range_default_and_symbol_are_exact (test_model_bindings.BindingTests.test_descriptor_type_dimension_unit_range_default_and_symbol_are_exact) ... ok
test_existing_six_motor_declaration_is_not_full_v03_qualification (test_model_bindings.BindingTests.test_existing_six_motor_declaration_is_not_full_v03_qualification) ... ok
test_flight_and_actuator_are_the_same_target_not_different_lanes (test_model_bindings.BindingTests.test_flight_and_actuator_are_the_same_target_not_different_lanes) ... ok
test_full_message_schema_and_selected_model_are_required (test_model_bindings.BindingTests.test_full_message_schema_and_selected_model_are_required) ... ok
test_metadata_and_mapped_values_have_no_mutable_caller_alias (test_model_bindings.BindingTests.test_metadata_and_mapped_values_have_no_mutable_caller_alias) ... ok
test_missing_extra_ports_and_parameters_are_not_silently_accepted (test_model_bindings.BindingTests.test_missing_extra_ports_and_parameters_are_not_silently_accepted) ... ok
test_wrong_model_version_step_and_malformed_definition_are_rejected (test_model_bindings.BindingTests.test_wrong_model_version_step_and_malformed_definition_are_rejected) ... ok
test_applied_reset_and_resume_invalidate_old_sid_until_new_grant (test_model_clock.ModelClockTests.test_applied_reset_and_resume_invalidate_old_sid_until_new_grant) ... ok
test_can_heartbeat_attempt_blocks_reuse_by_serial_udp (test_model_clock.ModelClockTests.test_can_heartbeat_attempt_blocks_reuse_by_serial_udp) ... ok
test_current_lease_is_required_even_with_cached_status (test_model_clock.ModelClockTests.test_current_lease_is_required_even_with_cached_status) ... ok
test_dispatcher_feedback_reader_never_sends_or_drains (test_model_clock.ModelClockTests.test_dispatcher_feedback_reader_never_sends_or_drains) ... ok
test_duplicate_feedback_cannot_refresh_original_deadline (test_model_clock.ModelClockTests.test_duplicate_feedback_cannot_refresh_original_deadline) ... ok
test_failed_received_or_unpublished_lifecycle_does_not_claim_reset (test_model_clock.ModelClockTests.test_failed_received_or_unpublished_lifecycle_does_not_claim_reset) ... ok
test_failed_serial_heartbeat_attempt_cannot_reuse_transaction (test_model_clock.ModelClockTests.test_failed_serial_heartbeat_attempt_cannot_reuse_transaction) ... ok
test_frozen_240ms_validity_exact_boundary_and_delayed_arrival (test_model_clock.ModelClockTests.test_frozen_240ms_validity_exact_boundary_and_delayed_arrival) ... ok
test_immutable_detached_snapshot_retains_original_exchange_and_identity (test_model_clock.ModelClockTests.test_immutable_detached_snapshot_retains_original_exchange_and_identity) ... ok
test_interleaved_older_heartbeat_still_contributes_model_step_floor (test_model_clock.ModelClockTests.test_interleaved_older_heartbeat_still_contributes_model_step_floor) ... ok
test_local_elapsed_time_never_advances_reported_model_step (test_model_clock.ModelClockTests.test_local_elapsed_time_never_advances_reported_model_step) ... ok
test_local_monotonic_clock_reversal_is_not_a_model_reset (test_model_clock.ModelClockTests.test_local_monotonic_clock_reversal_is_not_a_model_reset) ... ok
test_new_sid_requires_new_status_and_allows_reset_step (test_model_clock.ModelClockTests.test_new_sid_requires_new_status_and_allows_reset_step) ... ok
test_original_can_feedback_uses_source_clock_domain (test_model_clock.ModelClockTests.test_original_can_feedback_uses_source_clock_domain) ... ok
test_private_feedback_capture_cannot_bypass_actual_operation_owner (test_model_clock.ModelClockTests.test_private_feedback_capture_cannot_bypass_actual_operation_owner) ... ok
test_requires_actual_status_not_grant_or_an_arbitrary_object (test_model_clock.ModelClockTests.test_requires_actual_status_not_grant_or_an_arbitrary_object) ... ok
test_reused_heartbeat_transaction_cannot_retime_or_replace_sample (test_model_clock.ModelClockTests.test_reused_heartbeat_transaction_cannot_retime_or_replace_sample) ... ok
test_serial_udp_status_is_bound_to_actual_socket_request (test_model_clock.ModelClockTests.test_serial_udp_status_is_bound_to_actual_socket_request) ... ok
test_source_owner_lock_and_closed_session_are_respected (test_model_clock.ModelClockTests.test_source_owner_lock_and_closed_session_are_respected) ... ok
test_strict_exact_step_and_required_state (test_model_clock.ModelClockTests.test_strict_exact_step_and_required_state) ... ok
test_temporarily_deferred_original_heartbeat_claims_transaction_once (test_model_clock.ModelClockTests.test_temporarily_deferred_original_heartbeat_claims_transaction_once) ... ok
test_timed_out_heartbeat_transaction_cannot_be_reused_after_dispatch_replacement (test_model_clock.ModelClockTests.test_timed_out_heartbeat_transaction_cannot_be_reused_after_dispatch_replacement) ... ok
test_unread_regression_survives_drain_and_reader_replacement (test_model_clock.ModelClockTests.test_unread_regression_survives_drain_and_reader_replacement) ... ok
test_100ms_control_age_uses_first_receive_even_with_fresh_heartbeat (test_model_queue.QueueTests.test_100ms_control_age_uses_first_receive_even_with_fresh_heartbeat) ... ok
test_clear_preserves_model_step_close_refuses_use_and_clocks_do_not_rewind (test_model_queue.QueueTests.test_clear_preserves_model_step_close_refuses_use_and_clocks_do_not_rewind) ... ok
test_closed_queue_cannot_reset_step_history_for_still_live_sessions (test_model_queue.QueueTests.test_closed_queue_cannot_reset_step_history_for_still_live_sessions) ... ok
test_control_age_below_deadline_can_release_but_no_safety_is_claimed (test_model_queue.QueueTests.test_control_age_below_deadline_can_release_but_no_safety_is_claimed) ... ok
test_controller_source_lane_model_and_stimulus_metadata_are_strict (test_model_queue.QueueTests.test_controller_source_lane_model_and_stimulus_metadata_are_strict) ... ok
test_cross_session_writer_conflict_and_whole_snapshot_rollback (test_model_queue.QueueTests.test_cross_session_writer_conflict_and_whole_snapshot_rollback) ... ok
test_duplicate_or_cleared_admission_cannot_enter_queue_twice (test_model_queue.QueueTests.test_duplicate_or_cleared_admission_cannot_enter_queue_twice) ... ok
test_expired_before_enqueue_control_is_not_reserved (test_model_queue.QueueTests.test_expired_before_enqueue_control_is_not_reserved) ... ok
test_failed_admission_cannot_be_queued (test_model_queue.QueueTests.test_failed_admission_cannot_be_queued) ... ok
test_idle_expiry_returns_rejections_and_removes_writer_reservations (test_model_queue.QueueTests.test_idle_expiry_returns_rejections_and_removes_writer_reservations) ... ok
test_invalid_boundary_state_model_range_and_clock_never_release (test_model_queue.QueueTests.test_invalid_boundary_state_model_range_and_clock_never_release) ... ok
test_lane_alias_cannot_be_enabled_concurrently (test_model_queue.QueueTests.test_lane_alias_cannot_be_enabled_concurrently) ... ok
test_missing_or_duplicate_model_mapping_refuses_construction (test_model_queue.QueueTests.test_missing_or_duplicate_model_mapping_refuses_construction) ... ok
test_model_queue_exists (test_model_queue.QueueTests.test_model_queue_exists) ... ok
test_only_exact_next_step_can_release_no_late_catchup (test_model_queue.QueueTests.test_only_exact_next_step_can_release_no_late_catchup) ... ok
test_original_admission_receiving_time_not_retry_time_is_returned (test_model_queue.QueueTests.test_original_admission_receiving_time_not_retry_time_is_returned) ... ok
test_paused_and_service_consumers_cannot_enter_running_model_queue (test_model_queue.QueueTests.test_paused_and_service_consumers_cannot_enter_running_model_queue) ... ok
test_pending_is_immutable_full_message_and_is_not_application_evidence (test_model_queue.QueueTests.test_pending_is_immutable_full_message_and_is_not_application_evidence) ... ok
test_queue_capacity_is_4096_globally_without_overwrite (test_model_queue.QueueTests.test_queue_capacity_is_4096_globally_without_overwrite) ... ok
test_registry_has_one_global_queue_even_for_disjoint_model_sets (test_model_queue.QueueTests.test_registry_has_one_global_queue_even_for_disjoint_model_sets) ... ok
test_registry_shutdown_also_closes_its_owned_queue (test_model_queue.QueueTests.test_registry_shutdown_also_closes_its_owned_queue) ... ok
test_same_target_overlap_is_rejected_not_last_write_wins (test_model_queue.QueueTests.test_same_target_overlap_is_rejected_not_last_write_wins) ... ok
test_session_expiry_and_external_revoke_purge_pending_inputs (test_model_queue.QueueTests.test_session_expiry_and_external_revoke_purge_pending_inputs) ... ok
test_target_ahead_late_and_run_duration_bounds (test_model_queue.QueueTests.test_target_ahead_late_and_run_duration_bounds) ... ok
test_wrong_registry_model_and_unadmitted_input_are_not_queued (test_model_queue.QueueTests.test_wrong_registry_model_and_unadmitted_input_are_not_queued) ... ok
test_actual_can_records_and_original_source_roundtrip_without_drain (test_native_evidence_archive.NativeArchiveTests.test_actual_can_records_and_original_source_roundtrip_without_drain) ... ok
test_actual_closed_original_owners_can_still_be_archived (test_native_evidence_archive.NativeArchiveTests.test_actual_closed_original_owners_can_still_be_archived) ... ok
test_actual_scapy_opening_l2_records_are_not_dropped (test_native_evidence_archive.NativeArchiveTests.test_actual_scapy_opening_l2_records_are_not_dropped) ... ok
test_all_four_actual_can_senders_keep_their_original_channels (test_native_evidence_archive.NativeArchiveTests.test_all_four_actual_can_senders_keep_their_original_channels) ... ok
test_can_timestamp_negative_zero_and_nan_bits_are_retained_exactly (test_native_evidence_archive.NativeArchiveTests.test_can_timestamp_negative_zero_and_nan_bits_are_retained_exactly) ... ok
test_closed_native_field_domains_and_original_integer_metadata (test_native_evidence_archive.NativeArchiveTests.test_closed_native_field_domains_and_original_integer_metadata) ... ok
test_exact_native_count_and_complete_byte_bounds (test_native_evidence_archive.NativeArchiveTests.test_exact_native_count_and_complete_byte_bounds) ... ok
test_native_snapshot_locks_and_wrong_owner_fail_without_reclaim (test_native_evidence_archive.NativeArchiveTests.test_native_snapshot_locks_and_wrong_owner_fail_without_reclaim) ... ok
test_old_format_cannot_claim_native_rows_and_tampered_flags_fail (test_native_evidence_archive.NativeArchiveTests.test_old_format_cannot_claim_native_rows_and_tampered_flags_fail) ... ok
test_replaced_native_sender_list_cannot_drop_original_records (test_native_evidence_archive.NativeArchiveTests.test_replaced_native_sender_list_cannot_drop_original_records) ... ok
test_required_native_archive_api_exists (test_native_evidence_archive.NativeArchiveTests.test_required_native_archive_api_exists) ... ok
test_actual_scapy_two_segments_reclaim_l2_bytes_and_readback_close (test_native_evidence_recorder.NativeRecorderTests.test_actual_scapy_two_segments_reclaim_l2_bytes_and_readback_close) ... ok
test_all_five_actual_streams_share_original_can_scapy_actions_and_persistent_readback (test_native_evidence_recorder.NativeRecorderTests.test_all_five_actual_streams_share_original_can_scapy_actions_and_persistent_readback) ... ok
test_all_native_locks_reject_flush_without_allocating_worker (test_native_evidence_recorder.NativeRecorderTests.test_all_native_locks_reject_flush_without_allocating_worker) ... ok
test_all_native_side_drains_are_blocked_but_send_is_not (test_native_evidence_recorder.NativeRecorderTests.test_all_native_side_drains_are_blocked_but_send_is_not) ... ok
test_four_sender_prefixes_remain_valid_when_first_channel_appends (test_native_evidence_recorder.NativeRecorderTests.test_four_sender_prefixes_remain_valid_when_first_channel_appends) ... ok
test_native_accounting_failure_reclaims_no_other_stream (test_native_evidence_recorder.NativeRecorderTests.test_native_accounting_failure_reclaims_no_other_stream) ... ok
test_native_backend_close_does_not_lose_final_records (test_native_evidence_recorder.NativeRecorderTests.test_native_backend_close_does_not_lose_final_records) ... ok
test_native_sending_continues_while_real_writer_is_busy_and_prefix_only_reclaimed (test_native_evidence_recorder.NativeRecorderTests.test_native_sending_continues_while_real_writer_is_busy_and_prefix_only_reclaimed) ... ok
test_recording_cannot_adopt_replaced_sender_binding_before_tx (test_native_evidence_recorder.NativeRecorderTests.test_recording_cannot_adopt_replaced_sender_binding_before_tx) ... ok
test_required_native_continuous_recorder (test_native_evidence_recorder.NativeRecorderTests.test_required_native_continuous_recorder) ... ok
test_scapy_prefix_accounting_failure_retains_source_and_l2 (test_native_evidence_recorder.NativeRecorderTests.test_scapy_prefix_accounting_failure_retains_source_and_l2) ... ok
test_writer_failure_retains_native_bytes_and_unpersisted_counts (test_native_evidence_recorder.NativeRecorderTests.test_writer_failure_retains_native_bytes_and_unpersisted_counts) ... ok
test_can_only_plan_still_requires_common_original_reservation_book (test_native_scenario_actions.NativeScenarioActionTests.test_can_only_plan_still_requires_common_original_reservation_book) ... ok
test_elapsed_original_can_validity_fails_without_late_application_claim (test_native_scenario_actions.NativeScenarioActionTests.test_elapsed_original_can_validity_fails_without_late_application_claim) ... ok
test_empty_native_poll_does_not_create_failed_observations (test_native_scenario_actions.NativeScenarioActionTests.test_empty_native_poll_does_not_create_failed_observations) ... ok
test_expired_grant_or_unpublished_capability_reject_without_tx (test_native_scenario_actions.NativeScenarioActionTests.test_expired_grant_or_unpublished_capability_reject_without_tx) ... ok
test_failed_post_allocation_preparation_has_owned_recoverable_context (test_native_scenario_actions.NativeScenarioActionTests.test_failed_post_allocation_preparation_has_owned_recoverable_context) ... ok
test_finite_run_budgets_preflight_before_original_input_allocation (test_native_scenario_actions.NativeScenarioActionTests.test_finite_run_budgets_preflight_before_original_input_allocation) ... ok
test_forged_action_duplicate_begin_and_foreign_handle_reject (test_native_scenario_actions.NativeScenarioActionTests.test_forged_action_duplicate_begin_and_foreign_handle_reject) ... ok
test_intermediate_ack_is_not_completion_and_terminal_is_remote_claim_only (test_native_scenario_actions.NativeScenarioActionTests.test_intermediate_ack_is_not_completion_and_terminal_is_remote_claim_only) ... ok
test_invalid_original_contract_is_a_closed_error_not_attribute_failure (test_native_scenario_actions.NativeScenarioActionTests.test_invalid_original_contract_is_a_closed_error_not_attribute_failure) ... ok
test_local_can_reclaim_survives_detach_and_new_dispatcher (test_native_scenario_actions.NativeScenarioActionTests.test_local_can_reclaim_survives_detach_and_new_dispatcher) ... ok
test_local_can_reclaim_survives_failed_and_completed_shared_close (test_native_scenario_actions.NativeScenarioActionTests.test_local_can_reclaim_survives_failed_and_completed_shared_close) ... ok
test_local_reclaim_failure_is_not_hidden_by_remote_terminal_claim (test_native_scenario_actions.NativeScenarioActionTests.test_local_reclaim_failure_is_not_hidden_by_remote_terminal_claim) ... ok
test_missing_original_send_branch_never_falls_back (test_native_scenario_actions.NativeScenarioActionTests.test_missing_original_send_branch_never_falls_back) ... ok
test_native_can_and_scapy_preserve_original_stimulus_sid_and_feedback (test_native_scenario_actions.NativeScenarioActionTests.test_native_can_and_scapy_preserve_original_stimulus_sid_and_feedback) ... ok
test_original_record_drain_cannot_turn_pending_request_into_success (test_native_scenario_actions.NativeScenarioActionTests.test_original_record_drain_cannot_turn_pending_request_into_success) ... ok
test_original_selected_protocol_must_declare_every_scheduled_can_message (test_native_scenario_actions.NativeScenarioActionTests.test_original_selected_protocol_must_declare_every_scheduled_can_message) ... ok
test_original_wave_periodic_and_fault_values_are_not_replaced (test_native_scenario_actions.NativeScenarioActionTests.test_original_wave_periodic_and_fault_values_are_not_replaced) ... ok
test_other_event_handlers_are_not_claimed_as_implemented (test_native_scenario_actions.NativeScenarioActionTests.test_other_event_handlers_are_not_claimed_as_implemented) ... ok
test_partial_native_send_failure_is_retained_not_retried (test_native_scenario_actions.NativeScenarioActionTests.test_partial_native_send_failure_is_retained_not_retried) ... ok
test_pending_limit_rejects_before_second_original_allocation (test_native_scenario_actions.NativeScenarioActionTests.test_pending_limit_rejects_before_second_original_allocation) ... ok
test_plain_udp_is_not_used_as_original_ethgen (test_native_scenario_actions.NativeScenarioActionTests.test_plain_udp_is_not_used_as_original_ethgen) ... ok
test_preflight_checks_native_actions_without_allocation_or_transmission (test_native_scenario_actions.NativeScenarioActionTests.test_preflight_checks_native_actions_without_allocation_or_transmission) ... ok
test_reentry_rejects_before_allocating_another_event (test_native_scenario_actions.NativeScenarioActionTests.test_reentry_rejects_before_allocating_another_event) ... ok
test_standalone_original_scapy_does_not_require_an_unrelated_can_backend (test_native_scenario_actions.NativeScenarioActionTests.test_standalone_original_scapy_does_not_require_an_unrelated_can_backend) ... ok
test_stop_cancels_only_owned_groups_preserving_shared_backends (test_native_scenario_actions.NativeScenarioActionTests.test_stop_cancels_only_owned_groups_preserving_shared_backends) ... ok
test_stop_still_cancels_udp_group_after_begin_poll_failure (test_native_scenario_actions.NativeScenarioActionTests.test_stop_still_cancels_udp_group_after_begin_poll_failure) ... ok
test_strict_original_steps_and_explicit_target_no_counter_on_rejection (test_native_scenario_actions.NativeScenarioActionTests.test_strict_original_steps_and_explicit_target_no_counter_on_rejection) ... ok
test_typed_action_metadata_cannot_use_equal_bool_values (test_native_scenario_actions.NativeScenarioActionTests.test_typed_action_metadata_cannot_use_equal_bool_values) ... ok
test_actual_original_can_and_udp_share_sid_counters_and_feedback (test_native_tools.NativeToolTests.test_actual_original_can_and_udp_share_sid_counters_and_feedback) ... ok
test_all_four_original_can_channels_share_one_actual_grant (test_native_tools.NativeToolTests.test_all_four_original_can_channels_share_one_actual_grant) ... ok
test_all_local_close_preserves_session_dispatcher_and_send_reservation (test_native_tools.NativeToolTests.test_all_local_close_preserves_session_dispatcher_and_send_reservation) ... ok
test_cancel_only_the_exact_owned_udp_group_before_native_tx (test_native_tools.NativeToolTests.test_cancel_only_the_exact_owned_udp_group_before_native_tx) ... ok
test_closed_dispatcher_does_not_release_source_before_native_cleanup (test_native_tools.NativeToolTests.test_closed_dispatcher_does_not_release_source_before_native_cleanup) ... ok
test_copied_old_scope_cannot_bypass_current_native_lock (test_native_tools.NativeToolTests.test_copied_old_scope_cannot_bypass_current_native_lock) ... ok
test_cross_link_heartbeat_transaction_floor_and_standard_model_observation (test_native_tools.NativeToolTests.test_cross_link_heartbeat_transaction_floor_and_standard_model_observation) ... ok
test_deferred_udp_first_attempt_cannot_send_after_newer_can (test_native_tools.NativeToolTests.test_deferred_udp_first_attempt_cannot_send_after_newer_can) ... ok
test_detached_cleanup_keeps_records_counters_and_rejects_send_or_reentry (test_native_tools.NativeToolTests.test_detached_cleanup_keeps_records_counters_and_rejects_send_or_reentry) ... ok
test_direct_native_and_source_apis_cannot_bypass_dispatcher (test_native_tools.NativeToolTests.test_direct_native_and_source_apis_cannot_bypass_dispatcher) ... ok
test_direct_selected_sender_and_builder_reentry_reject_before_mutation (test_native_tools.NativeToolTests.test_direct_selected_sender_and_builder_reentry_reject_before_mutation) ... ok
test_discard_after_retirement_reclaims_only_local_original_plan (test_native_tools.NativeToolTests.test_discard_after_retirement_reclaims_only_local_original_plan) ... ok
test_dispatcher_replacement_waits_for_native_coordinator_cleanup (test_native_tools.NativeToolTests.test_dispatcher_replacement_waits_for_native_coordinator_cleanup) ... ok
test_failed_close_keeps_same_native_handle_for_retry (test_native_tools.NativeToolTests.test_failed_close_keeps_same_native_handle_for_retry) ... ok
test_failed_coordinator_close_blocks_original_udp_transmission (test_native_tools.NativeToolTests.test_failed_coordinator_close_blocks_original_udp_transmission) ... ok
test_inflight_can_plan_requires_retirement_before_discard (test_native_tools.NativeToolTests.test_inflight_can_plan_requires_retirement_before_discard) ... ok
test_newer_can_first_tx_prevents_older_pending_udp_first_tx (test_native_tools.NativeToolTests.test_newer_can_first_tx_prevents_older_pending_udp_first_tx) ... ok
test_newer_udp_first_tx_prevents_older_prepared_can_first_tx (test_native_tools.NativeToolTests.test_newer_udp_first_tx_prevents_older_prepared_can_first_tx) ... ok
test_nonblocking_native_poll_empty_is_not_a_failure (test_native_tools.NativeToolTests.test_nonblocking_native_poll_empty_is_not_a_failure) ... ok
test_nonfresh_input_allocation_and_invalid_sender_list_reject (test_native_tools.NativeToolTests.test_nonfresh_input_allocation_and_invalid_sender_list_reject) ... ok
test_original_recorder_cannot_be_bypassed_for_native_evidence (test_native_tools.NativeToolTests.test_original_recorder_cannot_be_bypassed_for_native_evidence) ... ok
test_original_udp_retry_is_not_a_new_first_tx_after_can (test_native_tools.NativeToolTests.test_original_udp_retry_is_not_a_new_first_tx_after_can) ... ok
test_other_channel_cannot_discard_shared_builder_inflight_plan (test_native_tools.NativeToolTests.test_other_channel_cannot_discard_shared_builder_inflight_plan) ... ok
test_owned_udp_cancel_allowed_after_expiry_or_failed_close (test_native_tools.NativeToolTests.test_owned_udp_cancel_allowed_after_expiry_or_failed_close) ... ok
test_reentry_and_other_thread_cannot_get_delegated_tool_authority (test_native_tools.NativeToolTests.test_reentry_and_other_thread_cannot_get_delegated_tool_authority) ... ok
test_source_and_dispatcher_busy_do_not_allocate_or_send (test_native_tools.NativeToolTests.test_source_and_dispatcher_busy_do_not_allocate_or_send) ... ok
test_unregistered_or_forged_original_instances_and_plans_reject (test_native_tools.NativeToolTests.test_unregistered_or_forged_original_instances_and_plans_reject) ... ok
test_actual_receiver_crc_decode_failure_is_not_fabricated_correlated_ack (test_negative.NegativeTests.test_actual_receiver_crc_decode_failure_is_not_fabricated_correlated_ack) ... ok
test_actual_receiver_rejects_mutated_payload_before_admission (test_negative.NegativeTests.test_actual_receiver_rejects_mutated_payload_before_admission) ... ok
test_all_header_mutations_reframe_every_fragment_and_keep_payload (test_negative.NegativeTests.test_all_header_mutations_reframe_every_fragment_and_keep_payload) ... ok
test_capacity_and_immutable_bytes_preserve_original_input (test_negative.NegativeTests.test_capacity_and_immutable_bytes_preserve_original_input) ... ok
test_crc_and_truncation_corrupt_only_one_original_fragment (test_negative.NegativeTests.test_crc_and_truncation_corrupt_only_one_original_fragment) ... ok
test_disabled_unknown_and_duplicate_case_lists_refuse_before_mutation (test_negative.NegativeTests.test_disabled_unknown_and_duplicate_case_lists_refuse_before_mutation) ... ok
test_discarded_original_input_cannot_be_reused_for_negative_preparation (test_negative.NegativeTests.test_discarded_original_input_cannot_be_reused_for_negative_preparation) ... ok
test_event_original_stimulus_and_tool_medium_cannot_be_substituted (test_negative.NegativeTests.test_event_original_stimulus_and_tool_medium_cannot_be_substituted) ... ok
test_exact_negative_evidence_byte_bound_and_preserved_counters (test_negative.NegativeTests.test_exact_negative_evidence_byte_bound_and_preserved_counters) ... ok
test_f64_raw_nan_and_array_bits_never_pass_through_json (test_negative.NegativeTests.test_f64_raw_nan_and_array_bits_never_pass_through_json) ... ok
test_forged_and_stale_original_inputs_refuse (test_negative.NegativeTests.test_forged_and_stale_original_inputs_refuse) ... ok
test_json_structural_drop_add_and_nested_array_patch_are_exact (test_negative.NegativeTests.test_json_structural_drop_add_and_nested_array_patch_are_exact) ... ok
test_json_whole_container_field_is_a_unique_structural_target (test_negative.NegativeTests.test_json_whole_container_field_is_a_unique_structural_target) ... ok
test_no_op_and_unknown_field_overwrite_are_not_negative_evidence (test_negative.NegativeTests.test_no_op_and_unknown_field_overwrite_are_not_negative_evidence) ... ok
test_packed_patch_and_bits_preserve_negative_zero_exactly (test_negative.NegativeTests.test_packed_patch_and_bits_preserve_negative_zero_exactly) ... ok
test_packed_patch_retains_complete_fragments_but_receiver_rejects_range (test_negative.NegativeTests.test_packed_patch_retains_complete_fragments_but_receiver_rejects_range) ... ok
test_strict_mutation_types_and_truncate_bounds (test_negative.NegativeTests.test_strict_mutation_types_and_truncate_bounds) ... ok
test_structural_packed_and_raw_json_mutations_are_explicitly_unrepresentable (test_negative.NegativeTests.test_structural_packed_and_raw_json_mutations_are_explicitly_unrepresentable) ... ok
test_wrong_missing_ambiguous_and_expression_paths_refuse (test_negative.NegativeTests.test_wrong_missing_ambiguous_and_expression_paths_refuse) ... ok
test_actual_dbc_has_all_frozen_frames_and_signals (test_protocol.ProtocolTests.test_actual_dbc_has_all_frozen_frames_and_signals) ... ok
test_actual_equivalent_arxml_is_parsed_by_original_library (test_protocol.ProtocolTests.test_actual_equivalent_arxml_is_parsed_by_original_library) ... ok
test_all_can_golden_vectors_and_wire_codec_are_byte_exact (test_protocol.ProtocolTests.test_all_can_golden_vectors_and_wire_codec_are_byte_exact) ... ok
test_arxml_malformed_dtd_entities_and_bounds_fail_closed (test_protocol.ProtocolTests.test_arxml_malformed_dtd_entities_and_bounds_fail_closed) ... ok
test_arxml_nonfinite_extreme_or_overlong_period_is_resource_failure (test_protocol.ProtocolTests.test_arxml_nonfinite_extreme_or_overlong_period_is_resource_failure) ... ok
test_arxml_unprojected_pdu_mapping_length_and_update_bit_are_rejected (test_protocol.ProtocolTests.test_arxml_unprojected_pdu_mapping_length_and_update_bit_are_rejected) ... ok
test_arxml_unrounded_conversion_range_and_coefficient_are_exact (test_protocol.ProtocolTests.test_arxml_unrounded_conversion_range_and_coefficient_are_exact) ... ok
test_arxml_wire_drift_and_ignored_metadata_are_rejected (test_protocol.ProtocolTests.test_arxml_wire_drift_and_ignored_metadata_are_rejected) ... ok
test_component_message_and_resource_declarations_cannot_drift (test_protocol.ProtocolTests.test_component_message_and_resource_declarations_cannot_drift) ... ok
test_declared_message_scope_and_input_snapshot_cannot_change (test_protocol.ProtocolTests.test_declared_message_scope_and_input_snapshot_cannot_change) ... ok
test_every_signal_layout_property_is_verified (test_protocol.ProtocolTests.test_every_signal_layout_property_is_verified) ... ok
test_formal_crc_direction_and_transport_rules_are_not_bypassed (test_protocol.ProtocolTests.test_formal_crc_direction_and_transport_rules_are_not_bypassed) ... ok
test_original_resource_pins_and_actual_bytes_are_required (test_protocol.ProtocolTests.test_original_resource_pins_and_actual_bytes_are_required) ... ok
test_parser_is_available (test_protocol.ProtocolTests.test_parser_is_available) ... ok
test_real_database_frame_drift_is_rejected (test_protocol.ProtocolTests.test_real_database_frame_drift_is_rejected) ... ok
test_unimplemented_resource_format_is_explicitly_pending (test_protocol.ProtocolTests.test_unimplemented_resource_format_is_explicitly_pending) ... ok
test_unparsed_or_failed_parser_cannot_encode_or_decode (test_protocol.ProtocolTests.test_unparsed_or_failed_parser_cannot_encode_or_decode) ... ok
test_acl_role_and_expiry_checks_precede_reassembly (test_receiver.ReceiverTests.test_acl_role_and_expiry_checks_precede_reassembly) ... ok
test_bad_open_identity_has_zero_session_failed_ack (test_receiver.ReceiverTests.test_bad_open_identity_has_zero_session_failed_ack) ... ok
test_common_receiver_exists (test_receiver.ReceiverTests.test_common_receiver_exists) ... ok
test_complete_retry_reemits_same_feedback_without_second_admission (test_receiver.ReceiverTests.test_complete_retry_reemits_same_feedback_without_second_admission) ... ok
test_different_value_reusing_sequence_is_failed_duplicate (test_receiver.ReceiverTests.test_different_value_reusing_sequence_is_failed_duplicate) ... ok
test_interleaved_fragmented_opens_are_isolated_by_authorized_grant (test_receiver.ReceiverTests.test_interleaved_fragmented_opens_are_isolated_by_authorized_grant) ... ok
test_missing_consumer_has_received_then_failed_and_no_application (test_receiver.ReceiverTests.test_missing_consumer_has_received_then_failed_and_no_application) ... ok
test_open_is_source_transparent_and_does_not_claim_model_readiness (test_receiver.ReceiverTests.test_open_is_source_transparent_and_does_not_claim_model_readiness) ... ok
test_partial_groups_expire_even_without_traffic_and_session_shutdown_frees (test_receiver.ReceiverTests.test_partial_groups_expire_even_without_traffic_and_session_shutdown_frees) ... ok
test_actual_granted_roles_not_configured_or_requested_roles_are_used (test_registered_controller.RegisteredControllerTests.test_actual_granted_roles_not_configured_or_requested_roles_are_used) ... ok
test_actual_terminal_selector_request_cannot_later_authorize (test_registered_controller.RegisteredControllerTests.test_actual_terminal_selector_request_cannot_later_authorize) ... ok
test_all_three_models_use_original_external_source_and_lanes (test_registered_controller.RegisteredControllerTests.test_all_three_models_use_original_external_source_and_lanes) ... ok
test_complete_identity_is_required_not_a_model_or_source_string (test_registered_controller.RegisteredControllerTests.test_complete_identity_is_required_not_a_model_or_source_string) ... ok
test_cross_model_actual_producer_is_not_selected_for_the_view (test_registered_controller.RegisteredControllerTests.test_cross_model_actual_producer_is_not_selected_for_the_view) ... ok
test_cross_vehicle_or_run_producer_cannot_authorize_selector (test_registered_controller.RegisteredControllerTests.test_cross_vehicle_or_run_producer_cannot_authorize_selector) ... ok
test_expired_other_sid_does_not_make_live_controller_ambiguous (test_registered_controller.RegisteredControllerTests.test_expired_other_sid_does_not_make_live_controller_ambiguous) ... ok
test_expiry_is_half_open_and_read_does_not_delete_records (test_registered_controller.RegisteredControllerTests.test_expiry_is_half_open_and_read_does_not_delete_records) ... ok
test_external_gate_rejects_unavailable_registry_and_non_controller_session (test_registered_controller.RegisteredControllerTests.test_external_gate_rejects_unavailable_registry_and_non_controller_session) ... ok
test_external_owner_uses_distinct_actual_controller_not_selector_sid (test_registered_controller.RegisteredControllerTests.test_external_owner_uses_distinct_actual_controller_not_selector_sid) ... ok
test_fresh_heartbeat_updates_actual_session_not_control_lease (test_registered_controller.RegisteredControllerTests.test_fresh_heartbeat_updates_actual_session_not_control_lease) ... ok
test_frozen_target_and_demo_model_rules_are_not_weakened (test_registered_controller.RegisteredControllerTests.test_frozen_target_and_demo_model_rules_are_not_weakened) ... ok
test_list_valued_grant_bindings_cannot_escape_as_mutable_alias (test_registered_controller.RegisteredControllerTests.test_list_valued_grant_bindings_cannot_escape_as_mutable_alias) ... ok
test_monotonic_nanoseconds_are_strict (test_registered_controller.RegisteredControllerTests.test_monotonic_nanoseconds_are_strict) ... ok
test_none_revocation_does_not_require_live_producer (test_registered_controller.RegisteredControllerTests.test_none_revocation_does_not_require_live_producer) ... ok
test_original_selector_request_must_actually_be_admitted (test_registered_controller.RegisteredControllerTests.test_original_selector_request_must_actually_be_admitted) ... ok
test_readonly_admission_does_not_revive_expired_retry_record (test_registered_controller.RegisteredControllerTests.test_readonly_admission_does_not_revive_expired_retry_record) ... ok
test_readonly_admission_rejects_expired_selector_without_removing_it (test_registered_controller.RegisteredControllerTests.test_readonly_admission_rejects_expired_selector_without_removing_it) ... ok
test_readonly_admission_returns_first_receive_and_rejects_claimed_record (test_registered_controller.RegisteredControllerTests.test_readonly_admission_returns_first_receive_and_rejects_claimed_record) ... ok
test_reads_do_not_renew_allocate_or_overwrite_receiver_history (test_registered_controller.RegisteredControllerTests.test_reads_do_not_renew_allocate_or_overwrite_receiver_history) ... ok
test_required_registry_and_semantic_apis_exist (test_registered_controller.RegisteredControllerTests.test_required_registry_and_semantic_apis_exist) ... ok
test_revoked_closed_and_missing_live_producer_fail (test_registered_controller.RegisteredControllerTests.test_revoked_closed_and_missing_live_producer_fail) ... ok
test_selector_model_view_must_match_actual_receiver_session (test_registered_controller.RegisteredControllerTests.test_selector_model_view_must_match_actual_receiver_session) ... ok
test_semantic_gate_does_not_run_unrelated_receiver_maintenance (test_registered_controller.RegisteredControllerTests.test_semantic_gate_does_not_run_unrelated_receiver_maintenance) ... ok
test_snapshot_identity_is_detached_and_record_is_immutable (test_registered_controller.RegisteredControllerTests.test_snapshot_identity_is_detached_and_record_is_immutable) ... ok
test_snapshot_retains_actual_sid_grant_roles_links_and_nonce (test_registered_controller.RegisteredControllerTests.test_snapshot_retains_actual_sid_grant_roles_links_and_nonce) ... ok
test_source_lane_model_and_paused_rules_remain_original (test_registered_controller.RegisteredControllerTests.test_source_lane_model_and_paused_rules_remain_original) ... ok
test_stimulus_session_does_not_make_the_controller_ambiguous (test_registered_controller.RegisteredControllerTests.test_stimulus_session_does_not_make_the_controller_ambiguous) ... ok
test_unique_controller_session_cannot_be_selected_by_latest_nonce (test_registered_controller.RegisteredControllerTests.test_unique_controller_session_cannot_be_selected_by_latest_nonce) ... ok
test_all_13_canfd_inputs_each_mode_and_payload_hash (test_replay.ReplayTests.test_all_13_canfd_inputs_each_mode_and_payload_hash) ... ok
test_allocations_strict_complete_and_standard_header_immutable (test_replay.ReplayTests.test_allocations_strict_complete_and_standard_header_immutable) ... ok
test_auxiliary_output_hash_describes_formal_payload_not_raw_bus_bytes (test_replay.ReplayTests.test_auxiliary_output_hash_describes_formal_payload_not_raw_bus_bytes) ... ok
test_auxiliary_rawbus_requires_explicit_udp_destination (test_replay.ReplayTests.test_auxiliary_rawbus_requires_explicit_udp_destination) ... ok
test_cross_domain_interleaving_keeps_file_order_not_time_sort (test_replay.ReplayTests.test_cross_domain_interleaving_keeps_file_order_not_time_sort) ... ok
test_deployment_route_rejects_unspecified_and_broadcast_addresses (test_replay.ReplayTests.test_deployment_route_rejects_unspecified_and_broadcast_addresses) ... ok
test_destinations_are_closed_unique_and_unicast (test_replay.ReplayTests.test_destinations_are_closed_unique_and_unicast) ... ok
test_endpoint_only_rebuild_requires_outer_crc_permission (test_replay.ReplayTests.test_endpoint_only_rebuild_requires_outer_crc_permission) ... ok
test_every_replayable_formal_input_all_modes_payload_unchanged (test_replay.ReplayTests.test_every_replayable_formal_input_all_modes_payload_unchanged) ... ok
test_exact_rates_and_repeat_metadata_no_timing_claim (test_replay.ReplayTests.test_exact_rates_and_repeat_metadata_no_timing_claim) ... ok
test_explicit_endpoint_and_channel_changes_require_permission (test_replay.ReplayTests.test_explicit_endpoint_and_channel_changes_require_permission) ... ok
test_feedback_is_collected_not_injected_and_no_header_for_feedback (test_replay.ReplayTests.test_feedback_is_collected_not_injected_and_no_header_for_feedback) ... ok
test_original_retry_preserves_new_identity_and_transaction_mapping (test_replay.ReplayTests.test_original_retry_preserves_new_identity_and_transaction_mapping) ... ok
test_preserved_signed_zero_payload_hash_is_actual_wire_hash (test_replay.ReplayTests.test_preserved_signed_zero_payload_hash_is_actual_wire_hash) ... ok
test_raw_keeps_full_capture_and_application_bytes_without_authorizing (test_replay.ReplayTests.test_raw_keeps_full_capture_and_application_bytes_without_authorizing) ... ok
test_raw_rejects_allocations_and_destinations_and_session_zero (test_replay.ReplayTests.test_raw_rejects_allocations_and_destinations_and_session_zero) ... ok
test_reencode_generates_current_icd_and_payload_hash (test_replay.ReplayTests.test_reencode_generates_current_icd_and_payload_hash) ... ok
test_repeat_headers_must_not_reuse_any_captured_session (test_replay.ReplayTests.test_repeat_headers_must_not_reuse_any_captured_session) ... ok
test_replay_module_exists (test_replay.ReplayTests.test_replay_module_exists) ... ok
test_reversed_can_fragments_and_duplicates_keep_original_packet_order (test_replay.ReplayTests.test_reversed_can_fragments_and_duplicates_keep_original_packet_order) ... ok
test_rewrite_permissions_exactly_cover_real_changes (test_replay.ReplayTests.test_rewrite_permissions_exactly_cover_real_changes) ... ok
test_session_rebuild_retains_payload_and_recomputes_outer_checksums (test_replay.ReplayTests.test_session_rebuild_retains_payload_and_recomputes_outer_checksums) ... ok
test_signed_zero_conflict_is_not_an_identical_original_retry (test_replay.ReplayTests.test_signed_zero_conflict_is_not_an_identical_original_retry) ... ok
test_small_output_budget_is_enforced (test_replay.ReplayTests.test_small_output_budget_is_enforced) ... ok
test_three_auxiliary_media_use_original_rawbus_payload (test_replay.ReplayTests.test_three_auxiliary_media_use_original_rawbus_payload) ... ok
test_window_cannot_cut_a_logical_group (test_replay.ReplayTests.test_window_cannot_cut_a_logical_group) ... ok
test_all_11_can_input_frames_reassemble_after_full_log_export (test_replay_export.ExportTests.test_all_11_can_input_frames_reassemble_after_full_log_export) ... ok
test_all_44_granted_udp_inputs_export_in_all_three_modes (test_replay_export.ExportTests.test_all_44_granted_udp_inputs_export_in_all_three_modes) ... ok
test_auxiliary_can_to_udp_requires_explicit_real_l2_identity (test_replay_export.ExportTests.test_auxiliary_can_to_udp_requires_explicit_real_l2_identity) ... ok
test_backward_merged_can_timeline_preserved_but_not_tool_compatible (test_replay_export.ExportTests.test_backward_merged_can_timeline_preserved_but_not_tool_compatible) ... ok
test_can_duplicate_fragment_order_and_ns_timing_are_not_rounded (test_replay_export.ExportTests.test_can_duplicate_fragment_order_and_ns_timing_are_not_rounded) ... ok
test_complete_pcap_three_modes_original_frame_payload_and_exact_time (test_replay_export.ExportTests.test_complete_pcap_three_modes_original_frame_payload_and_exact_time) ... ok
test_corrupted_wire_frame_hash_or_feedback_identity_rejected (test_replay_export.ExportTests.test_corrupted_wire_frame_hash_or_feedback_identity_rejected) ... ok
test_exact_integer_time_cannot_be_rewritten_without_original_policy (test_replay_export.ExportTests.test_exact_integer_time_cannot_be_rewritten_without_original_policy) ... ok
test_failed_actual_persistence_has_no_complete_manifest_or_silent_cleanup (test_replay_export.ExportTests.test_failed_actual_persistence_has_no_complete_manifest_or_silent_cleanup) ... ok
test_feedback_not_exported_and_exact_packet_manifest_indices (test_replay_export.ExportTests.test_feedback_not_exported_and_exact_packet_manifest_indices) ... ok
test_modified_complete_group_cannot_export_mixed_headers_or_partial_payload (test_replay_export.ExportTests.test_modified_complete_group_cannot_export_mixed_headers_or_partial_payload) ... ok
test_multichannel_pcapng_export_keeps_each_interface_and_file_order (test_replay_export.ExportTests.test_multichannel_pcapng_export_keeps_each_interface_and_file_order) ... ok
test_raw_channel_cannot_be_relabelled (test_replay_export.ExportTests.test_raw_channel_cannot_be_relabelled) ... ok
test_raw_ethernet_l2_or_ttl_cannot_change_by_rehashing (test_replay_export.ExportTests.test_raw_ethernet_l2_or_ttl_cannot_change_by_rehashing) ... ok
test_real_new_directory_package_and_existing_path_never_overwritten (test_replay_export.ExportTests.test_real_new_directory_package_and_existing_path_never_overwritten) ... ok
test_rehashed_reencode_cannot_target_invalid_udp_endpoint (test_replay_export.ExportTests.test_rehashed_reencode_cannot_target_invalid_udp_endpoint) ... ok
test_selected_whole_record_cannot_be_omitted (test_replay_export.ExportTests.test_selected_whole_record_cannot_be_omitted) ... ok
test_session_rebuild_cannot_revert_to_captured_session_or_false_changes (test_replay_export.ExportTests.test_session_rebuild_cannot_revert_to_captured_session_or_false_changes) ... ok
test_strict_bindings_epoch_capacity_and_noninteger_time (test_replay_export.ExportTests.test_strict_bindings_epoch_capacity_and_noninteger_time) ... ok
test_actual_supervisor_timeout_returned_by_stop_is_not_local_success (test_replay_process.ReplayProcessTests.test_actual_supervisor_timeout_returned_by_stop_is_not_local_success) ... ok
test_boolean_authority_result_cannot_substitute_for_validation (test_replay_process.ReplayProcessTests.test_boolean_authority_result_cannot_substitute_for_validation) ... ok
test_channel_offset_is_not_model_step_and_missed_start_does_not_launch (test_replay_process.ReplayProcessTests.test_channel_offset_is_not_model_step_and_missed_start_does_not_launch) ... ok
test_expired_grant_stops_owned_child_without_resetting_source_floor (test_replay_process.ReplayProcessTests.test_expired_grant_stops_owned_child_without_resetting_source_floor) ... ok
test_failed_popen_retains_error_without_nonexistent_child_cleanup (test_replay_process.ReplayProcessTests.test_failed_popen_retains_error_without_nonexistent_child_cleanup) ... ok
test_malformed_original_commands_return_explicit_resource_error (test_replay_process.ReplayProcessTests.test_malformed_original_commands_return_explicit_resource_error) ... ok
test_missing_authority_fails_before_export_or_child_allocation (test_replay_process.ReplayProcessTests.test_missing_authority_fails_before_export_or_child_allocation) ... ok
test_one_stop_failure_does_not_skip_other_original_child (test_replay_process.ReplayProcessTests.test_one_stop_failure_does_not_skip_other_original_child) ... ok
test_original_canplayer_modes_launch_only_exact_flags_and_local_exit (test_replay_process.ReplayProcessTests.test_original_canplayer_modes_launch_only_exact_flags_and_local_exit) ... ok
test_persisted_file_tamper_before_delayed_launch_fails_without_process (test_replay_process.ReplayProcessTests.test_persisted_file_tamper_before_delayed_launch_fails_without_process) ... ok
test_real_supervisor_failure_keeps_original_argv_and_never_native_fallback (test_replay_process.ReplayProcessTests.test_real_supervisor_failure_keeps_original_argv_and_never_native_fallback) ... ok
test_rejection_before_start_preserves_reservation_and_counters (test_replay_process.ReplayProcessTests.test_rejection_before_start_preserves_reservation_and_counters) ... ok
test_replaced_authority_source_and_modified_command_are_rejected (test_replay_process.ReplayProcessTests.test_replaced_authority_source_and_modified_command_are_rejected) ... ok
test_required_original_replay_process_entry (test_replay_process.ReplayProcessTests.test_required_original_replay_process_entry) ... ok
test_runtime_revocation_stops_actual_owned_handles_without_releasing_book (test_replay_process.ReplayProcessTests.test_runtime_revocation_stops_actual_owned_handles_without_releasing_book) ... ok
test_stopped_before_start_cannot_reopen (test_replay_process.ReplayProcessTests.test_stopped_before_start_cannot_reopen) ... ok
test_tcpreplay_modes_keep_exact_flags_and_do_not_repeat_locally (test_replay_process.ReplayProcessTests.test_tcpreplay_modes_keep_exact_flags_and_do_not_repeat_locally) ... ok
test_unknown_authority_exception_has_typed_failure_and_no_files (test_replay_process.ReplayProcessTests.test_unknown_authority_exception_has_typed_failure_and_no_files) ... ok
test_deferral_capacity_preflight_never_claims_the_65th_original (test_resource_exchange.ResourceExchangeTests.test_deferral_capacity_preflight_never_claims_the_65th_original) ... ok
test_direct_terminal_resource_ack_cannot_name_another_request (test_resource_exchange.ResourceExchangeTests.test_direct_terminal_resource_ack_cannot_name_another_request) ... ok
test_final_pin_is_removed_at_ten_seconds_under_fresh_heartbeats (test_resource_exchange.ResourceExchangeTests.test_final_pin_is_removed_at_ten_seconds_under_fresh_heartbeats) ... ok
test_final_pin_preserves_actual_prefix_after_five_seconds (test_resource_exchange.ResourceExchangeTests.test_final_pin_preserves_actual_prefix_after_five_seconds) ... ok
test_malformed_deferred_feedback_is_schema_error_not_python_exception (test_resource_exchange.ResourceExchangeTests.test_malformed_deferred_feedback_is_schema_error_not_python_exception) ... ok
test_nonfinal_pin_never_allows_success_after_one_second (test_resource_exchange.ResourceExchangeTests.test_nonfinal_pin_never_allows_success_after_one_second) ... ok
test_only_claimed_resource_received_prefix_can_be_deferred (test_resource_exchange.ResourceExchangeTests.test_only_claimed_resource_received_prefix_can_be_deferred) ... ok
test_ordinary_terminal_feedback_stays_immutable (test_resource_exchange.ResourceExchangeTests.test_ordinary_terminal_feedback_stays_immutable) ... ok
test_pending_duplicate_and_real_terminal_append_are_immutable (test_resource_exchange.ResourceExchangeTests.test_pending_duplicate_and_real_terminal_append_are_immutable) ... ok
test_pin_never_renews_session_or_allows_success_after_timeout (test_resource_exchange.ResourceExchangeTests.test_pin_never_renews_session_or_allows_success_after_timeout) ... ok
test_resource_specific_pending_api_exists (test_resource_exchange.ResourceExchangeTests.test_resource_specific_pending_api_exists) ... ok
test_wrong_resource_id_hash_session_transaction_and_progress_rejected (test_resource_exchange.ResourceExchangeTests.test_wrong_resource_id_hash_session_transaction_and_progress_rejected) ... ok
test_actual_source_accepts_only_matching_resource_ack (test_resource_exchange.ResourceSourceTests.test_actual_source_accepts_only_matching_resource_ack) ... ok
test_inconsistent_progress_is_dropped_before_feedback_high_water (test_resource_exchange.ResourceSourceTests.test_inconsistent_progress_is_dropped_before_feedback_high_water) ... ok
test_resource_error_can_report_zero_remaining_stored_bytes (test_resource_exchange.ResourceSourceTests.test_resource_error_can_report_zero_remaining_stored_bytes) ... ok
test_actual_fragment_send_respects_wire_budget_without_initial_burst (test_resource_source.ResourceSourceTests.test_actual_fragment_send_respects_wire_budget_without_initial_burst) ... ok
test_cli_resource_error_never_reports_business_success (test_resource_source.ResourceSourceTests.test_cli_resource_error_never_reports_business_success) ... ok
test_cli_stored_resource_reports_exchange_not_model_application (test_resource_source.ResourceSourceTests.test_cli_stored_resource_reports_exchange_not_model_application) ... ok
test_final_wait_outlives_retry_window_without_more_than_three_retries (test_resource_source.ResourceSourceTests.test_final_wait_outlives_retry_window_without_more_than_three_retries) ... ok
test_actual_chunk_hash_error_is_storage_not_application_failure (test_resource_udp.ResourceUDPTests.test_actual_chunk_hash_error_is_storage_not_application_failure) ... ok
test_actual_multichunk_udp_file_and_capabilities (test_resource_udp.ResourceUDPTests.test_actual_multichunk_udp_file_and_capabilities) ... ok
test_bounded_records_leave_original_worker_results_until_drain (test_resource_udp.ResourceUDPTests.test_bounded_records_leave_original_worker_results_until_drain) ... ok
test_capacity_failure_has_no_second_original_job (test_resource_udp.ResourceUDPTests.test_capacity_failure_has_no_second_original_job) ... ok
test_changed_duplicate_never_creates_a_new_job (test_resource_udp.ResourceUDPTests.test_changed_duplicate_never_creates_a_new_job) ... ok
test_idle_feedback_and_terminal_duplicate_keep_original_result (test_resource_udp.ResourceUDPTests.test_idle_feedback_and_terminal_duplicate_keep_original_result) ... ok
test_model_and_terrain_do_not_bypass_missing_actual_state_gate (test_resource_udp.ResourceUDPTests.test_model_and_terrain_do_not_bypass_missing_actual_state_gate) ... ok
test_pending_duplicate_and_retire_do_not_block_on_actual_file_io (test_resource_udp.ResourceUDPTests.test_pending_duplicate_and_retire_do_not_block_on_actual_file_io) ... ok
test_retired_result_retained_without_live_session_feedback (test_resource_udp.ResourceUDPTests.test_retired_result_retained_without_live_session_feedback) ... ok
test_actual_udp_overhead_and_no_burst_reservations (test_resource_worker.ResourceBudgetTests.test_actual_udp_overhead_and_no_burst_reservations) ... ok
test_background_rate_cannot_exceed_frozen_policy (test_resource_worker.ResourceBudgetTests.test_background_rate_cannot_exceed_frozen_policy) ... ok
test_background_wire_budget_exists (test_resource_worker.ResourceBudgetTests.test_background_wire_budget_exists) ... ok
test_actual_background_file_and_original_outcome (test_resource_worker.ResourceWorkerTests.test_actual_background_file_and_original_outcome) ... ok
test_actual_background_worker_exists (test_resource_worker.ResourceWorkerTests.test_actual_background_worker_exists) ... ok
test_cancelled_session_cleans_actual_staging_and_keeps_originals (test_resource_worker.ResourceWorkerTests.test_cancelled_session_cleans_actual_staging_and_keeps_originals) ... ok
test_cleanup_failure_shutdown_preserves_aborted_and_unfinished_originals (test_resource_worker.ResourceWorkerTests.test_cleanup_failure_shutdown_preserves_aborted_and_unfinished_originals) ... ok
test_expired_nonfinal_write_aborts_only_its_owned_resource (test_resource_worker.ResourceWorkerTests.test_expired_nonfinal_write_aborts_only_its_owned_resource) ... ok
test_failed_thread_start_releases_owned_root_and_does_not_attach_worker (test_resource_worker.ResourceWorkerTests.test_failed_thread_start_releases_owned_root_and_does_not_attach_worker) ... ok
test_foreign_expired_same_hash_job_does_not_kill_worker_or_abort_owner (test_resource_worker.ResourceWorkerTests.test_foreign_expired_same_hash_job_does_not_kill_worker_or_abort_owner) ... ok
test_future_wire_budget_rejection_never_claims_or_mutates_original (test_resource_worker.ResourceWorkerTests.test_future_wire_budget_rejection_never_claims_or_mutates_original) ... ok
test_invalid_worker_limits_are_rejected_before_lifetime_claim (test_resource_worker.ResourceWorkerTests.test_invalid_worker_limits_are_rejected_before_lifetime_claim) ... ok
test_original_message_byte_capacity_and_invalid_limits (test_resource_worker.ResourceWorkerTests.test_original_message_byte_capacity_and_invalid_limits) ... ok
test_original_request_cannot_be_claimed_twice (test_resource_worker.ResourceWorkerTests.test_original_request_cannot_be_claimed_twice) ... ok
test_registry_close_waits_for_owned_worker_and_retains_shutdown (test_resource_worker.ResourceWorkerTests.test_registry_close_waits_for_owned_worker_and_retains_shutdown) ... ok
test_registry_retire_cancels_owned_upload_without_manual_worker_sync (test_resource_worker.ResourceWorkerTests.test_registry_retire_cancels_owned_upload_without_manual_worker_sync) ... ok
test_restricted_resource_submit_requires_actual_model_state_before_claim (test_resource_worker.ResourceWorkerTests.test_restricted_resource_submit_requires_actual_model_state_before_claim) ... ok
test_result_capacity_is_reserved_until_released (test_resource_worker.ResourceWorkerTests.test_result_capacity_is_reserved_until_released) ... ok
test_store_has_one_worker_lifetime_and_no_caller_file_io (test_resource_worker.ResourceWorkerTests.test_store_has_one_worker_lifetime_and_no_caller_file_io) ... ok
test_timed_out_abort_drain_can_be_retried_without_losing_originals (test_resource_worker.ResourceWorkerTests.test_timed_out_abort_drain_can_be_retried_without_losing_originals) ... ok
test_abandoned_staging_requires_explicit_recovery (test_resources.ResourceTests.test_abandoned_staging_requires_explicit_recovery) ... ok
test_abort_outbox_reserves_space_and_never_evicts (test_resources.ResourceTests.test_abort_outbox_reserves_space_and_never_evicts) ... ok
test_actual_chunk_hash_rejected_before_write (test_resources.ResourceTests.test_actual_chunk_hash_rejected_before_write) ... ok
test_actual_multichunk_bytes_and_exact_duplicate (test_resources.ResourceTests.test_actual_multichunk_bytes_and_exact_duplicate) ... ok
test_all_five_resource_kinds_preserve_actual_bytes (test_resources.ResourceTests.test_all_five_resource_kinds_preserve_actual_bytes) ... ok
test_bad_base64_length_and_final_never_allocate (test_resources.ResourceTests.test_bad_base64_length_and_final_never_allocate) ... ok
test_bounded_constructor_rejects_noninteger_and_outside_limits (test_resources.ResourceTests.test_bounded_constructor_rejects_noninteger_and_outside_limits) ... ok
test_busy_and_stale_lock_are_not_deleted (test_resources.ResourceTests.test_busy_and_stale_lock_are_not_deleted) ... ok
test_changed_declaration_and_other_session_cannot_take_upload (test_resources.ResourceTests.test_changed_declaration_and_other_session_cannot_take_upload) ... ok
test_chunk_limit_does_not_drop_existing_data (test_resources.ResourceTests.test_chunk_limit_does_not_drop_existing_data) ... ok
test_clock_and_session_types_reject_before_state_change (test_resources.ResourceTests.test_clock_and_session_types_reject_before_state_change) ... ok
test_close_is_terminal_returns_originals_and_is_idempotent (test_resources.ResourceTests.test_close_is_terminal_returns_originals_and_is_idempotent) ... ok
test_common_actual_storage_exists (test_resources.ResourceTests.test_common_actual_storage_exists) ... ok
test_completed_retry_cannot_change_chunk_boundaries_or_kind (test_resources.ResourceTests.test_completed_retry_cannot_change_chunk_boundaries_or_kind) ... ok
test_defined_resource_validator_uses_frozen_definitions (test_resources.ResourceTests.test_defined_resource_validator_uses_frozen_definitions) ... ok
test_duplicate_obstacle_ids_reject_before_completion (test_resources.ResourceTests.test_duplicate_obstacle_ids_reject_before_completion) ... ok
test_early_final_gap_overlap_and_changed_chunk_rejected (test_resources.ResourceTests.test_early_final_gap_overlap_and_changed_chunk_rejected) ... ok
test_evidence_capacity_rejects_before_writes_and_clock_change (test_resources.ResourceTests.test_evidence_capacity_rejects_before_writes_and_clock_change) ... ok
test_file_creation_failure_aborts_with_original_request (test_resources.ResourceTests.test_file_creation_failure_aborts_with_original_request) ... ok
test_flush_failure_aborts_without_publishing_completion (test_resources.ResourceTests.test_flush_failure_aborts_without_publishing_completion) ... ok
test_frozen_message_closed_fields_and_wrong_message_id (test_resources.ResourceTests.test_frozen_message_closed_fields_and_wrong_message_id) ... ok
test_integral_json_numbers_preserve_integer_storage_offsets (test_resources.ResourceTests.test_integral_json_numbers_preserve_integer_storage_offsets) ... ok
test_invalid_storage_root_rejects_before_allocation (test_resources.ResourceTests.test_invalid_storage_root_rejects_before_allocation) ... ok
test_limits_enforced_without_eviction (test_resources.ResourceTests.test_limits_enforced_without_eviction) ... ok
test_low_disk_margin_rejected_with_actual_disk (test_resources.ResourceTests.test_low_disk_margin_rejected_with_actual_disk) ... ok
test_manifest_tamper_and_untrusted_types_fail_closed (test_resources.ResourceTests.test_manifest_tamper_and_untrusted_types_fail_closed) ... ok
test_metadata_disk_margin_checked_before_publication (test_resources.ResourceTests.test_metadata_disk_margin_checked_before_publication) ... ok
test_metadata_size_limit_before_parse (test_resources.ResourceTests.test_metadata_size_limit_before_parse) ... ok
test_mission_execute_index_rejects_before_completion (test_resources.ResourceTests.test_mission_execute_index_rejects_before_completion) ... ok
test_mutating_caller_message_cannot_change_abort_evidence (test_resources.ResourceTests.test_mutating_caller_message_cannot_change_abort_evidence) ... ok
test_original_noncanonical_json_bytes_not_rewritten (test_resources.ResourceTests.test_original_noncanonical_json_bytes_not_rewritten) ... ok
test_persisted_objects_reopen_with_actual_integrity_validation (test_resources.ResourceTests.test_persisted_objects_reopen_with_actual_integrity_validation) ... ok
test_resolve_detects_actual_file_tamper (test_resources.ResourceTests.test_resolve_detects_actual_file_tamper) ... ok
test_resolve_requires_exact_kind_and_actual_completed_hash (test_resources.ResourceTests.test_resolve_requires_exact_kind_and_actual_completed_hash) ... ok
test_resource_json_is_strict_and_closed (test_resources.ResourceTests.test_resource_json_is_strict_and_closed) ... ok
test_session_abort_is_scoped_and_preserves_completed_objects (test_resources.ResourceTests.test_session_abort_is_scoped_and_preserves_completed_objects) ... ok
test_staging_byte_tamper_detected_by_final_full_hash (test_resources.ResourceTests.test_staging_byte_tamper_detected_by_final_full_hash) ... ok
test_staging_hard_link_cannot_modify_unowned_file (test_resources.ResourceTests.test_staging_hard_link_cannot_modify_unowned_file) ... ok
test_staging_unexpected_nested_directory_is_never_deleted (test_resources.ResourceTests.test_staging_unexpected_nested_directory_is_never_deleted) ... ok
test_startup_detects_tamper_without_removing_objects (test_resources.ResourceTests.test_startup_detects_tamper_without_removing_objects) ... ok
test_terrain_grid_length_rejects_before_completion (test_resources.ResourceTests.test_terrain_grid_length_rejects_before_completion) ... ok
test_unknown_root_entries_are_never_removed (test_resources.ResourceTests.test_unknown_root_entries_are_never_removed) ... ok
test_unregistered_completed_destination_is_never_overwritten (test_resources.ResourceTests.test_unregistered_completed_destination_is_never_overwritten) ... ok
test_wrong_whole_hash_aborts_and_retains_original_requests (test_resources.ResourceTests.test_wrong_whole_hash_aborts_and_retains_original_requests) ... ok
test_both_messages_require_all_nine_operations_and_no_success_is_claimed (test_retirement.CleanupGuardTests.test_both_messages_require_all_nine_operations_and_no_success_is_claimed) ... ok
test_cleanup_accepts_safety_boundary_in_all_states_including_failed (test_retirement.CleanupGuardTests.test_cleanup_accepts_safety_boundary_in_all_states_including_failed) ... ok
test_false_missing_extra_and_non_boolean_cleanup_fields_are_rejected (test_retirement.CleanupGuardTests.test_false_missing_extra_and_non_boolean_cleanup_fields_are_rejected) ... ok
test_model_cleanup_running_and_frozen_targets_obey_actual_boundary (test_retirement.CleanupGuardTests.test_model_cleanup_running_and_frozen_targets_obey_actual_boundary) ... ok
test_session_close_preserves_each_explicit_reason_and_rejects_other_messages (test_retirement.CleanupGuardTests.test_session_close_preserves_each_explicit_reason_and_rejects_other_messages) ... ok
test_session_close_uses_actual_service_boundary_not_future_or_late_header_target (test_retirement.CleanupGuardTests.test_session_close_uses_actual_service_boundary_not_future_or_late_header_target) ... ok
test_failed_maintenance_clock_preflight_does_not_delete_any_resource (test_retirement.RetirementTests.test_failed_maintenance_clock_preflight_does_not_delete_any_resource) ... ok
test_idle_queue_maintenance_preserves_original_rejections_and_other_session (test_retirement.RetirementTests.test_idle_queue_maintenance_preserves_original_rejections_and_other_session) ... ok
test_idle_revoke_releases_fragments_even_without_pending_model_input (test_retirement.RetirementTests.test_idle_revoke_releases_fragments_even_without_pending_model_input) ... ok
test_implicit_ingress_maintenance_keeps_original_rejection_until_drained (test_retirement.RetirementTests.test_implicit_ingress_maintenance_keeps_original_rejection_until_drained) ... ok
test_inactive_cleanup_preserves_pending_pre_session_zero_until_shutdown (test_retirement.RetirementTests.test_inactive_cleanup_preserves_pending_pre_session_zero_until_shutdown) ... ok
test_maintenance_capacity_is_local_strict_and_cannot_expand_protocol_limits (test_retirement.RetirementTests.test_maintenance_capacity_is_local_strict_and_cannot_expand_protocol_limits) ... ok
test_maintenance_mailbox_full_refuses_deletion_until_prior_records_drained (test_retirement.RetirementTests.test_maintenance_mailbox_full_refuses_deletion_until_prior_records_drained) ... ok
test_maintenance_preview_is_read_only_and_its_sessions_are_strict (test_retirement.RetirementTests.test_maintenance_preview_is_read_only_and_its_sessions_are_strict) ... ok
test_reassembler_inactive_filter_is_strict_and_clear_preserves_clock (test_retirement.RetirementTests.test_reassembler_inactive_filter_is_strict_and_clear_preserves_clock) ... ok
test_receiver_close_clears_revoked_fragments_and_returns_all_original_inputs (test_retirement.RetirementTests.test_receiver_close_clears_revoked_fragments_and_returns_all_original_inputs) ... ok
test_receiver_idle_expiry_releases_queue_without_a_model_step (test_retirement.RetirementTests.test_receiver_idle_expiry_releases_queue_without_a_model_step) ... ok
test_receiver_retirement_releases_only_named_fragments_and_queue (test_retirement.RetirementTests.test_receiver_retirement_releases_only_named_fragments_and_queue) ... ok
test_registry_shutdown_returns_discarded_inputs_and_is_permanent (test_retirement.RetirementTests.test_registry_shutdown_returns_discarded_inputs_and_is_permanent) ... ok
test_registry_without_model_queue_retirement_and_maintenance_still_work (test_retirement.RetirementTests.test_registry_without_model_queue_retirement_and_maintenance_still_work) ... ok
test_retired_feedback_is_retained_but_cannot_admit_retry_or_open_again (test_retirement.RetirementTests.test_retired_feedback_is_retained_but_cannot_admit_retry_or_open_again) ... ok
test_retirement_identity_is_strict_and_cannot_delete_another_session (test_retirement.RetirementTests.test_retirement_identity_is_strict_and_cannot_delete_another_session) ... ok
test_retirement_preserves_model_step_and_does_not_reclaim_old_admission (test_retirement.RetirementTests.test_retirement_preserves_model_step_and_does_not_reclaim_old_admission) ... ok
test_retirement_releases_only_its_owned_queue_and_retains_original_input (test_retirement.RetirementTests.test_retirement_releases_only_its_owned_queue_and_retains_original_input) ... ok
test_shutdown_inputs_survive_implicit_close_and_can_be_drained_once (test_retirement.RetirementTests.test_shutdown_inputs_survive_implicit_close_and_can_be_drained_once) ... ok
test_shutdown_keeps_prior_maintenance_separate_from_remaining_queue (test_retirement.RetirementTests.test_shutdown_keeps_prior_maintenance_separate_from_remaining_queue) ... ok
test_wire_cleanup_without_consumers_is_failure_and_not_local_retirement (test_retirement.RetirementTests.test_wire_cleanup_without_consumers_is_failure_and_not_local_retirement) ... ok
test_actual_submitted_lifecycle_payload_cannot_replace_approved_steps (test_runtime_lifecycle.RuntimeLifecycleTests.test_actual_submitted_lifecycle_payload_cannot_replace_approved_steps) ... ok
test_actual_transition_state_is_checked_before_allocation (test_runtime_lifecycle.RuntimeLifecycleTests.test_actual_transition_state_is_checked_before_allocation) ... ok
test_all_six_actions_keep_the_original_semantic_decision (test_runtime_lifecycle.RuntimeLifecycleTests.test_all_six_actions_keep_the_original_semantic_decision) ... ok
test_encoded_lifecycle_packet_cannot_replace_approved_steps (test_runtime_lifecycle.RuntimeLifecycleTests.test_encoded_lifecycle_packet_cannot_replace_approved_steps) ... ok
test_exact_applied_resume_transaction_can_finish_after_clock_retirement (test_runtime_lifecycle.RuntimeLifecycleTests.test_exact_applied_resume_transaction_can_finish_after_clock_retirement) ... ok
test_exact_reset_can_finish_but_wrong_step_cannot_use_retirement (test_runtime_lifecycle.RuntimeLifecycleTests.test_exact_reset_can_finish_but_wrong_step_cannot_use_retirement) ... ok
test_first_retirement_is_immutable_and_status_cannot_revive_old_epoch (test_runtime_lifecycle.RuntimeLifecycleTests.test_first_retirement_is_immutable_and_status_cannot_revive_old_epoch) ... ok
test_lifecycle_probe_is_rechecked_before_allocation_without_counter_use (test_runtime_lifecycle.RuntimeLifecycleTests.test_lifecycle_probe_is_rechecked_before_allocation_without_counter_use) ... ok
test_offline_step_rejects_physical_loop_and_actual_run_duration (test_runtime_lifecycle.RuntimeLifecycleTests.test_offline_step_rejects_physical_loop_and_actual_run_duration) ... ok
test_published_message_without_actual_lifecycle_probe_is_not_ready (test_runtime_lifecycle.RuntimeLifecycleTests.test_published_message_without_actual_lifecycle_probe_is_not_ready) ... ok
test_retirement_does_not_finish_another_pending_native_transaction (test_runtime_lifecycle.RuntimeLifecycleTests.test_retirement_does_not_finish_another_pending_native_transaction) ... ok
test_stopped_reset_is_management_only_not_permission_for_data (test_runtime_lifecycle.RuntimeLifecycleTests.test_stopped_reset_is_management_only_not_permission_for_data) ... ok
test_validated_ack_does_not_retire_or_finish_lifecycle (test_runtime_lifecycle.RuntimeLifecycleTests.test_validated_ack_does_not_retire_or_finish_lifecycle) ... ok
test_actual_paused_context_approves_current_boundary_without_allocation (test_runtime_targets.RuntimeTargetTests.test_actual_paused_context_approves_current_boundary_without_allocation) ... ok
test_allocation_scope_fails_if_another_original_scope_lock_is_held (test_runtime_targets.RuntimeTargetTests.test_allocation_scope_fails_if_another_original_scope_lock_is_held) ... ok
test_approval_cannot_adopt_a_replaced_lease_during_driver_handoff (test_runtime_targets.RuntimeTargetTests.test_approval_cannot_adopt_a_replaced_lease_during_driver_handoff) ... ok
test_backend_failure_and_replacement_never_approve_or_lose_history (test_runtime_targets.RuntimeTargetTests.test_backend_failure_and_replacement_never_approve_or_lose_history) ... ok
test_can_requires_actual_selected_sender_before_target_approval (test_runtime_targets.RuntimeTargetTests.test_can_requires_actual_selected_sender_before_target_approval) ... ok
test_complete_frozen_config_context_and_status_agreement_required (test_runtime_targets.RuntimeTargetTests.test_complete_frozen_config_context_and_status_agreement_required) ... ok
test_controller_cannot_borrow_same_source_string_without_actual_owner (test_runtime_targets.RuntimeTargetTests.test_controller_cannot_borrow_same_source_string_without_actual_owner) ... ok
test_driver_rechecks_selected_sender_after_preflight (test_runtime_targets.RuntimeTargetTests.test_driver_rechecks_selected_sender_after_preflight) ... ok
test_driver_replacement_of_explicit_authorizer_is_rejected_before_tx (test_runtime_targets.RuntimeTargetTests.test_driver_replacement_of_explicit_authorizer_is_rejected_before_tx) ... ok
test_expired_control_during_native_validation_cannot_allocate_or_tx (test_runtime_targets.RuntimeTargetTests.test_expired_control_during_native_validation_cannot_allocate_or_tx) ... ok
test_expiry_after_allocation_before_fragment_tx_retains_allocation_without_send (test_runtime_targets.RuntimeTargetTests.test_expiry_after_allocation_before_fragment_tx_retains_allocation_without_send) ... ok
test_installed_authorizer_is_used_by_original_driver_before_native_tx (test_runtime_targets.RuntimeTargetTests.test_installed_authorizer_is_used_by_original_driver_before_native_tx) ... ok
test_invalid_half_open_times_and_source_changed_during_getter_refuse (test_runtime_targets.RuntimeTargetTests.test_invalid_half_open_times_and_source_changed_during_getter_refuse) ... ok
test_no_default_backend_and_snapshot_immutable_strict_types (test_runtime_targets.RuntimeTargetTests.test_no_default_backend_and_snapshot_immutable_strict_types) ... ok
test_pre_read_count_and_byte_limits_keep_original_prefix (test_runtime_targets.RuntimeTargetTests.test_pre_read_count_and_byte_limits_keep_original_prefix) ... ok
test_registered_actual_owner_and_standard_applied_lease_allow_controller_only_until_deadline (test_runtime_targets.RuntimeTargetTests.test_registered_actual_owner_and_standard_applied_lease_allow_controller_only_until_deadline) ... ok
test_registered_snapshot_rejects_nested_mutability_and_boolean_deadlines (test_runtime_targets.RuntimeTargetTests.test_registered_snapshot_rejects_nested_mutability_and_boolean_deadlines) ... ok
test_running_future_target_is_bounded_by_actual_configured_duration (test_runtime_targets.RuntimeTargetTests.test_running_future_target_is_bounded_by_actual_configured_duration) ... ok
test_selected_can_channel_must_be_active_and_original_binding_retained (test_runtime_targets.RuntimeTargetTests.test_selected_can_channel_must_be_active_and_original_binding_retained) ... ok
test_unhashable_action_and_backend_model_are_typed_rejections (test_runtime_targets.RuntimeTargetTests.test_unhashable_action_and_backend_model_are_typed_rejections) ... ok
test_actual_record_is_immutable_and_drain_cannot_overlap_tx (test_scapy_source.ScapySourceTests.test_actual_record_is_immutable_and_drain_cannot_overlap_tx) ... ok
test_actual_scapy_complete_frame_and_standard_grant_no_udp_fallback (test_scapy_source.ScapySourceTests.test_actual_scapy_complete_frame_and_standard_grant_no_udp_fallback) ... ok
test_actual_scapy_resource_fragments_keep_original_no_burst_pacing (test_scapy_source.ScapySourceTests.test_actual_scapy_resource_fragments_keep_original_no_burst_pacing) ... ok
test_all_four_formal_eth_mappings_keep_same_standard_contract (test_scapy_source.ScapySourceTests.test_all_four_formal_eth_mappings_keep_same_standard_contract) ... ok
test_bounded_bytes_fail_before_actual_call_and_limits_are_strict (test_scapy_source.ScapySourceTests.test_bounded_bytes_fail_before_actual_call_and_limits_are_strict) ... ok
test_bounded_l2_records_fail_before_send_and_keep_original_prefix (test_scapy_source.ScapySourceTests.test_bounded_l2_records_fail_before_send_and_keep_original_prefix) ... ok
test_close_failure_retries_same_original_pcap_handle (test_scapy_source.ScapySourceTests.test_close_failure_retries_same_original_pcap_handle) ... ok
test_close_retains_records_reservation_and_does_not_report_remote_cleanup (test_scapy_source.ScapySourceTests.test_close_retains_records_reservation_and_does_not_report_remote_cleanup) ... ok
test_constructor_backend_failure_closes_both_udp_sockets (test_scapy_source.ScapySourceTests.test_constructor_backend_failure_closes_both_udp_sockets) ... ok
test_cooperative_original_dispatcher_uses_scapy_and_matching_feedback (test_scapy_source.ScapySourceTests.test_cooperative_original_dispatcher_uses_scapy_and_matching_feedback) ... ok
test_direct_send_and_close_cannot_bypass_attached_dispatcher (test_scapy_source.ScapySourceTests.test_direct_send_and_close_cannot_bypass_attached_dispatcher) ... ok
test_direct_send_and_close_cannot_bypass_session_operation (test_scapy_source.ScapySourceTests.test_direct_send_and_close_cannot_bypass_session_operation) ... ok
test_existing_prepared_bytes_remain_owned_after_later_allocation (test_scapy_source.ScapySourceTests.test_existing_prepared_bytes_remain_owned_after_later_allocation) ... ok
test_expired_grant_rejected_before_send (test_scapy_source.ScapySourceTests.test_expired_grant_rejected_before_send) ... ok
test_explicit_transaction_gap_and_header_mutation_are_not_allocations (test_scapy_source.ScapySourceTests.test_explicit_transaction_gap_and_header_mutation_are_not_allocations) ... ok
test_invalid_backend_return_is_not_success (test_scapy_source.ScapySourceTests.test_invalid_backend_return_is_not_success) ... ok
test_l2_record_drain_rejected_while_original_recorder_attached (test_scapy_source.ScapySourceTests.test_l2_record_drain_rejected_while_original_recorder_attached) ... ok
test_missing_original_l2_backend_never_falls_back (test_scapy_source.ScapySourceTests.test_missing_original_l2_backend_never_falls_back) ... ok
test_no_live_standard_grant_cannot_send_regular_input (test_scapy_source.ScapySourceTests.test_no_live_standard_grant_cannot_send_regular_input) ... ok
test_original_recorded_udp_dispatch_bytes_still_match_outer_frames (test_scapy_source.ScapySourceTests.test_original_recorded_udp_dispatch_bytes_still_match_outer_frames) ... ok
test_post_send_expiry_keeps_actual_transmitted_bytes_and_failure (test_scapy_source.ScapySourceTests.test_post_send_expiry_keeps_actual_transmitted_bytes_and_failure) ... ok
test_released_local_token_cannot_transmit_and_is_not_automatically_reacquired (test_scapy_source.ScapySourceTests.test_released_local_token_cannot_transmit_and_is_not_automatically_reacquired) ... ok
test_role_and_capability_and_sid_are_checked_at_actual_tx (test_scapy_source.ScapySourceTests.test_role_and_capability_and_sid_are_checked_at_actual_tx) ... ok
test_short_write_is_recorded_not_success_and_no_retry_fallback (test_scapy_source.ScapySourceTests.test_short_write_is_recorded_not_success_and_no_retry_fallback) ... ok
test_signed_zero_remains_original_wire_bytes (test_scapy_source.ScapySourceTests.test_signed_zero_remains_original_wire_bytes) ... ok
test_socket_error_retains_complete_attempt_and_dispatch_failure (test_scapy_source.ScapySourceTests.test_socket_error_retains_complete_attempt_and_dispatch_failure) ... ok
test_source_rejects_foreign_reservation_branch_mapping_and_bad_mac (test_scapy_source.ScapySourceTests.test_source_rejects_foreign_reservation_branch_mapping_and_bad_mac) ... ok
test_successful_original_pcap_close_is_not_repeated (test_scapy_source.ScapySourceTests.test_successful_original_pcap_close_is_not_repeated) ... ok
test_all_97_frozen_bindings_and_105_elements_resolve_to_complete_actual_fields (test_scenario.ScenarioTests.test_all_97_frozen_bindings_and_105_elements_resolve_to_complete_actual_fields) ... ok
test_all_snapshot_storage_counts_and_unverified_contract_rejects (test_scenario.ScenarioTests.test_all_snapshot_storage_counts_and_unverified_contract_rejects) ... ok
test_all_ten_events_retained_sorted_and_controls_not_executed (test_scenario.ScenarioTests.test_all_ten_events_retained_sorted_and_controls_not_executed) ... ok
test_arithmetic_intersection_matches_small_enumerated_progressions (test_scenario.ScenarioTests.test_arithmetic_intersection_matches_small_enumerated_progressions) ... ok
test_arrays_all_elements_and_boolean_targets_count_for_complete_snapshot (test_scenario.ScenarioTests.test_arrays_all_elements_and_boolean_targets_count_for_complete_snapshot) ... ok
test_collision_budget_does_not_silently_ignore_long_overlapping_streams (test_scenario.ScenarioTests.test_collision_budget_does_not_silently_ignore_long_overlapping_streams) ... ok
test_complete_snapshot_collision_across_original_tools_and_alias_messages (test_scenario.ScenarioTests.test_complete_snapshot_collision_across_original_tools_and_alias_messages) ... ok
test_duplicate_namespaces_prior_stop_link_and_fault_restrictions (test_scenario.ScenarioTests.test_duplicate_namespaces_prior_stop_link_and_fault_restrictions) ... ok
test_end_cleanup_clips_future_streams_but_is_not_completed_cleanup (test_scenario.ScenarioTests.test_end_cleanup_clips_future_streams_but_is_not_completed_cleanup) ... ok
test_large_finite_streams_are_not_expanded_and_output_limit_fails_before_yield (test_scenario.ScenarioTests.test_large_finite_streams_are_not_expanded_and_output_limit_fails_before_yield) ... ok
test_negative_mutation_integer_fields_do_not_accept_float_or_bool (test_scenario.ScenarioTests.test_negative_mutation_integer_fields_do_not_accept_float_or_bool) ... ok
test_periodic_collision_with_static_and_later_coprime_intersection (test_scenario.ScenarioTests.test_periodic_collision_with_static_and_later_coprime_intersection) ... ok
test_periodic_first_count_and_same_step_stop_sort_boundary (test_scenario.ScenarioTests.test_periodic_first_count_and_same_step_stop_sort_boundary) ... ok
test_replay_reference_negative_case_and_unresolved_consumers_are_explicit (test_scenario.ScenarioTests.test_replay_reference_negative_case_and_unresolved_consumers_are_explicit) ... ok
test_snapshot_actions_detached_immutable_and_signed_zero_preserved (test_scenario.ScenarioTests.test_snapshot_actions_detached_immutable_and_signed_zero_preserved) ... ok
test_sort_priority_then_event_id_without_changing_original_snapshot (test_scenario.ScenarioTests.test_sort_priority_then_event_id_without_changing_original_snapshot) ... ok
test_source_audit_exposes_plan_and_rejects_real_complete_snapshot_collision (test_scenario.ScenarioTests.test_source_audit_exposes_plan_and_rejects_real_complete_snapshot_collision) ... ok
test_strict_models_timing_counts_and_uint32_overflow (test_scenario.ScenarioTests.test_strict_models_timing_counts_and_uint32_overflow) ... ok
test_terminal_waveform_sample_collision_and_stop_clipping_are_not_missed (test_scenario.ScenarioTests.test_terminal_waveform_sample_collision_and_stop_clipping_are_not_missed) ... ok
test_two_waveforms_different_changed_fields_still_write_full_same_ports (test_scenario.ScenarioTests.test_two_waveforms_different_changed_fields_still_write_full_same_ports) ... ok
test_waveform_exact_terminal_sample_even_when_period_not_divisible (test_scenario.ScenarioTests.test_waveform_exact_terminal_sample_even_when_period_not_divisible) ... ok
test_actual_can_status_uses_the_same_original_reader_and_handler (test_scenario_assertions.ScenarioAssertionTests.test_actual_can_status_uses_the_same_original_reader_and_handler) ... ok
test_all_eight_operators_use_actual_status_values (test_scenario_assertions.ScenarioAssertionTests.test_all_eight_operators_use_actual_status_values) ... ok
test_all_twelve_frozen_status_fields_are_read_without_invented_values (test_scenario_assertions.ScenarioAssertionTests.test_all_twelve_frozen_status_fields_are_read_without_invented_values) ... ok
test_bool_and_string_fields_use_exact_received_types (test_scenario_assertions.ScenarioAssertionTests.test_bool_and_string_fields_use_exact_received_types) ... ok
test_capture_cannot_bypass_actual_source_operation_owner (test_scenario_assertions.ScenarioAssertionTests.test_capture_cannot_bypass_actual_source_operation_owner) ... ok
test_event_assert_and_foreign_action_keep_original_routing (test_scenario_assertions.ScenarioAssertionTests.test_event_assert_and_foreign_action_keep_original_routing) ... ok
test_exact_raw_sample_provenance_is_detached_and_immutable (test_scenario_assertions.ScenarioAssertionTests.test_exact_raw_sample_provenance_is_detached_and_immutable) ... ok
test_expired_unread_sample_cannot_count_toward_success (test_scenario_assertions.ScenarioAssertionTests.test_expired_unread_sample_cannot_count_toward_success) ... ok
test_field_and_expected_type_are_checked_at_preflight (test_scenario_assertions.ScenarioAssertionTests.test_field_and_expected_type_are_checked_at_preflight) ... ok
test_forged_compiled_plan_cannot_change_original_assertions (test_scenario_assertions.ScenarioAssertionTests.test_forged_compiled_plan_cannot_change_original_assertions) ... ok
test_forged_handle_and_action_and_duplicate_begin_are_rejected (test_scenario_assertions.ScenarioAssertionTests.test_forged_handle_and_action_and_duplicate_begin_are_rejected) ... ok
test_full_sample_history_rejects_new_handle_without_mutation (test_scenario_assertions.ScenarioAssertionTests.test_full_sample_history_rejects_new_handle_without_mutation) ... ok
test_half_open_deadline_does_not_catch_up_old_samples (test_scenario_assertions.ScenarioAssertionTests.test_half_open_deadline_does_not_catch_up_old_samples) ... ok
test_handler_capacity_limits_fail_before_new_handle (test_scenario_assertions.ScenarioAssertionTests.test_handler_capacity_limits_fail_before_new_handle) ... ok
test_invalid_handle_fields_fail_as_state_not_python_exception (test_scenario_assertions.ScenarioAssertionTests.test_invalid_handle_fields_fail_as_state_not_python_exception) ... ok
test_missing_model_reader_and_evidence_stage_fail_before_allocation (test_scenario_assertions.ScenarioAssertionTests.test_missing_model_reader_and_evidence_stage_fail_before_allocation) ... ok
test_old_status_and_repeated_poll_do_not_count (test_scenario_assertions.ScenarioAssertionTests.test_old_status_and_repeated_poll_do_not_count) ... ok
test_ordinary_assert_mismatch_fails_with_original_handle (test_scenario_assertions.ScenarioAssertionTests.test_ordinary_assert_mismatch_fails_with_original_handle) ... ok
test_original_runtime_boundary_delegates_to_real_assertion_handler (test_scenario_assertions.ScenarioAssertionTests.test_original_runtime_boundary_delegates_to_real_assertion_handler) ... ok
test_original_services_cannot_default_to_fake_success_without_reader (test_scenario_assertions.ScenarioAssertionTests.test_original_services_cannot_default_to_fake_success_without_reader) ... ok
test_pending_handler_fails_on_wrong_actual_model_step (test_scenario_assertions.ScenarioAssertionTests.test_pending_handler_fails_on_wrong_actual_model_step) ... ok
test_reader_does_not_send_allocate_drain_or_renew (test_scenario_assertions.ScenarioAssertionTests.test_reader_does_not_send_allocate_drain_or_renew) ... ok
test_reader_is_single_owner_and_close_retains_history (test_scenario_assertions.ScenarioAssertionTests.test_reader_is_single_owner_and_close_retains_history) ... ok
test_reader_overflow_retains_prefix_and_does_not_hide_transport_rx (test_scenario_assertions.ScenarioAssertionTests.test_reader_overflow_retains_prefix_and_does_not_hide_transport_rx) ... ok
test_source_and_reader_replacement_and_close_do_not_adopt_samples (test_scenario_assertions.ScenarioAssertionTests.test_source_and_reader_replacement_and_close_do_not_adopt_samples) ... ok
test_unpolled_intermediate_mismatch_breaks_consecutive_wait_samples (test_scenario_assertions.ScenarioAssertionTests.test_unpolled_intermediate_mismatch_breaks_consecutive_wait_samples) ... ok
test_unpublished_status_probe_is_rejected_from_actual_grant (test_scenario_assertions.ScenarioAssertionTests.test_unpublished_status_probe_is_rejected_from_actual_grant) ... ok
test_unread_samples_from_successive_steps_are_compared_in_order (test_scenario_assertions.ScenarioAssertionTests.test_unread_samples_from_successive_steps_are_compared_in_order) ... ok
test_actual_original_native_tx_and_feedback_inside_controller (test_scenario_driver.ScenarioDriverTests.test_actual_original_native_tx_and_feedback_inside_controller) ... ok
test_bad_local_cleanup_clock_still_attempts_remote_cleanup (test_scenario_driver.ScenarioDriverTests.test_bad_local_cleanup_clock_still_attempts_remote_cleanup) ... ok
test_cleanup_accumulates_original_incremental_receipts (test_scenario_driver.ScenarioDriverTests.test_cleanup_accumulates_original_incremental_receipts) ... ok
test_cleanup_can_confirm_actual_original_source_close (test_scenario_driver.ScenarioDriverTests.test_cleanup_can_confirm_actual_original_source_close) ... ok
test_cleanup_deadline_clock_failure_is_local_not_remote (test_scenario_driver.ScenarioDriverTests.test_cleanup_deadline_clock_failure_is_local_not_remote) ... ok
test_cleanup_error_history_stays_bounded_and_invalid_receipts_are_closed (test_scenario_driver.ScenarioDriverTests.test_cleanup_error_history_stays_bounded_and_invalid_receipts_are_closed) ... ok
test_cleanup_has_local_monotonic_deadline (test_scenario_driver.ScenarioDriverTests.test_cleanup_has_local_monotonic_deadline) ... ok
test_cleanup_provider_session_change_cannot_count_new_receipts (test_scenario_driver.ScenarioDriverTests.test_cleanup_provider_session_change_cannot_count_new_receipts) ... ok
test_cleanup_session_change_before_poll_never_calls_remote (test_scenario_driver.ScenarioDriverTests.test_cleanup_session_change_before_poll_never_calls_remote) ... ok
test_cleanup_stale_session_stops_local_without_remote_begin (test_scenario_driver.ScenarioDriverTests.test_cleanup_stale_session_stops_local_without_remote_begin) ... ok
test_cleanup_starts_remote_even_when_local_stop_needs_retry (test_scenario_driver.ScenarioDriverTests.test_cleanup_starts_remote_even_when_local_stop_needs_retry) ... ok
test_cleanup_synchronous_original_close_can_deliver_final_receipt (test_scenario_driver.ScenarioDriverTests.test_cleanup_synchronous_original_close_can_deliver_final_receipt) ... ok
test_closing_another_sid_cannot_confirm_original_cleanup (test_scenario_driver.ScenarioDriverTests.test_closing_another_sid_cannot_confirm_original_cleanup) ... ok
test_delegate_begin_failure_is_not_retried (test_scenario_driver.ScenarioDriverTests.test_delegate_begin_failure_is_not_retried) ... ok
test_empty_provider_handle_cannot_be_wrapped_as_valid_action (test_scenario_driver.ScenarioDriverTests.test_empty_provider_handle_cannot_be_wrapped_as_valid_action) ... ok
test_empty_provider_handle_cannot_be_wrapped_as_valid_root_assertion (test_scenario_driver.ScenarioDriverTests.test_empty_provider_handle_cannot_be_wrapped_as_valid_root_assertion) ... ok
test_explicit_none_step_cannot_start_remote_cleanup (test_scenario_driver.ScenarioDriverTests.test_explicit_none_step_cannot_start_remote_cleanup) ... ok
test_finite_handle_budget_and_reentry_are_rejected (test_scenario_driver.ScenarioDriverTests.test_finite_handle_budget_and_reentry_are_rejected) ... ok
test_forged_root_assertion_metadata_is_rejected_before_service_begin (test_scenario_driver.ScenarioDriverTests.test_forged_root_assertion_metadata_is_rejected_before_service_begin) ... ok
test_frozen_model_native_target_must_equal_actual_current_step (test_scenario_driver.ScenarioDriverTests.test_frozen_model_native_target_must_equal_actual_current_step) ... ok
test_missing_receipt_never_becomes_complete (test_scenario_driver.ScenarioDriverTests.test_missing_receipt_never_becomes_complete) ... ok
test_missing_services_or_status_never_allocates_or_transmits (test_scenario_driver.ScenarioDriverTests.test_missing_services_or_status_never_allocates_or_transmits) ... ok
test_partition_preserves_original_nonnative_link_and_plan (test_scenario_driver.ScenarioDriverTests.test_partition_preserves_original_nonnative_link_and_plan) ... ok
test_remote_terminal_receipt_is_not_repolled_while_local_recovery_pending (test_scenario_driver.ScenarioDriverTests.test_remote_terminal_receipt_is_not_repolled_while_local_recovery_pending) ... ok
test_service_begin_session_change_retains_attempt_without_retry (test_scenario_driver.ScenarioDriverTests.test_service_begin_session_change_retains_attempt_without_retry) ... ok
test_service_poll_exception_retains_context_and_separate_remote_error (test_scenario_driver.ScenarioDriverTests.test_service_poll_exception_retains_context_and_separate_remote_error) ... ok
test_service_poll_session_change_cannot_cache_completion (test_scenario_driver.ScenarioDriverTests.test_service_poll_session_change_cannot_cache_completion) ... ok
test_strict_observed_step_target_and_action_before_native_allocation (test_scenario_driver.ScenarioDriverTests.test_strict_observed_step_target_and_action_before_native_allocation) ... ok
test_whole_plan_service_preflight_failure_precedes_native_send (test_scenario_driver.ScenarioDriverTests.test_whole_plan_service_preflight_failure_precedes_native_send) ... ok
test_wrapped_original_handles_reject_forged_or_foreign_progress (test_scenario_driver.ScenarioDriverTests.test_wrapped_original_handles_reject_forged_or_foreign_progress) ... ok
test_wrong_kind_on_native_link_remains_service_event (test_scenario_driver.ScenarioDriverTests.test_wrong_kind_on_native_link_remains_service_event) ... ok
test_action_owner_busy_or_replaced_fails_without_worker_or_reclaim (test_scenario_evidence_recorder.ScenarioRecorderTests.test_action_owner_busy_or_replaced_fails_without_worker_or_reclaim) ... ok
test_actions_continue_after_verified_segment_and_plan_saved_once (test_scenario_evidence_recorder.ScenarioRecorderTests.test_actions_continue_after_verified_segment_and_plan_saved_once) ... ok
test_actual_controller_records_and_named_cleanup_are_saved_not_qualified (test_scenario_evidence_recorder.ScenarioRecorderTests.test_actual_controller_records_and_named_cleanup_are_saved_not_qualified) ... ok
test_closed_run_record_fields_handles_and_bytes_are_lossless (test_scenario_evidence_recorder.ScenarioRecorderTests.test_closed_run_record_fields_handles_and_bytes_are_lossless) ... ok
test_count_and_byte_limits_do_not_reclaim_or_allocate_worker (test_scenario_evidence_recorder.ScenarioRecorderTests.test_count_and_byte_limits_do_not_reclaim_or_allocate_worker) ... ok
test_equal_action_record_replacement_refuses_all_stream_commit (test_scenario_evidence_recorder.ScenarioRecorderTests.test_equal_action_record_replacement_refuses_all_stream_commit) ... ok
test_persisted_plan_keeps_exact_original_identity_and_resource_bytes (test_scenario_evidence_recorder.ScenarioRecorderTests.test_persisted_plan_keeps_exact_original_identity_and_resource_bytes) ... ok
test_replaced_plan_is_rejected_before_action_allocation_or_tx (test_scenario_evidence_recorder.ScenarioRecorderTests.test_replaced_plan_is_rejected_before_action_allocation_or_tx) ... ok
test_required_original_scenario_recording_entry (test_scenario_evidence_recorder.ScenarioRecorderTests.test_required_original_scenario_recording_entry) ... ok
test_required_plan_and_event_identifiers_cannot_be_null (test_scenario_evidence_recorder.ScenarioRecorderTests.test_required_plan_and_event_identifiers_cannot_be_null) ... ok
test_saved_history_cannot_be_replaced_before_next_segment (test_scenario_evidence_recorder.ScenarioRecorderTests.test_saved_history_cannot_be_replaced_before_next_segment) ... ok
test_scenario_rows_cannot_be_downgraded_to_native_only_format (test_scenario_evidence_recorder.ScenarioRecorderTests.test_scenario_rows_cannot_be_downgraded_to_native_only_format) ... ok
test_unconsumed_eth_terminal_feedback_keeps_same_job_until_action_poll (test_scenario_evidence_recorder.ScenarioRecorderTests.test_unconsumed_eth_terminal_feedback_keeps_same_job_until_action_poll) ... ok
test_all_nine_incremental_receipts_are_bounded_and_survive_failure (test_scenario_execution.ScenarioExecutionTests.test_all_nine_incremental_receipts_are_bounded_and_survive_failure) ... ok
test_begin_failure_record_names_original_attempted_event (test_scenario_execution.ScenarioExecutionTests.test_begin_failure_record_names_original_attempted_event) ... ok
test_cleanup_exception_record_is_distinct_from_prior_run_failure (test_scenario_execution.ScenarioExecutionTests.test_cleanup_exception_record_is_distinct_from_prior_run_failure) ... ok
test_cleanup_missing_one_of_nine_fields_never_local_stopped (test_scenario_execution.ScenarioExecutionTests.test_cleanup_missing_one_of_nine_fields_never_local_stopped) ... ok
test_cleanup_unknown_error_is_normalized_to_frozen_resource (test_scenario_execution.ScenarioExecutionTests.test_cleanup_unknown_error_is_normalized_to_frozen_resource) ... ok
test_complete_budget_rejects_million_actions_before_any_driver_call (test_scenario_execution.ScenarioExecutionTests.test_complete_budget_rejects_million_actions_before_any_driver_call) ... ok
test_completed_short_root_does_not_timeout_while_long_root_is_pending (test_scenario_execution.ScenarioExecutionTests.test_completed_short_root_does_not_timeout_while_long_root_is_pending) ... ok
test_driver_non_icd_exception_is_recorded_and_cleanup_runs (test_scenario_execution.ScenarioExecutionTests.test_driver_non_icd_exception_is_recorded_and_cleanup_runs) ... ok
test_driver_reentrancy_is_rejected_without_second_execution (test_scenario_execution.ScenarioExecutionTests.test_driver_reentrancy_is_rejected_without_second_execution) ... ok
test_each_root_assertion_deadline_is_enforced_independently (test_scenario_execution.ScenarioExecutionTests.test_each_root_assertion_deadline_is_enforced_independently) ... ok
test_end_waits_for_outstanding_assert_operation_before_cleanup (test_scenario_execution.ScenarioExecutionTests.test_end_waits_for_outstanding_assert_operation_before_cleanup) ... ok
test_event_assertions_do_not_start_as_root_assertions_before_their_events (test_scenario_execution.ScenarioExecutionTests.test_event_assertions_do_not_start_as_root_assertions_before_their_events) ... ok
test_failure_reaches_cleanup_without_starting_later_events (test_scenario_execution.ScenarioExecutionTests.test_failure_reaches_cleanup_without_starting_later_events) ... ok
test_foreign_progress_handle_is_rejected_and_cleanup_requested (test_scenario_execution.ScenarioExecutionTests.test_foreign_progress_handle_is_rejected_and_cleanup_requested) ... ok
test_forged_compiled_plan_and_unknown_progress_are_not_trusted (test_scenario_execution.ScenarioExecutionTests.test_forged_compiled_plan_and_unknown_progress_are_not_trusted) ... ok
test_incremental_cleanup_pending_receipts_are_retained_once (test_scenario_execution.ScenarioExecutionTests.test_incremental_cleanup_pending_receipts_are_retained_once) ... ok
test_incremental_cleanup_requires_all_nine_receipts (test_scenario_execution.ScenarioExecutionTests.test_incremental_cleanup_requires_all_nine_receipts) ... ok
test_missing_driver_and_preflight_rejection_never_start_or_dispatch (test_scenario_execution.ScenarioExecutionTests.test_missing_driver_and_preflight_rejection_never_start_or_dispatch) ... ok
test_pending_limit_fails_before_next_begin_without_partial_overwrite (test_scenario_execution.ScenarioExecutionTests.test_pending_limit_fails_before_next_begin_without_partial_overwrite) ... ok
test_periodic_and_waveform_sampling_uses_original_order_without_duplication (test_scenario_execution.ScenarioExecutionTests.test_periodic_and_waveform_sampling_uses_original_order_without_duplication) ... ok
test_poll_exception_preserves_original_failed_handle_not_cancellation (test_scenario_execution.ScenarioExecutionTests.test_poll_exception_preserves_original_failed_handle_not_cancellation) ... ok
test_root_assertions_and_same_original_complete_stimulus_are_retained (test_scenario_execution.ScenarioExecutionTests.test_root_assertions_and_same_original_complete_stimulus_are_retained) ... ok
test_root_assertions_must_finish_before_cleanup (test_scenario_execution.ScenarioExecutionTests.test_root_assertions_must_finish_before_cleanup) ... ok
test_same_handle_for_two_operations_is_rejected (test_scenario_execution.ScenarioExecutionTests.test_same_handle_for_two_operations_is_rejected) ... ok
test_skip_model_step_fails_without_catchup_or_new_handle (test_scenario_execution.ScenarioExecutionTests.test_skip_model_step_fails_without_catchup_or_new_handle) ... ok
test_stop_cleanup_once_and_does_not_reexecute_or_claim_remote_safety (test_scenario_execution.ScenarioExecutionTests.test_stop_cleanup_once_and_does_not_reexecute_or_claim_remote_safety) ... ok
test_strict_step_types_backwards_and_second_start (test_scenario_execution.ScenarioExecutionTests.test_strict_step_types_backwards_and_second_start) ... ok
test_successful_stop_retains_local_cancellation_and_nine_cleanup_receipts (test_scenario_execution.ScenarioExecutionTests.test_successful_stop_retains_local_cancellation_and_nine_cleanup_receipts) ... ok
test_ten_original_event_kinds_and_replay_negative_fields_not_changed (test_scenario_execution.ScenarioExecutionTests.test_ten_original_event_kinds_and_replay_negative_fields_not_changed) ... ok
test_terminal_records_keep_original_runtime_handle_correlation (test_scenario_execution.ScenarioExecutionTests.test_terminal_records_keep_original_runtime_handle_correlation) ... ok
test_unhashable_adapter_error_code_cannot_escape_failure_recording (test_scenario_execution.ScenarioExecutionTests.test_unhashable_adapter_error_code_cannot_escape_failure_recording) ... ok
test_wait_blocks_same_step_following_until_original_handle_completes (test_scenario_execution.ScenarioExecutionTests.test_wait_blocks_same_step_following_until_original_handle_completes) ... ok
test_wait_does_not_rewrite_overdue_absolute_steps_after_release (test_scenario_execution.ScenarioExecutionTests.test_wait_does_not_rewrite_overdue_absolute_steps_after_release) ... ok
test_wait_timeout_is_enforced_even_if_driver_stays_pending (test_scenario_execution.ScenarioExecutionTests.test_wait_timeout_is_enforced_even_if_driver_stays_pending) ... ok
test_complete_configure_snapshot_is_immutable_and_not_model_ready (test_semantic_guards.SemanticTests.test_complete_configure_snapshot_is_immutable_and_not_model_ready) ... ok
test_complete_lifecycle_action_state_matrix (test_semantic_guards.SemanticTests.test_complete_lifecycle_action_state_matrix) ... ok
test_configuration_model_and_complete_initial_branch_must_match (test_semantic_guards.SemanticTests.test_configuration_model_and_complete_initial_branch_must_match) ... ok
test_configure_only_stopped_or_initial_configured (test_semantic_guards.SemanticTests.test_configure_only_stopped_or_initial_configured) ... ok
test_every_model_requires_explicit_safe_zero_control_initial_values (test_semantic_guards.SemanticTests.test_every_model_requires_explicit_safe_zero_control_initial_values) ... ok
test_expected_state_and_initial_configuration_cannot_be_assumed (test_semantic_guards.SemanticTests.test_expected_state_and_initial_configuration_cannot_be_assumed) ... ok
test_external_owner_cannot_use_sender_role_or_unknown_declared_source (test_semantic_guards.SemanticTests.test_external_owner_cannot_use_sender_role_or_unknown_declared_source) ... ok
test_external_owner_grant_requires_safe_values_clear_queue_and_fixed_lease (test_semantic_guards.SemanticTests.test_external_owner_grant_requires_safe_values_clear_queue_and_fixed_lease) ... ok
test_fixed_wing_explicit_velocity_is_not_overridden_and_airborne_matches_height (test_semantic_guards.SemanticTests.test_fixed_wing_explicit_velocity_is_not_overridden_and_airborne_matches_height) ... ok
test_frozen_boundary_is_current_and_running_boundary_is_future (test_semantic_guards.SemanticTests.test_frozen_boundary_is_current_and_running_boundary_is_future) ... ok
test_ground_sign_airborne_and_static_multirotor_are_consistent (test_semantic_guards.SemanticTests.test_ground_sign_airborne_and_static_multirotor_are_consistent) ... ok
test_handover_is_paused_only_and_none_is_revocation_not_grant (test_semantic_guards.SemanticTests.test_handover_is_paused_only_and_none_is_revocation_not_grant) ... ok
test_initial_sensor_failure_is_consistent_and_demo_model_is_not_silently_changed (test_semantic_guards.SemanticTests.test_initial_sensor_failure_is_consistent_and_demo_model_is_not_silently_changed) ... ok
test_initial_state_only_configured_paused_and_preserves_reset_requirement (test_semantic_guards.SemanticTests.test_initial_state_only_configured_paused_and_preserves_reset_requirement) ... ok
test_internal_demo_controller_is_declared_quad_only_and_not_external_writer (test_semantic_guards.SemanticTests.test_internal_demo_controller_is_declared_quad_only_and_not_external_writer) ... ok
test_invalid_quaternion_is_rejected_without_normalizing (test_semantic_guards.SemanticTests.test_invalid_quaternion_is_rejected_without_normalizing) ... ok
test_semantic_guards_exist (test_semantic_guards.SemanticTests.test_semantic_guards_exist) ... ok
test_step_is_exact_sequential_1ms_and_keeps_model_paused (test_semantic_guards.SemanticTests.test_step_is_exact_sequential_1ms_and_keeps_model_paused) ... ok
test_step_rejects_hardware_control_owner_duration_overflow_and_bad_counts (test_semantic_guards.SemanticTests.test_step_rejects_hardware_control_owner_duration_overflow_and_bad_counts) ... ok
test_stop_reset_resume_require_cleanup_and_reset_restores_initial (test_semantic_guards.SemanticTests.test_stop_reset_resume_require_cleanup_and_reset_restores_initial) ... ok
test_terrain_requires_actual_sample_and_agrees_with_root_ground_height (test_semantic_guards.SemanticTests.test_terrain_requires_actual_sample_and_agrees_with_root_ground_height) ... ok
test_view_is_strict_immutable_and_missing_model_is_not_fabricated (test_semantic_guards.SemanticTests.test_view_is_strict_immutable_and_missing_model_is_not_fabricated) ... ok
test_wrong_message_schema_model_and_no_application_evidence (test_semantic_guards.SemanticTests.test_wrong_message_schema_model_and_no_application_evidence) ... ok
test_common_gateway_package_exists (test_session.AvailabilityTests.test_common_gateway_package_exists) ... ok
test_actual_8192_retry_cache_eviction_preserves_high_water_mark (test_session.SessionTests.test_actual_8192_retry_cache_eviction_preserves_high_water_mark) ... ok
test_cache_expiry_does_not_reset_session_sequence (test_session.SessionTests.test_cache_expiry_does_not_reset_session_sequence) ... ok
test_capacity_and_pending_duplicate_never_allocate_second_session (test_session.SessionTests.test_capacity_and_pending_duplicate_never_allocate_second_session) ... ok
test_cross_link_complete_duplicate_replays_original_failure_once (test_session.SessionTests.test_cross_link_complete_duplicate_replays_original_failure_once) ... ok
test_duplicate_complete_grant_identity_cannot_split_session_ownership (test_session.SessionTests.test_duplicate_complete_grant_identity_cannot_split_session_ownership) ... ok
test_expired_or_revoked_session_cannot_write_and_ids_are_not_reused (test_session.SessionTests.test_expired_or_revoked_session_cannot_write_and_ids_are_not_reused) ... ok
test_feedback_counter_and_response_bounds (test_session.SessionTests.test_feedback_counter_and_response_bounds) ... ok
test_fixed_lease_and_only_fresh_heartbeat_renewal (test_session.SessionTests.test_fixed_lease_and_only_fresh_heartbeat_renewal) ... ok
test_grants_and_request_identity_are_not_mutable_aliases (test_session.SessionTests.test_grants_and_request_identity_are_not_mutable_aliases) ... ok
test_open_requires_exact_identity_and_granted_roles (test_session.SessionTests.test_open_requires_exact_identity_and_granted_roles) ... ok
test_same_sequence_different_value_or_transaction_is_rejected (test_session.SessionTests.test_same_sequence_different_value_or_transaction_is_rejected) ... ok
test_unregistered_link_and_role_rejected_before_fragment_allocation (test_session.SessionTests.test_unregistered_link_and_role_rejected_before_fragment_allocation) ... ok
test_actual_resource_corruption_is_cli_failure (test_source_inputs.SourceInputCLITests.test_actual_resource_corruption_is_cli_failure) ... ok
test_cli_explicit_local_bindings_decode_and_reject_unknown_keys (test_source_inputs.SourceInputCLITests.test_cli_explicit_local_bindings_decode_and_reject_unknown_keys) ... ok
test_cli_reports_actual_capture_without_granting_history_execution (test_source_inputs.SourceInputCLITests.test_cli_reports_actual_capture_without_granting_history_execution) ... ok
test_offline_cli_reads_real_resources_without_network_or_model (test_source_inputs.SourceInputCLITests.test_offline_cli_reads_real_resources_without_network_or_model) ... ok
test_actual_capture_truncation_and_loss_reject_online_without_trusting_declaration (test_source_inputs.SourceInputsTests.test_actual_capture_truncation_and_loss_reject_online_without_trusting_declaration) ... ok
test_actual_protocol_description_is_immutable_and_not_execution_permission (test_source_inputs.SourceInputsTests.test_actual_protocol_description_is_immutable_and_not_execution_permission) ... ok
test_ambiguous_engineering_stream_and_epoch_overflow_are_rejected (test_source_inputs.SourceInputsTests.test_ambiguous_engineering_stream_and_epoch_overflow_are_rejected) ... ok
test_auditor_is_available (test_source_inputs.SourceInputsTests.test_auditor_is_available) ... ok
test_capture_packet_capacity_and_missing_can_utf8_encoding (test_source_inputs.SourceInputsTests.test_capture_packet_capacity_and_missing_can_utf8_encoding) ... ok
test_duplicate_resource_ids_and_missing_actual_bytes_fail (test_source_inputs.SourceInputsTests.test_duplicate_resource_ids_and_missing_actual_bytes_fail) ... ok
test_equivalent_arxml_is_really_parsed_and_drift_is_rejected (test_source_inputs.SourceInputsTests.test_equivalent_arxml_is_really_parsed_and_drift_is_rejected) ... ok
test_explicit_capture_bindings_enable_real_logical_decode_without_execution (test_source_inputs.SourceInputsTests.test_explicit_capture_bindings_enable_real_logical_decode_without_execution) ... ok
test_fault_and_model_eligibility_are_not_bypassed (test_source_inputs.SourceInputsTests.test_fault_and_model_eligibility_are_not_bypassed) ... ok
test_file_name_is_metadata_not_a_resource_lookup_path (test_source_inputs.SourceInputsTests.test_file_name_is_metadata_not_a_resource_lookup_path) ... ok
test_history_actual_counts_message_ids_and_time_window_are_verified (test_source_inputs.SourceInputsTests.test_history_actual_counts_message_ids_and_time_window_are_verified) ... ok
test_history_decoder_pin_direction_and_duplicate_ids (test_source_inputs.SourceInputsTests.test_history_decoder_pin_direction_and_duplicate_ids) ... ok
test_history_offline_rate_and_rewrite_uniqueness_remain_frozen (test_source_inputs.SourceInputsTests.test_history_offline_rate_and_rewrite_uniqueness_remain_frozen) ... ok
test_history_only_is_allowed_and_offset_uint64_is_exact (test_source_inputs.SourceInputsTests.test_history_only_is_allowed_and_offset_uint64_is_exact) ... ok
test_history_rows_are_closed_valid_non_decreasing_and_bounded (test_source_inputs.SourceInputsTests.test_history_rows_are_closed_valid_non_decreasing_and_bounded) ... ok
test_incomplete_online_rejected_offline_never_claims_complete_capture (test_source_inputs.SourceInputsTests.test_incomplete_online_rejected_offline_never_claims_complete_capture) ... ok
test_invalid_capture_cannot_pass_by_self_declared_integrity (test_source_inputs.SourceInputsTests.test_invalid_capture_cannot_pass_by_self_declared_integrity) ... ok
test_jsonl_cannot_claim_raw_replay_or_original_session_rebuild (test_source_inputs.SourceInputsTests.test_jsonl_cannot_claim_raw_replay_or_original_session_rebuild) ... ok
test_missing_mandatory_protocol_artifact_is_rejected (test_source_inputs.SourceInputsTests.test_missing_mandatory_protocol_artifact_is_rejected) ... ok
test_nonnumeric_assertion_cannot_use_tolerance_or_order (test_source_inputs.SourceInputsTests.test_nonnumeric_assertion_cannot_use_tolerance_or_order) ... ok
test_null_both_sources_and_unknown_scenario_field_fail_closed (test_source_inputs.SourceInputsTests.test_null_both_sources_and_unknown_scenario_field_fail_closed) ... ok
test_online_scenario_replay_cannot_bypass_actual_incomplete_capture (test_source_inputs.SourceInputsTests.test_online_scenario_replay_cannot_bypass_actual_incomplete_capture) ... ok
test_parsed_only_contract_has_no_verified_resource_authority (test_source_inputs.SourceInputsTests.test_parsed_only_contract_has_no_verified_resource_authority) ... ok
test_periodic_stop_requires_prior_unique_start (test_source_inputs.SourceInputsTests.test_periodic_stop_requires_prior_unique_start) ... ok
test_protocol_ids_must_be_unique_known_and_include_used_inputs (test_source_inputs.SourceInputsTests.test_protocol_ids_must_be_unique_known_and_include_used_inputs) ... ok
test_real_protocol_files_and_all_three_sources_do_not_claim_execution (test_source_inputs.SourceInputsTests.test_real_protocol_files_and_all_three_sources_do_not_claim_execution) ... ok
test_rehashed_replacement_catalog_or_dbc_is_still_rejected (test_source_inputs.SourceInputsTests.test_rehashed_replacement_catalog_or_dbc_is_still_rejected) ... ok
test_replay_event_policy_is_checked_against_actual_engineering_capture (test_source_inputs.SourceInputsTests.test_replay_event_policy_is_checked_against_actual_engineering_capture) ... ok
test_scenario_events_and_assertions_have_unique_namespaces (test_source_inputs.SourceInputsTests.test_scenario_events_and_assertions_have_unique_namespaces) ... ok
test_size_hash_encoding_and_resource_budgets (test_source_inputs.SourceInputsTests.test_size_hash_encoding_and_resource_budgets) ... ok
test_snapshot_and_decoded_records_are_immutable (test_source_inputs.SourceInputsTests.test_snapshot_and_decoded_records_are_immutable) ... ok
test_source_baseline_and_component_pins_cannot_drift (test_source_inputs.SourceInputsTests.test_source_baseline_and_component_pins_cannot_drift) ... ok
test_three_actual_capture_containers_are_parsed_not_business_decoded (test_source_inputs.SourceInputsTests.test_three_actual_capture_containers_are_parsed_not_business_decoded) ... ok
test_unknown_protocol_format_is_pending_not_parsed (test_source_inputs.SourceInputsTests.test_unknown_protocol_format_is_pending_not_parsed) ... ok
test_unrecognized_model_and_bad_audit_limits_fail (test_source_inputs.SourceInputsTests.test_unrecognized_model_and_bad_audit_limits_fail) ... ok
test_real_grant_header_feeds_replay_and_actual_resource_exchange (test_source_session.ActualResourceSessionTests.test_real_grant_header_feeds_replay_and_actual_resource_exchange) ... ok
test_claim_blocks_manual_tx_and_feedback_read_after_construction (test_source_session.ActualSourceSessionTests.test_claim_blocks_manual_tx_and_feedback_read_after_construction) ... ok
test_opening_transaction_follows_prior_manual_transport_use (test_source_session.ActualSourceSessionTests.test_opening_transaction_follows_prior_manual_transport_use) ... ok
test_real_receiver_grant_used_and_missing_capability_stops_before_tx (test_source_session.ActualSourceSessionTests.test_real_receiver_grant_used_and_missing_capability_stops_before_tx) ... ok
test_real_receiver_rejects_wrong_identity_without_local_grant (test_source_session.ActualSourceSessionTests.test_real_receiver_rejects_wrong_identity_without_local_grant) ... ok
test_real_transport_rejects_new_manager_and_delayed_old_grant (test_source_session.ActualSourceSessionTests.test_real_transport_rejects_new_manager_and_delayed_old_grant) ... ok
test_clock_status_nonce_and_request_type_are_correlated (test_source_session.FeedbackCorrelationTests.test_clock_status_nonce_and_request_type_are_correlated) ... ok
test_status_is_only_a_heartbeat_response (test_source_session.FeedbackCorrelationTests.test_status_is_only_a_heartbeat_response) ... ok
test_unrelated_status_clock_feedback_is_not_an_ack (test_source_session.FeedbackCorrelationTests.test_unrelated_status_clock_feedback_is_not_an_ack) ... ok
test_backward_or_bool_source_mono_is_rejected_without_send (test_source_session.SourceSessionTests.test_backward_or_bool_source_mono_is_rejected_without_send) ... ok
test_bad_target_and_counter_wrap_reject (test_source_session.SourceSessionTests.test_bad_target_and_counter_wrap_reject) ... ok
test_clock_failure_after_reply_keeps_untrusted_exchange_record (test_source_session.SourceSessionTests.test_clock_failure_after_reply_keeps_untrusted_exchange_record) ... ok
test_conservative_lease_starts_before_exchange_not_on_late_reply (test_source_session.SourceSessionTests.test_conservative_lease_starts_before_exchange_not_on_late_reply) ... ok
test_explicit_transaction_reservation_never_collides_with_auto_counter (test_source_session.SourceSessionTests.test_explicit_transaction_reservation_never_collides_with_auto_counter) ... ok
test_failed_heartbeat_and_ordinary_feedback_do_not_renew_lease (test_source_session.SourceSessionTests.test_failed_heartbeat_and_ordinary_feedback_do_not_renew_lease) ... ok
test_heartbeat_uses_actual_last_feedback_and_explicit_sender_step (test_source_session.SourceSessionTests.test_heartbeat_uses_actual_last_feedback_and_explicit_sender_step) ... ok
test_invalid_constructor_limits_identity_and_roles_reject (test_source_session.SourceSessionTests.test_invalid_constructor_limits_identity_and_roles_reject) ... ok
test_invalid_payload_does_not_consume_sequence_or_send (test_source_session.SourceSessionTests.test_invalid_payload_does_not_consume_sequence_or_send) ... ok
test_local_abandon_is_not_a_remote_close_reset_or_clear_queues (test_source_session.SourceSessionTests.test_local_abandon_is_not_a_remote_close_reset_or_clear_queues) ... ok
test_one_counter_owner_per_transport_even_after_local_close (test_source_session.SourceSessionTests.test_one_counter_owner_per_transport_even_after_local_close) ... ok
test_open_after_the_entire_lease_cannot_create_a_live_local_session (test_source_session.SourceSessionTests.test_open_after_the_entire_lease_cannot_create_a_live_local_session) ... ok
test_open_captures_actual_grant_and_allocates_global_fresh_headers (test_source_session.SourceSessionTests.test_open_captures_actual_grant_and_allocates_global_fresh_headers) ... ok
test_open_validates_both_baselines_roles_sid_and_model (test_source_session.SourceSessionTests.test_open_validates_both_baselines_roles_sid_and_model) ... ok
test_record_capacity_rejects_before_send_and_drain_does_not_clear_session (test_source_session.SourceSessionTests.test_record_capacity_rejects_before_send_and_drain_does_not_clear_session) ... ok
test_records_and_capabilities_are_immutable_detached (test_source_session.SourceSessionTests.test_records_and_capabilities_are_immutable_detached) ... ok
test_reopen_requires_explicit_local_abandon_and_never_reuses_nonce_or_sid (test_source_session.SourceSessionTests.test_reopen_requires_explicit_local_abandon_and_never_reuses_nonce_or_sid) ... ok
test_request_keeps_real_failed_feedback_without_manufacturing_stage (test_source_session.SourceSessionTests.test_request_keeps_real_failed_feedback_without_manufacturing_stage) ... ok
test_request_payload_detaches_from_callers_during_transport_exchange (test_source_session.SourceSessionTests.test_request_payload_detaches_from_callers_during_transport_exchange) ... ok
test_roles_capability_and_model_are_checked_before_allocation (test_source_session.SourceSessionTests.test_roles_capability_and_model_are_checked_before_allocation) ... ok
test_session_module_exists (test_source_session.SourceSessionTests.test_session_module_exists) ... ok
test_transport_timeout_is_recorded_without_faking_response_or_session (test_source_session.SourceSessionTests.test_transport_timeout_is_recorded_without_faking_response_or_session) ... ok
test_actual_udp_receiver_status_feeds_original_source_clock_and_reader (test_status_service.StatusServiceTests.test_actual_udp_receiver_status_feeds_original_source_clock_and_reader) ... ok
test_all_frozen_models_and_new_sid_allow_new_model_epoch_without_reusing_old_floor (test_status_service.StatusServiceTests.test_all_frozen_models_and_new_sid_allow_new_model_epoch_without_reusing_old_floor) ... ok
test_all_twelve_fields_required_exact_types_and_unknown_fields_rejected (test_status_service.StatusServiceTests.test_all_twelve_fields_required_exact_types_and_unknown_fields_rejected) ... ok
test_backend_error_and_untyped_sample_never_create_status_or_application (test_status_service.StatusServiceTests.test_backend_error_and_untyped_sample_never_create_status_or_application) ... ok
test_backend_returns_after_lease_expiry_no_status_or_stale_ack_is_minted (test_status_service.StatusServiceTests.test_backend_returns_after_lease_expiry_no_status_or_stale_ack_is_minted) ... ok
test_direct_service_requires_original_admission_and_typed_request (test_status_service.StatusServiceTests.test_direct_service_requires_original_admission_and_typed_request) ... ok
test_failed_open_after_field_validation_retries_original_error_without_read (test_status_service.StatusServiceTests.test_failed_open_after_field_validation_retries_original_error_without_read) ... ok
test_failed_open_snapshot_retained_no_grant_and_exact_attempt_not_resampled (test_status_service.StatusServiceTests.test_failed_open_snapshot_retained_no_grant_and_exact_attempt_not_resampled) ... ok
test_finite_evidence_reservation_refuses_before_backend_read (test_status_service.StatusServiceTests.test_finite_evidence_reservation_refuses_before_backend_read) ... ok
test_full_pending_retry_cache_rejects_open_before_read_or_sid_allocation (test_status_service.StatusServiceTests.test_full_pending_retry_cache_rejects_open_before_read_or_sid_allocation) ... ok
test_immutable_sample_strict_time_and_byte_bounds (test_status_service.StatusServiceTests.test_immutable_sample_strict_time_and_byte_bounds) ... ok
test_installed_backend_open_grant_uses_actual_model_step_not_interface_origin (test_status_service.StatusServiceTests.test_installed_backend_open_grant_uses_actual_model_step_not_interface_origin) ... ok
test_no_backend_can_be_created_or_implicitly_enabled (test_status_service.StatusServiceTests.test_no_backend_can_be_created_or_implicitly_enabled) ... ok
test_only_installed_status_capability_is_published_without_model_ready_claims (test_status_service.StatusServiceTests.test_only_installed_status_capability_is_published_without_model_ready_claims) ... ok
test_open_invalid_context_freshness_type_or_backend_failure_never_allocates (test_status_service.StatusServiceTests.test_open_invalid_context_freshness_type_or_backend_failure_never_allocates) ... ok
test_open_outliving_request_never_grants_even_with_fresh_model_sample (test_status_service.StatusServiceTests.test_open_outliving_request_never_grants_even_with_fresh_model_sample) ... ok
test_open_retry_preserves_original_grant_and_sample_without_new_sid (test_status_service.StatusServiceTests.test_open_retry_preserves_original_grant_and_sample_without_new_sid) ... ok
test_opening_sample_seeds_same_sid_model_floor_before_first_heartbeat (test_status_service.StatusServiceTests.test_opening_sample_seeds_same_sid_model_floor_before_first_heartbeat) ... ok
test_original_retry_uses_identical_cached_status_without_resampling_or_renewal (test_status_service.StatusServiceTests.test_original_retry_uses_identical_cached_status_without_resampling_or_renewal) ... ok
test_original_sample_identity_all_context_fields_must_match (test_status_service.StatusServiceTests.test_original_sample_identity_all_context_fields_must_match) ... ok
test_preview_open_checks_identity_roles_nonce_and_capacity_without_allocation (test_status_service.StatusServiceTests.test_preview_open_checks_identity_roles_nonce_and_capacity_without_allocation) ... ok
test_reentrant_backend_and_closed_service_do_not_lose_original_records (test_status_service.StatusServiceTests.test_reentrant_backend_and_closed_service_do_not_lose_original_records) ... ok
test_same_receiver_registry_and_backend_identity_cannot_be_replaced (test_status_service.StatusServiceTests.test_same_receiver_registry_and_backend_identity_cannot_be_replaced) ... ok
test_same_sid_model_step_and_sample_time_cannot_regress (test_status_service.StatusServiceTests.test_same_sid_model_step_and_sample_time_cannot_regress) ... ok
test_slow_backend_snapshot_expiry_is_checked_at_actual_completion_not_ingress (test_status_service.StatusServiceTests.test_slow_backend_snapshot_expiry_is_checked_at_actual_completion_not_ingress) ... ok
test_slow_open_allocates_lease_and_caches_reply_at_actual_completion (test_status_service.StatusServiceTests.test_slow_open_allocates_lease_and_caches_reply_at_actual_completion) ... ok
test_snapshot_half_open_deadline_future_and_frozen_240ms_freshness (test_status_service.StatusServiceTests.test_snapshot_half_open_deadline_future_and_frozen_240ms_freshness) ... ok
test_standard_heartbeat_status_exact_payload_and_original_correlation (test_status_service.StatusServiceTests.test_standard_heartbeat_status_exact_payload_and_original_correlation) ... ok
test_throwing_backend_retains_actual_completion_time_and_does_not_ack_expired_sid (test_status_service.StatusServiceTests.test_throwing_backend_retains_actual_completion_time_and_does_not_ack_expired_sid) ... ok
test_actual_validated_and_applied_control_renewals_keep_original_owner_bytes (test_target_evidence_recorder.TargetRecorderTests.test_actual_validated_and_applied_control_renewals_keep_original_owner_bytes) ... ok
test_close_reports_unsaved_target_records_without_claiming_remote_cleanup (test_target_evidence_recorder.TargetRecorderTests.test_close_reports_unsaved_target_records_without_claiming_remote_cleanup) ... ok
test_combined_assertion_and_target_profile_keeps_all_fourteen_streams (test_target_evidence_recorder.TargetRecorderTests.test_combined_assertion_and_target_profile_keeps_all_fourteen_streams) ... ok
test_exact_retirement_survives_actual_source_close_before_snapshot (test_target_evidence_recorder.TargetRecorderTests.test_exact_retirement_survives_actual_source_close_before_snapshot) ... ok
test_explicit_original_target_entry_required (test_target_evidence_recorder.TargetRecorderTests.test_explicit_original_target_entry_required) ... ok
test_installed_original_driver_target_replacement_refuses_snapshot (test_target_evidence_recorder.TargetRecorderTests.test_installed_original_driver_target_replacement_refuses_snapshot) ... ok
test_nested_mutable_tuple_is_not_silently_frozen_by_encoder (test_target_evidence_recorder.TargetRecorderTests.test_nested_mutable_tuple_is_not_silently_frozen_by_encoder) ... ok
test_original_producer_bindings_and_control_lease_bytes_roundtrip (test_target_evidence_recorder.TargetRecorderTests.test_original_producer_bindings_and_control_lease_bytes_roundtrip) ... ok
test_persistence_failure_retains_original_histories_and_reports_unsaved_rows (test_target_evidence_recorder.TargetRecorderTests.test_persistence_failure_retains_original_histories_and_reports_unsaved_rows) ... ok
test_removed_recording_attachment_cannot_allow_an_unrecorded_read (test_target_evidence_recorder.TargetRecorderTests.test_removed_recording_attachment_cannot_allow_an_unrecorded_read) ... ok
test_snapshot_capacity_failure_preserves_original_approval_history (test_target_evidence_recorder.TargetRecorderTests.test_snapshot_capacity_failure_preserves_original_approval_history) ... ok
test_success_failure_and_new_reads_during_write_are_lossless (test_target_evidence_recorder.TargetRecorderTests.test_success_failure_and_new_reads_during_write_are_lossless) ... ok
test_successful_controller_cannot_drop_or_corrupt_its_original_lease (test_target_evidence_recorder.TargetRecorderTests.test_successful_controller_cannot_drop_or_corrupt_its_original_lease) ... ok
test_tampered_epoch_ack_probe_or_request_correlation_is_rejected (test_target_evidence_recorder.TargetRecorderTests.test_tampered_epoch_ack_probe_or_request_correlation_is_rejected) ... ok
test_tampered_lifecycle_decision_and_required_status_fail_closed (test_target_evidence_recorder.TargetRecorderTests.test_tampered_lifecycle_decision_and_required_status_fail_closed) ... ok
test_target_backend_replacement_refuses_before_snapshot (test_target_evidence_recorder.TargetRecorderTests.test_target_backend_replacement_refuses_before_snapshot) ... ok
test_target_lock_refuses_snapshot_without_worker_or_getter (test_target_evidence_recorder.TargetRecorderTests.test_target_lock_refuses_snapshot_without_worker_or_getter) ... ok
test_uint64_times_remain_decimal_strings_without_precision_loss (test_target_evidence_recorder.TargetRecorderTests.test_uint64_times_remain_decimal_strings_without_precision_loss) ... ok
test_actual_persistence_matches_literal_command_resource_without_launch (test_tool_commands.CommandTests.test_actual_persistence_matches_literal_command_resource_without_launch) ... ok
test_can_microsecond_inexpressibility_is_rejected_without_rounding (test_tool_commands.CommandTests.test_can_microsecond_inexpressibility_is_rejected_without_rounding) ... ok
test_canplayer_stdout_pseudo_interface_cannot_replace_actual_send_channel (test_tool_commands.CommandTests.test_canplayer_stdout_pseudo_interface_cannot_replace_actual_send_channel) ... ok
test_canplayer_three_modes_exact_resource_explicit_mapping_one_round (test_tool_commands.CommandTests.test_canplayer_three_modes_exact_resource_explicit_mapping_one_round) ... ok
test_directory_is_absolute_new_literal_and_no_write_occurs (test_tool_commands.CommandTests.test_directory_is_absolute_new_literal_and_no_write_occurs) ... ok
test_first_channel_offset_is_retained_not_hidden_by_tool_start (test_tool_commands.CommandTests.test_first_channel_offset_is_retained_not_hidden_by_tool_start) ... ok
test_foreign_forged_released_or_extra_interfaces_never_prepare (test_tool_commands.CommandTests.test_foreign_forged_released_or_extra_interfaces_never_prepare) ... ok
test_four_can_channels_each_keep_mapping_file_hash_and_start_offset (test_tool_commands.CommandTests.test_four_can_channels_each_keep_mapping_file_hash_and_start_offset) ... ok
test_four_pcapng_channels_export_independent_full_pcap_commands (test_tool_commands.CommandTests.test_four_pcapng_channels_export_independent_full_pcap_commands) ... ok
test_local_reservation_validation_never_grants_or_releases (test_tool_commands.CommandTests.test_local_reservation_validation_never_grants_or_releases) ... ok
test_observation_uses_exact_formal_bidirectional_ids_without_send (test_tool_commands.CommandTests.test_observation_uses_exact_formal_bidirectional_ids_without_send) ... ok
test_observe_binding_is_bijective_formal_and_never_any (test_tool_commands.CommandTests.test_observe_binding_is_bijective_formal_and_never_any) ... ok
test_observe_rejects_wrong_branch_send_mode_and_released_token (test_tool_commands.CommandTests.test_observe_rejects_wrong_branch_send_mode_and_released_token) ... ok
test_preprocessed_rate_and_repeat_stay_upstream_not_tool_options (test_tool_commands.CommandTests.test_preprocessed_rate_and_repeat_stay_upstream_not_tool_options) ... ok
test_replay_rechecks_resource_instead_of_trusting_manifest_claims (test_tool_commands.CommandTests.test_replay_rechecks_resource_instead_of_trusting_manifest_claims) ... ok
test_replay_rejects_observer_other_branch_or_transport (test_tool_commands.CommandTests.test_replay_rejects_observer_other_branch_or_transport) ... ok
test_tcpreplay_three_modes_never_double_scales_or_loops (test_tool_commands.CommandTests.test_tcpreplay_three_modes_never_double_scales_or_loops) ... ok
test_actual_binary_stdout_stderr_exit_and_immutable_snapshot (test_tool_process.ProcessTests.test_actual_binary_stdout_stderr_exit_and_immutable_snapshot) ... ok
test_actual_creation_failure_is_retained_not_running (test_tool_process.ProcessTests.test_actual_creation_failure_is_retained_not_running) ... ok
test_actual_large_both_streams_are_drained_without_deadlock (test_tool_process.ProcessTests.test_actual_large_both_streams_are_drained_without_deadlock) ... ok
test_actual_timeout_kills_and_waits_for_direct_process (test_tool_process.ProcessTests.test_actual_timeout_kills_and_waits_for_direct_process) ... ok
test_descendant_held_pipe_is_failure_not_complete_cleanup (test_tool_process.ProcessTests.test_descendant_held_pipe_is_failure_not_complete_cleanup) ... ok
test_exit_observed_only_after_deadline_is_not_timely_success (test_tool_process.ProcessTests.test_exit_observed_only_after_deadline_is_not_timely_success) ... ok
test_failed_stop_retains_actual_live_handle_for_later_retry (test_tool_process.ProcessTests.test_failed_stop_retains_actual_live_handle_for_later_retry) ... ok
test_manual_stop_and_close_are_terminal_but_not_remote_cleanup (test_tool_process.ProcessTests.test_manual_stop_and_close_are_terminal_but_not_remote_cleanup) ... ok
test_natural_exit_with_late_pipe_eof_is_not_reported_as_stop (test_tool_process.ProcessTests.test_natural_exit_with_late_pipe_eof_is_not_reported_as_stop) ... ok
test_nonzero_exit_retains_actual_returncode_and_outputs (test_tool_process.ProcessTests.test_nonzero_exit_retains_actual_returncode_and_outputs) ... ok
test_original_deadline_still_applies_during_natural_exit_pipe_wait (test_tool_process.ProcessTests.test_original_deadline_still_applies_during_natural_exit_pipe_wait) ... ok
test_os_wait_failure_is_retained_and_can_be_retried (test_tool_process.ProcessTests.test_os_wait_failure_is_retained_and_can_be_retried) ... ok
test_output_limit_is_explicit_failure_not_silent_success (test_tool_process.ProcessTests.test_output_limit_is_explicit_failure_not_silent_success) ... ok
test_reader_start_failure_kills_actual_child_and_closes_unstarted_pipes (test_tool_process.ProcessTests.test_reader_start_failure_kills_actual_child_and_closes_unstarted_pipes) ... ok
test_shell_metacharacters_are_literal_arguments (test_tool_process.ProcessTests.test_shell_metacharacters_are_literal_arguments) ... ok
test_start_is_once_and_close_before_start_is_permanent (test_tool_process.ProcessTests.test_start_is_once_and_close_before_start_is_permanent) ... ok
test_stdout_and_stderr_share_one_limit (test_tool_process.ProcessTests.test_stdout_and_stderr_share_one_limit) ... ok
test_stop_after_already_completed_child_records_exit_not_invented_stop (test_tool_process.ProcessTests.test_stop_after_already_completed_child_records_exit_not_invented_stop) ... ok
test_strict_argv_paths_and_finite_integral_capacities (test_tool_process.ProcessTests.test_strict_argv_paths_and_finite_integral_capacities) ... ok
test_actual_executable_bytes_are_hashed_without_launch (test_tools.ToolTests.test_actual_executable_bytes_are_hashed_without_launch) ... ok
test_all_six_original_branches_map_only_to_frozen_api_rows (test_tools.ToolTests.test_all_six_original_branches_map_only_to_frozen_api_rows) ... ok
test_capacity_and_duplicate_run_cannot_evict_active_owner (test_tools.ToolTests.test_capacity_and_duplicate_run_cannot_evict_active_owner) ... ok
test_catalogue_changes_or_missing_duplicate_unknown_branches_are_rejected (test_tools.ToolTests.test_catalogue_changes_or_missing_duplicate_unknown_branches_are_rejected) ... ok
test_multichannel_conflict_is_atomic_across_branches (test_tools.ToolTests.test_multichannel_conflict_is_atomic_across_branches) ... ok
test_observer_never_holds_sender_reservation (test_tools.ToolTests.test_observer_never_holds_sender_reservation) ... ok
test_real_library_versions_and_executable_hashes_are_inspection_not_qualification (test_tools.ToolTests.test_real_library_versions_and_executable_hashes_are_inspection_not_qualification) ... ok
test_shadow_module_cannot_inherit_installed_distribution_version_or_execute (test_tools.ToolTests.test_shadow_module_cannot_inherit_installed_distribution_version_or_execute) ... ok
test_strict_ids_interfaces_modes_and_limits (test_tools.ToolTests.test_strict_ids_interfaces_modes_and_limits) ... ok
test_tokens_are_opaque_and_release_is_not_by_equal_fields (test_tools.ToolTests.test_tokens_are_opaque_and_release_is_not_by_equal_fields) ... ok
test_actual_socket_open_fragmented_input_and_cached_failure_feedback (test_udp.UDPTests.test_actual_socket_open_fragmented_input_and_cached_failure_feedback) ... ok
test_actual_udp_idle_poll_releases_owned_queue_without_model_execution (test_udp.UDPTests.test_actual_udp_idle_poll_releases_owned_queue_without_model_execution) ... ok
test_actual_wire_cleanup_remains_failure_until_all_real_consumers_exist (test_udp.UDPTests.test_actual_wire_cleanup_remains_failure_until_all_real_consumers_exist) ... ok
test_common_udp_and_source_packages_exist (test_udp.UDPTests.test_common_udp_and_source_packages_exist) ... ok
test_defined_port_roles_36100_36101_36102_use_actual_sockets (test_udp.UDPTests.test_defined_port_roles_36100_36101_36102_use_actual_sockets) ... ok
test_feedback_cache_expiry_cannot_rollback_highwater (test_udp.UDPTests.test_feedback_cache_expiry_cannot_rollback_highwater) ... ok
test_feedback_sequence_reuse_for_a_different_reply_is_rejected (test_udp.UDPTests.test_feedback_sequence_reuse_for_a_different_reply_is_rejected) ... ok
test_forward_acl_bad_crc_and_oversize_do_not_allocate (test_udp.UDPTests.test_forward_acl_bad_crc_and_oversize_do_not_allocate) ... ok
test_reliable_retries_are_identical_and_periodic_control_is_not_retried (test_udp.UDPTests.test_reliable_retries_are_identical_and_periodic_control_is_not_retried) ... ok
test_reverse_acl_and_transaction_filter_ignore_foreign_feedback (test_udp.UDPTests.test_reverse_acl_and_transaction_filter_ignore_foreign_feedback) ... ok
test_source_request_waits_for_terminal_and_gateway_idle_expires_session (test_udp.UDPTests.test_source_request_waits_for_terminal_and_gateway_idle_expires_session) ... ok
test_source_tracking_capacity_is_explicit_not_misreported_as_timeout (test_udp.UDPTests.test_source_tracking_capacity_is_explicit_not_misreported_as_timeout) ... ok
test_storage_library_does_not_enable_wire_resource_consumer (test_udp.UDPTests.test_storage_library_does_not_enable_wire_resource_consumer) ... ok
test_udp_close_preserves_receiver_shutdown_records_after_socket_release (test_udp.UDPTests.test_udp_close_preserves_receiver_shutdown_records_after_socket_release) ... ok
test_all_registered_numeric_bindings_and_array_elements_are_sampled (test_waveform.WaveformTests.test_all_registered_numeric_bindings_and_array_elements_are_sampled) ... ok
test_constant_is_complete_detached_stimulus_with_no_header_or_execution_claim (test_waveform.WaveformTests.test_constant_is_complete_detached_stimulus_with_no_header_or_execution_claim) ... ok
test_direct_sampler_requires_explicit_frozen_model_identity (test_waveform.WaveformTests.test_direct_sampler_requires_explicit_frozen_model_identity) ... ok
test_fixed_array_explicit_index_all_models_and_no_mutable_alias (test_waveform.WaveformTests.test_fixed_array_explicit_index_all_models_and_no_mutable_alias) ... ok
test_peak_between_samples_is_rejected_and_valid_short_interval_is_not (test_waveform.WaveformTests.test_peak_between_samples_is_rejected_and_valid_short_interval_is_not) ... ok
test_ramp_explicit_endpoint_negative_zero_is_not_recomputed_positive (test_waveform.WaveformTests.test_ramp_explicit_endpoint_negative_zero_is_not_recomputed_positive) ... ok
test_ramp_linear_formula_internal_and_outer_end_hold (test_waveform.WaveformTests.test_ramp_linear_formula_internal_and_outer_end_hold) ... ok
test_relative_step_changes_at_elapsed_boundary_and_holds_end (test_waveform.WaveformTests.test_relative_step_changes_at_elapsed_boundary_and_holds_end) ... ok
test_sine_and_ascending_descending_chirp_use_frozen_phase_formula (test_waveform.WaveformTests.test_sine_and_ascending_descending_chirp_use_frozen_phase_formula) ... ok
test_source_audit_enforces_wave_semantics_and_exposes_all_samplers (test_waveform.WaveformTests.test_source_audit_enforces_wave_semantics_and_exposes_all_samplers) ... ok
test_source_audit_preserves_original_number_types_and_negative_zero (test_waveform.WaveformTests.test_source_audit_preserves_original_number_types_and_negative_zero) ... ok
test_strict_steps_end_overflow_and_packed_signed_zero_preserved (test_waveform.WaveformTests.test_strict_steps_end_overflow_and_packed_signed_zero_preserved) ... ok
test_ten_times_sampling_boundary_both_chirp_ends_and_long_wave_no_expansion (test_waveform.WaveformTests.test_ten_times_sampling_boundary_both_chirp_ends_and_long_wave_no_expansion) ... ok
test_unregistered_bool_feedback_wrong_model_and_bad_event_types_rejected (test_waveform.WaveformTests.test_unregistered_bool_feedback_wrong_model_and_bad_event_types_rejected) ... ok

----------------------------------------------------------------------
Ran 1098 tests in 940.096s

OK
test_all_41_plan_items_have_common_and_linux_ownership (test_development_backlog.BacklogTests.test_all_41_plan_items_have_common_and_linux_ownership) ... ok
test_removed_or_duplicated_plan_item_cannot_pass_coverage (test_development_backlog.BacklogTests.test_removed_or_duplicated_plan_item_cannot_pass_coverage) ... ok
test_stage_closeout_is_append_only_and_linux_completion_requires_evidence (test_development_backlog.BacklogTests.test_stage_closeout_is_append_only_and_linux_completion_requires_evidence) ... ok

----------------------------------------------------------------------
Ran 3 tests in 0.012s

OK
test_all_field_rows_and_management_definitions_present (test_contract_single_file.SingleFileContractTests.test_all_field_rows_and_management_definitions_present) ... ok
test_all_original_artifacts_are_embedded_byte_exact (test_contract_single_file.SingleFileContractTests.test_all_original_artifacts_are_embedded_byte_exact) ... ok
test_all_schema_references_resolve_inside_document (test_contract_single_file.SingleFileContractTests.test_all_schema_references_resolve_inside_document) ... ok
test_missing_or_corrupt_snapshot_fails_verification (test_contract_single_file.SingleFileContractTests.test_missing_or_corrupt_snapshot_fails_verification) ... ok

----------------------------------------------------------------------
Ran 4 tests in 0.153s

OK
{
  "status": "SINGLE_FILE_CONTENT_VERIFIED",
  "embedded_sources": 14,
  "resolved_schema_references": 663,
  "business_messages": 59,
  "management_commands": 25,
  "golden_vectors": 85,
  "physical_channels": 56,
  "model_bindings": 97,
  "runtime_hardware_replacement": "NOT_VERIFIED_BY_THIS_CONSOLIDATION"
}
EXIT_CODE: 0


COMMAND: & './runtime/icd-venv/Scripts/python.exe' -X utf8 -m unittest discover -s tests -p test_static_contract.py -v
test_acceptance_directory_name_and_result_are_git_traceable (test_static_contract.RuntimeContractStaticTests.test_acceptance_directory_name_and_result_are_git_traceable) ... ok
test_acceptance_refuses_wrong_target_or_unconfirmed_lifecycle_event (test_static_contract.RuntimeContractStaticTests.test_acceptance_refuses_wrong_target_or_unconfirmed_lifecycle_event) ... ok
test_acceptance_submits_complete_task_4_mission_schema (test_static_contract.RuntimeContractStaticTests.test_acceptance_submits_complete_task_4_mission_schema) ... ok
test_actuator_commands_use_contract_bound_generic_setter (test_static_contract.RuntimeContractStaticTests.test_actuator_commands_use_contract_bound_generic_setter) ... ok
test_adapter_requires_explicit_ned_contract_not_aliases (test_static_contract.RuntimeContractStaticTests.test_adapter_requires_explicit_ned_contract_not_aliases) ... ok
test_bridge_does_not_fabricate_default_mission_or_nonfinite_values (test_static_contract.RuntimeContractStaticTests.test_bridge_does_not_fabricate_default_mission_or_nonfinite_values) ... ok
test_build_request_is_controlled_and_auditable (test_static_contract.RuntimeContractStaticTests.test_build_request_is_controlled_and_auditable) ... ok
test_build_validates_generated_abi_and_emits_no_defaults (test_static_contract.RuntimeContractStaticTests.test_build_validates_generated_abi_and_emits_no_defaults) ... ok
test_core_enables_realtime_scheduler_and_memory_lock (test_static_contract.RuntimeContractStaticTests.test_core_enables_realtime_scheduler_and_memory_lock) ... ok
test_core_has_fixed_state_receipts_and_lifecycle (test_static_contract.RuntimeContractStaticTests.test_core_has_fixed_state_receipts_and_lifecycle) ... ok
test_core_reserves_capacity_for_50_route_points_plus_landing (test_static_contract.RuntimeContractStaticTests.test_core_reserves_capacity_for_50_route_points_plus_landing) ... ok
test_mission_controller_is_independent_of_generated_model_globals (test_static_contract.RuntimeContractStaticTests.test_mission_controller_is_independent_of_generated_model_globals) ... ok
test_no_model_registry_or_hot_reload_implementation (test_static_contract.RuntimeContractStaticTests.test_no_model_registry_or_hot_reload_implementation) ... ok
test_one_command_ubuntu_acceptance_runner_exists (test_static_contract.RuntimeContractStaticTests.test_one_command_ubuntu_acceptance_runner_exists) ... ok
test_production_deploy_uses_systemd_and_health_gate (test_static_contract.RuntimeContractStaticTests.test_production_deploy_uses_systemd_and_health_gate) ... ok
test_python_only_location_of_ned_to_ue4_conversion (test_static_contract.RuntimeContractStaticTests.test_python_only_location_of_ned_to_ue4_conversion) ... ok
test_runtime_ends_once_when_controller_reports_landed (test_static_contract.RuntimeContractStaticTests.test_runtime_ends_once_when_controller_reports_landed) ... ok
test_target_toolchain_and_python_dependencies_are_pinned (test_static_contract.RuntimeContractStaticTests.test_target_toolchain_and_python_dependencies_are_pinned) ... ok
test_ue4_acceptance_contract_excludes_internal_acceleration_and_rate (test_static_contract.RuntimeContractStaticTests.test_ue4_acceptance_contract_excludes_internal_acceleration_and_rate) ... ok
test_v3_fixed_wing_uses_protocol_defined_tcp_roles (test_static_contract.RuntimeContractStaticTests.test_v3_fixed_wing_uses_protocol_defined_tcp_roles) ... ok

----------------------------------------------------------------------
Ran 20 tests in 0.016s

OK
EXIT_CODE: 0


COMMAND: & './runtime/icd-venv/Scripts/python.exe' -X utf8 -m unittest discover -s tests -p test_quadrotor_model_contract.py -v
test_acceptance_fixture_uses_internal_acceleration_contract (test_quadrotor_model_contract.QuadrotorModelContractTests.test_acceptance_fixture_uses_internal_acceleration_contract) ... ok
test_builder_rejects_missing_generated_parameter_and_confines_artifacts (test_quadrotor_model_contract.QuadrotorModelContractTests.test_builder_rejects_missing_generated_parameter_and_confines_artifacts) ... ok
test_contract_declares_all_generated_tunable_abi (test_quadrotor_model_contract.QuadrotorModelContractTests.test_contract_declares_all_generated_tunable_abi) ... ok
test_contract_declares_motor_mode_internal_rate_and_state_mapping (test_quadrotor_model_contract.QuadrotorModelContractTests.test_contract_declares_motor_mode_internal_rate_and_state_mapping) ... ok
test_environment_defaults_reach_generated_external_inputs_and_takeoff (test_quadrotor_model_contract.QuadrotorModelContractTests.test_environment_defaults_reach_generated_external_inputs_and_takeoff) ... ok
test_generator_is_fixed_step_exported_global_four_rotor_plant (test_quadrotor_model_contract.QuadrotorModelContractTests.test_generator_is_fixed_step_exported_global_four_rotor_plant) ... ok
test_matlab_validators_require_internal_acceleration_contract (test_quadrotor_model_contract.QuadrotorModelContractTests.test_matlab_validators_require_internal_acceleration_contract) ... ok

----------------------------------------------------------------------
Ran 7 tests in 0.005s

OK
EXIT_CODE: 0


COMMAND: & './runtime/icd-venv/Scripts/python.exe' -X utf8 -m unittest discover -s tests -p test_parameter_registry_static.py -v
test_analysis_emits_review_only_candidate_report (test_parameter_registry_static.ParameterRegistryStaticTests.test_analysis_emits_review_only_candidate_report) ... ok
test_runtime_query_returns_contract_metadata_and_current_value (test_parameter_registry_static.ParameterRegistryStaticTests.test_runtime_query_returns_contract_metadata_and_current_value) ... ok

----------------------------------------------------------------------
Ran 2 tests in 0.001s

OK
EXIT_CODE: 0


COMMAND: & './runtime/icd-venv/Scripts/python.exe' -X utf8 -m unittest discover -s tests -p test_generic_contract_templates.py -v
test_build_emits_surface_values_only_from_explicit_v3_mapping (test_generic_contract_templates.GenericContractTemplateTests.test_build_emits_surface_values_only_from_explicit_v3_mapping) ... ok
test_declares_v3_n_motor_and_fixed_wing_template_paths (test_generic_contract_templates.GenericContractTemplateTests.test_declares_v3_n_motor_and_fixed_wing_template_paths) ... ok
test_fixed_wing_cannot_select_quadrotor_demo_controller (test_generic_contract_templates.GenericContractTemplateTests.test_fixed_wing_cannot_select_quadrotor_demo_controller) ... ok
test_fixed_wing_template_declares_v3_phase_thresholds_without_fake_surfaces (test_generic_contract_templates.GenericContractTemplateTests.test_fixed_wing_template_declares_v3_phase_thresholds_without_fake_surfaces) ... ok
test_template_covers_sensor_rates_faults_and_complex_parameters (test_generic_contract_templates.GenericContractTemplateTests.test_template_covers_sensor_rates_faults_and_complex_parameters) ... ok

----------------------------------------------------------------------
Ran 5 tests in 0.001s

OK
EXIT_CODE: 0


COMMAND: & './runtime/icd-venv/Scripts/python.exe' -X utf8 -m pip check
No broken requirements found.
EXIT_CODE: 0


COMMAND: & './runtime/icd-venv/Scripts/python.exe' -X utf8 -m compileall -q input_simulator icd_gateway icd_runtime tests/icd_gateway tests/icd_runtime scripts/test_icd_runtime.py scripts/build_contract_single_file.py
EXIT_CODE: 0


ORCHESTRATION_NOTE: pre-terrain compileall exited 0 with normal empty output; the old orchestration incorrectly stopped on empty output. Offline self-check was not run in that pre-terrain pipeline.

TERRAIN_REQUEST_CORRELATION_RED

test_actual_udp_source_receives_original_configuration_consumer_applied (test_configuration_service.ConfigurationServiceTests.test_actual_udp_source_receives_original_configuration_consumer_applied) ... ok
test_applied_configuration_state_and_input_readback_must_match_every_field (test_configuration_service.ConfigurationServiceTests.test_applied_configuration_state_and_input_readback_must_match_every_field) ... ok
test_busy_status_cannot_partially_close_installed_configuration_service (test_configuration_service.ConfigurationServiceTests.test_busy_status_cannot_partially_close_installed_configuration_service) ... ok
test_byte_budget_refuses_before_read_and_write (test_configuration_service.ConfigurationServiceTests.test_byte_budget_refuses_before_read_and_write) ... ok
test_complete_three_model_receipts_on_frozen_udp_transport (test_configuration_service.ConfigurationServiceTests.test_complete_three_model_receipts_on_frozen_udp_transport) ... ok
test_configuration_keeps_frozen_udp_only_transport (test_configuration_service.ConfigurationServiceTests.test_configuration_keeps_frozen_udp_only_transport) ... ok
test_context_and_receipt_are_strict_immutable_bounded_samples (test_configuration_service.ConfigurationServiceTests.test_context_and_receipt_are_strict_immutable_bounded_samples) ... ok
test_context_expiry_during_getter_cannot_write (test_configuration_service.ConfigurationServiceTests.test_context_expiry_during_getter_cannot_write) ... ok
test_context_from_another_requested_terrain_or_point_cannot_write (test_configuration_service.ConfigurationServiceTests.test_context_from_another_requested_terrain_or_point_cannot_write) ... FAIL
test_context_request_and_maximum_failed_receipt_are_reserved_before_getter (test_configuration_service.ConfigurationServiceTests.test_context_request_and_maximum_failed_receipt_are_reserved_before_getter) ... FAIL
test_default_receiver_does_not_publish_or_apply_configuration (test_configuration_service.ConfigurationServiceTests.test_default_receiver_does_not_publish_or_apply_configuration) ... ok
test_exact_retry_keeps_original_terminal_feedback_without_read_write_or_renewal (test_configuration_service.ConfigurationServiceTests.test_exact_retry_keeps_original_terminal_feedback_without_read_write_or_renewal) ... ok
test_failed_maximum_receipt_reservation_cannot_exceed_history_budget (test_configuration_service.ConfigurationServiceTests.test_failed_maximum_receipt_reservation_cannot_exceed_history_budget) ... ok
test_feedback_counter_limit_refuses_write (test_configuration_service.ConfigurationServiceTests.test_feedback_counter_limit_refuses_write) ... ok
test_forged_direct_configuration_completion_is_refused_outside_original_operation (test_configuration_service.ConfigurationServiceTests.test_forged_direct_configuration_completion_is_refused_outside_original_operation) ... ok
test_history_reservation_precedes_getter_and_preserves_first_record (test_configuration_service.ConfigurationServiceTests.test_history_reservation_precedes_getter_and_preserves_first_record) ... ok
test_installed_capability_is_only_consumer_not_hardware_qualification (test_configuration_service.ConfigurationServiceTests.test_installed_capability_is_only_consumer_not_hardware_qualification) ... ok
test_invalid_raw_readback_is_retained_and_failure_retry_never_rewrites (test_configuration_service.ConfigurationServiceTests.test_invalid_raw_readback_is_retained_and_failure_retry_never_rewrites) ... ok
test_invalid_semantics_reject_before_write_and_keep_context (test_configuration_service.ConfigurationServiceTests.test_invalid_semantics_reject_before_write_and_keep_context) ... ok
test_late_or_throwing_writer_retains_completion_without_claiming_no_effect (test_configuration_service.ConfigurationServiceTests.test_late_or_throwing_writer_retains_completion_without_claiming_no_effect) ... ok
test_missing_backend_and_unhashable_model_ids_are_typed_errors (test_configuration_service.ConfigurationServiceTests.test_missing_backend_and_unhashable_model_ids_are_typed_errors) ... ok
test_ordinary_session_layer_still_cannot_forge_consumer_applied (test_configuration_service.ConfigurationServiceTests.test_ordinary_session_layer_still_cannot_forge_consumer_applied) ... ok
test_owner_replacement_after_context_read_refuses_before_write (test_configuration_service.ConfigurationServiceTests.test_owner_replacement_after_context_read_refuses_before_write) ... ok
test_real_model_queue_pending_inputs_are_not_silently_discarded_for_configuration (test_configuration_service.ConfigurationServiceTests.test_real_model_queue_pending_inputs_are_not_silently_discarded_for_configuration) ... ok
test_receipt_state_control_boundary_and_future_sampling_fail_closed (test_configuration_service.ConfigurationServiceTests.test_receipt_state_control_boundary_and_future_sampling_fail_closed) ... ok
test_requested_terrain_origin_and_initial_point_reach_getter_before_write (test_configuration_service.ConfigurationServiceTests.test_requested_terrain_origin_and_initial_point_reach_getter_before_write) ... FAIL
test_throwing_getter_retains_original_error_and_actual_completion_without_write (test_configuration_service.ConfigurationServiceTests.test_throwing_getter_retains_original_error_and_actual_completion_without_write) ... ok
test_unsafe_initial_input_and_unresolved_terrain_cannot_write (test_configuration_service.ConfigurationServiceTests.test_unsafe_initial_input_and_unresolved_terrain_cannot_write) ... ok
test_wrong_original_request_or_receipt_identity_cannot_mint_applied (test_configuration_service.ConfigurationServiceTests.test_wrong_original_request_or_receipt_identity_cannot_mint_applied) ... ok

======================================================================
FAIL: test_context_from_another_requested_terrain_or_point_cannot_write (test_configuration_service.ConfigurationServiceTests.test_context_from_another_requested_terrain_or_point_cannot_write)
----------------------------------------------------------------------
Traceback (most recent call last):
  File "C:\Users\裴鹏飞\Desktop\hil_simulation\tests\icd_gateway\test_configuration_service.py", line 250, in test_context_from_another_requested_terrain_or_point_cannot_write
    self.assertIn('request_json',self.module.ModelConfigurationContext.__dataclass_fields__)
AssertionError: 'request_json' not found in {'identity_json': Field(name='identity_json',type=<class 'bytes'>,default=<dataclasses._MISSING_TYPE object at 0x000001FEF2B2E930>,default_factory=<dataclasses._MISSING_TYPE object at 0x000001FEF2B2E930>,init=True,repr=True,hash=None,compare=True,metadata=mappingproxy({}),kw_only=False,_field_type=_FIELD), 'view': Field(name='view',type=<class 'icd_gateway.semantic_guards.ModelView'>,default=<dataclasses._MISSING_TYPE object at 0x000001FEF2B2E930>,default_factory=<dataclasses._MISSING_TYPE object at 0x000001FEF2B2E930>,init=True,repr=True,hash=None,compare=True,metadata=mappingproxy({}),kw_only=False,_field_type=_FIELD), 'ground_down': Field(name='ground_down',type=float | None,default=<dataclasses._MISSING_TYPE object at 0x000001FEF2B2E930>,default_factory=<dataclasses._MISSING_TYPE object at 0x000001FEF2B2E930>,init=True,repr=True,hash=None,compare=True,metadata=mappingproxy({}),kw_only=False,_field_type=_FIELD), 'sampled_ns': Field(name='sampled_ns',type=<class 'int'>,default=<dataclasses._MISSING_TYPE object at 0x000001FEF2B2E930>,default_factory=<dataclasses._MISSING_TYPE object at 0x000001FEF2B2E930>,init=True,repr=True,hash=None,compare=True,metadata=mappingproxy({}),kw_only=False,_field_type=_FIELD), 'deadline_ns': Field(name='deadline_ns',type=<class 'int'>,default=<dataclasses._MISSING_TYPE object at 0x000001FEF2B2E930>,default_factory=<dataclasses._MISSING_TYPE object at 0x000001FEF2B2E930>,init=True,repr=True,hash=None,compare=True,metadata=mappingproxy({}),kw_only=False,_field_type=_FIELD)}

======================================================================
FAIL: test_context_request_and_maximum_failed_receipt_are_reserved_before_getter (test_configuration_service.ConfigurationServiceTests.test_context_request_and_maximum_failed_receipt_are_reserved_before_getter)
----------------------------------------------------------------------
Traceback (most recent call last):
  File "C:\Users\裴鹏飞\Desktop\hil_simulation\tests\icd_gateway\test_configuration_service.py", line 276, in test_context_request_and_maximum_failed_receipt_are_reserved_before_getter
    self.assertEqual(self.deliver(self.request)[-1]['payload']['error'],'BUFFER_FULL')
AssertionError: 'SCHEMA' != 'BUFFER_FULL'
- SCHEMA
+ BUFFER_FULL


======================================================================
FAIL: test_requested_terrain_origin_and_initial_point_reach_getter_before_write (test_configuration_service.ConfigurationServiceTests.test_requested_terrain_origin_and_initial_point_reach_getter_before_write)
----------------------------------------------------------------------
Traceback (most recent call last):
  File "C:\Users\裴鹏飞\Desktop\hil_simulation\tests\icd_gateway\test_configuration_service.py", line 245, in test_requested_terrain_origin_and_initial_point_reach_getter_before_write
    self.assertEqual(self.deliver(self.request)[-1]['payload']['stage'],'APPLIED')
AssertionError: 'FAILED' != 'APPLIED'
- FAILED
+ APPLIED


----------------------------------------------------------------------
Ran 29 tests in 18.182s

FAILED (failures=3)
EXIT_CODE: 1

TERRAIN_REQUEST_CORRELATION_GREEN

test_actual_udp_source_receives_original_configuration_consumer_applied (test_configuration_service.ConfigurationServiceTests.test_actual_udp_source_receives_original_configuration_consumer_applied) ... ok
test_applied_configuration_state_and_input_readback_must_match_every_field (test_configuration_service.ConfigurationServiceTests.test_applied_configuration_state_and_input_readback_must_match_every_field) ... ok
test_busy_status_cannot_partially_close_installed_configuration_service (test_configuration_service.ConfigurationServiceTests.test_busy_status_cannot_partially_close_installed_configuration_service) ... ok
test_byte_budget_refuses_before_read_and_write (test_configuration_service.ConfigurationServiceTests.test_byte_budget_refuses_before_read_and_write) ... ok
test_complete_three_model_receipts_on_frozen_udp_transport (test_configuration_service.ConfigurationServiceTests.test_complete_three_model_receipts_on_frozen_udp_transport) ... ok
test_configuration_keeps_frozen_udp_only_transport (test_configuration_service.ConfigurationServiceTests.test_configuration_keeps_frozen_udp_only_transport) ... ok
test_context_and_receipt_are_strict_immutable_bounded_samples (test_configuration_service.ConfigurationServiceTests.test_context_and_receipt_are_strict_immutable_bounded_samples) ... ok
test_context_expiry_during_getter_cannot_write (test_configuration_service.ConfigurationServiceTests.test_context_expiry_during_getter_cannot_write) ... ok
test_context_from_another_requested_terrain_or_point_cannot_write (test_configuration_service.ConfigurationServiceTests.test_context_from_another_requested_terrain_or_point_cannot_write) ... ok
test_context_request_and_maximum_failed_receipt_are_reserved_before_getter (test_configuration_service.ConfigurationServiceTests.test_context_request_and_maximum_failed_receipt_are_reserved_before_getter) ... ok
test_default_receiver_does_not_publish_or_apply_configuration (test_configuration_service.ConfigurationServiceTests.test_default_receiver_does_not_publish_or_apply_configuration) ... ok
test_exact_retry_keeps_original_terminal_feedback_without_read_write_or_renewal (test_configuration_service.ConfigurationServiceTests.test_exact_retry_keeps_original_terminal_feedback_without_read_write_or_renewal) ... ok
test_failed_maximum_receipt_reservation_cannot_exceed_history_budget (test_configuration_service.ConfigurationServiceTests.test_failed_maximum_receipt_reservation_cannot_exceed_history_budget) ... ok
test_feedback_counter_limit_refuses_write (test_configuration_service.ConfigurationServiceTests.test_feedback_counter_limit_refuses_write) ... ok
test_forged_direct_configuration_completion_is_refused_outside_original_operation (test_configuration_service.ConfigurationServiceTests.test_forged_direct_configuration_completion_is_refused_outside_original_operation) ... ok
test_history_reservation_precedes_getter_and_preserves_first_record (test_configuration_service.ConfigurationServiceTests.test_history_reservation_precedes_getter_and_preserves_first_record) ... ok
test_installed_capability_is_only_consumer_not_hardware_qualification (test_configuration_service.ConfigurationServiceTests.test_installed_capability_is_only_consumer_not_hardware_qualification) ... ok
test_invalid_raw_readback_is_retained_and_failure_retry_never_rewrites (test_configuration_service.ConfigurationServiceTests.test_invalid_raw_readback_is_retained_and_failure_retry_never_rewrites) ... ok
test_invalid_semantics_reject_before_write_and_keep_context (test_configuration_service.ConfigurationServiceTests.test_invalid_semantics_reject_before_write_and_keep_context) ... ok
test_late_or_throwing_writer_retains_completion_without_claiming_no_effect (test_configuration_service.ConfigurationServiceTests.test_late_or_throwing_writer_retains_completion_without_claiming_no_effect) ... ok
test_missing_backend_and_unhashable_model_ids_are_typed_errors (test_configuration_service.ConfigurationServiceTests.test_missing_backend_and_unhashable_model_ids_are_typed_errors) ... ok
test_ordinary_session_layer_still_cannot_forge_consumer_applied (test_configuration_service.ConfigurationServiceTests.test_ordinary_session_layer_still_cannot_forge_consumer_applied) ... ok
test_owner_replacement_after_context_read_refuses_before_write (test_configuration_service.ConfigurationServiceTests.test_owner_replacement_after_context_read_refuses_before_write) ... ok
test_real_model_queue_pending_inputs_are_not_silently_discarded_for_configuration (test_configuration_service.ConfigurationServiceTests.test_real_model_queue_pending_inputs_are_not_silently_discarded_for_configuration) ... ok
test_receipt_state_control_boundary_and_future_sampling_fail_closed (test_configuration_service.ConfigurationServiceTests.test_receipt_state_control_boundary_and_future_sampling_fail_closed) ... ok
test_requested_terrain_origin_and_initial_point_reach_getter_before_write (test_configuration_service.ConfigurationServiceTests.test_requested_terrain_origin_and_initial_point_reach_getter_before_write) ... ok
test_throwing_getter_retains_original_error_and_actual_completion_without_write (test_configuration_service.ConfigurationServiceTests.test_throwing_getter_retains_original_error_and_actual_completion_without_write) ... ok
test_unsafe_initial_input_and_unresolved_terrain_cannot_write (test_configuration_service.ConfigurationServiceTests.test_unsafe_initial_input_and_unresolved_terrain_cannot_write) ... ok
test_wrong_original_request_or_receipt_identity_cannot_mint_applied (test_configuration_service.ConfigurationServiceTests.test_wrong_original_request_or_receipt_identity_cannot_mint_applied) ... ok

----------------------------------------------------------------------
Ran 29 tests in 18.520s

OK
EXIT_CODE: 0

PRE_METADATA_FULL_RUN_HISTORY_NOT_FINAL_SOURCE

COMMAND: & './runtime/icd-venv/Scripts/python.exe' -X utf8 scripts/test_icd_runtime.py
test_mutated_fixtures_cannot_pass_by_rewriting_local_manifest (test_cli.CLITests.test_mutated_fixtures_cannot_pass_by_rewriting_local_manifest) ... ok
test_no_platform_specific_behavior_or_qa_imports (test_cli.CLITests.test_no_platform_specific_behavior_or_qa_imports) ... ok
test_offline_common_cli_checks_all_goldens_and_no_runtime_claim (test_cli.CLITests.test_offline_common_cli_checks_all_goldens_and_no_runtime_claim) ... ok
test_wrong_pinned_baseline_exits_nonzero (test_cli.CLITests.test_wrong_pinned_baseline_exits_nonzero) ... ok
test_runtime_is_a_real_separate_package (test_contract_payload.AvailabilityTest.test_runtime_is_a_real_separate_package) ... ok
test_baseline_and_all_59_fixtures_without_mutation (test_contract_payload.ContractPayloadTests.test_baseline_and_all_59_fixtures_without_mutation) ... ok
test_date_time_fields_reject_invalid_calendar_values (test_contract_payload.ContractPayloadTests.test_date_time_fields_reject_invalid_calendar_values) ... ok
test_each_frozen_component_tamper_is_rejected (test_contract_payload.ContractPayloadTests.test_each_frozen_component_tamper_is_rejected) ... ok
test_external_expected_hash_is_mandatory_and_not_trusted_from_file (test_contract_payload.ContractPayloadTests.test_external_expected_hash_is_mandatory_and_not_trusted_from_file) ... ok
test_ieee754_exact_large_numbers_are_not_uint64_fields (test_contract_payload.ContractPayloadTests.test_ieee754_exact_large_numbers_are_not_uint64_fields) ... ok
test_missing_unknown_types_arrays_and_nonfinite_rejected (test_contract_payload.ContractPayloadTests.test_missing_unknown_types_arrays_and_nonfinite_rejected) ... ok
test_packed_layout_offsets_boolean_and_enum_codes (test_contract_payload.ContractPayloadTests.test_packed_layout_offsets_boolean_and_enum_codes) ... ok
test_session_open_and_nonzero_session_header_rules (test_contract_payload.ContractPayloadTests.test_session_open_and_nonzero_session_header_rules) ... ok
test_strict_json_rejects_ambiguous_and_noncanonical_input (test_contract_payload.ContractPayloadTests.test_strict_json_rejects_ambiguous_and_noncanonical_input) ... ok
test_uint64_string_overflow_is_rejected (test_contract_payload.ContractPayloadTests.test_uint64_string_overflow_is_rejected) ... ok
test_unknown_id_direction_and_wrong_model_rejected (test_contract_payload.ContractPayloadTests.test_unknown_id_direction_and_wrong_model_rejected) ... ok
test_bounded_common_reassembly_exists (test_reassembly.ReassemblyAvailabilityTests.test_bounded_common_reassembly_exists) ... ok
test_64_slots_per_channel_no_eviction (test_reassembly.ReassemblyTests.test_64_slots_per_channel_no_eviction) ... ok
test_all_transports_reassemble_in_reverse_order (test_reassembly.ReassemblyTests.test_all_transports_reassemble_in_reverse_order) ... ok
test_can_timeout_is_20ms (test_reassembly.ReassemblyTests.test_can_timeout_is_20ms) ... ok
test_channel_half_groups_cannot_be_spliced (test_reassembly.ReassemblyTests.test_channel_half_groups_cannot_be_spliced) ... ok
test_clock_cannot_go_backwards_and_terminal_entries_expire (test_reassembly.ReassemblyTests.test_clock_cannot_go_backwards_and_terminal_entries_expire) ... ok
test_completed_retransmission_cannot_emit_second_completion (test_reassembly.ReassemblyTests.test_completed_retransmission_cannot_emit_second_completion) ... ok
test_conflict_invalidates_whole_group_and_blocks_restart (test_reassembly.ReassemblyTests.test_conflict_invalidates_whole_group_and_blocks_restart) ... ok
test_decoded_fragment_metadata_cannot_bypass_reservation_limits (test_reassembly.ReassemblyTests.test_decoded_fragment_metadata_cannot_bypass_reservation_limits) ... ok
test_explicit_session_dedup_owner_can_reassemble_complete_retries (test_reassembly.ReassemblyTests.test_explicit_session_dedup_owner_can_reassemble_complete_retries) ... ok
test_global_8mib_reservation_is_enforced (test_reassembly.ReassemblyTests.test_global_8mib_reservation_is_enforced) ... ok
test_header_inconsistency_invalidates_group (test_reassembly.ReassemblyTests.test_header_inconsistency_invalidates_group) ... ok
test_identical_duplicate_never_extends_fixed_deadline (test_reassembly.ReassemblyTests.test_identical_duplicate_never_extends_fixed_deadline) ... ok
test_pre_session_namespace_cannot_partition_established_business (test_reassembly.ReassemblyTests.test_pre_session_namespace_cannot_partition_established_business) ... ok
test_pre_session_namespaces_share_channel_capacity (test_reassembly.ReassemblyTests.test_pre_session_namespaces_share_channel_capacity) ... ok
test_reassembled_invalid_payload_is_rejected_not_returned (test_reassembly.ReassemblyTests.test_reassembled_invalid_payload_is_rejected_not_returned) ... ok
test_session_discard_frees_only_its_groups_and_terminal_entries (test_reassembly.ReassemblyTests.test_session_discard_frees_only_its_groups_and_terminal_entries) ... ok
test_terminal_cache_overflow_evicts_oldest_at_8192_entries (test_reassembly.ReassemblyTests.test_terminal_cache_overflow_evicts_oldest_at_8192_entries) ... ok
test_unauthorized_direction_or_channel_never_allocates (test_reassembly.ReassemblyTests.test_unauthorized_direction_or_channel_never_allocates) ... ok
test_unknown_channel_and_wrong_medium_never_allocate (test_reassembly.ReassemblyTests.test_unknown_channel_and_wrong_medium_never_allocate) ... ok
test_video_complete_frame_hash_and_four_frame_capacity (test_reassembly.ReassemblyTests.test_video_complete_frame_hash_and_four_frame_capacity) ... ok
test_all_45_input_stimuli_and_model_gate (test_source_contract.SourceContractTests.test_all_45_input_stimuli_and_model_gate) ... ok
test_all_ten_event_branches_use_frozen_closed_definitions (test_source_contract.SourceContractTests.test_all_ten_event_branches_use_frozen_closed_definitions) ... ok
test_complete_source_structure_is_unchanged (test_source_contract.SourceContractTests.test_complete_source_structure_is_unchanged) ... ok
test_component_hashes_are_actual_read_only_copies (test_source_contract.SourceContractTests.test_component_hashes_are_actual_read_only_copies) ... ok
test_decimal_time_cannot_use_trailing_newline_to_bypass_range (test_source_contract.SourceContractTests.test_decimal_time_cannot_use_trailing_newline_to_bypass_range) ... ok
test_decimal_uint64_limit_is_preserved_for_replay (test_source_contract.SourceContractTests.test_decimal_uint64_limit_is_preserved_for_replay) ... ok
test_definition_names_are_a_closed_allowlist (test_source_contract.SourceContractTests.test_definition_names_are_a_closed_allowlist) ... ok
test_each_source_required_field_and_unknown_key_are_rejected (test_source_contract.SourceContractTests.test_each_source_required_field_and_unknown_key_are_rejected) ... ok
test_source_validation_entry_points_exist (test_source_contract.SourceContractTests.test_source_validation_entry_points_exist) ... ok
test_stimulus_cannot_include_session_header_or_feedback (test_source_contract.SourceContractTests.test_stimulus_cannot_include_session_header_or_feedback) ... ok
test_common_video_framing_exists (test_video.VideoAvailabilityTests.test_common_video_framing_exists) ... ok
test_h264_h265_fragment_shapes_and_capacity (test_video.VideoTests.test_h264_h265_fragment_shapes_and_capacity) ... ok
test_invalid_raw_size_codec_header_and_empty_data (test_video.VideoTests.test_invalid_raw_size_codec_header_and_empty_data) ... ok
test_raw_800_fragments_and_all_existing_video_goldens (test_video.VideoTests.test_raw_800_fragments_and_all_existing_video_goldens) ... ok
test_reject_crc_version_flags_reserved_and_fragment_length (test_video.VideoTests.test_reject_crc_version_flags_reserved_and_fragment_length) ... ok
test_wire_codec_exists (test_wire.WireAvailabilityTests.test_wire_codec_exists) ... ok
test_all_business_golden_fragments_byte_exact (test_wire.WireTests.test_all_business_golden_fragments_byte_exact) ... ok
test_can_transport_attributes_and_padding_rejected (test_wire.WireTests.test_can_transport_attributes_and_padding_rejected) ... ok
test_crc_and_truncation_rejected (test_wire.WireTests.test_crc_and_truncation_rejected) ... ok
test_crc_reference_check_values (test_wire.WireTests.test_crc_reference_check_values) ... ok
test_decode_every_logical_message_fragment (test_wire.WireTests.test_decode_every_logical_message_fragment) ... ok
test_integral_json_header_numbers_encode_without_struct_errors (test_wire.WireTests.test_integral_json_header_numbers_encode_without_struct_errors) ... ok
test_json_cannot_be_sent_over_can_and_no_unknown_transport (test_wire.WireTests.test_json_cannot_be_sent_over_can_and_no_unknown_transport) ... ok
test_udp_65536_byte_capacity_requires_a_576_byte_final_chunk (test_wire.WireTests.test_udp_65536_byte_capacity_requires_a_576_byte_final_chunk) ... ok
test_udp_fragment_indexes_counts_and_payload_lengths (test_wire.WireTests.test_udp_fragment_indexes_counts_and_payload_lengths) ... ok
test_udp_magic_version_flags_reserved_and_ids (test_wire.WireTests.test_udp_magic_version_flags_reserved_and_ids) ... ok
test_wire_headers_checked_before_payload_reassembly (test_wire.WireTests.test_wire_headers_checked_before_payload_reassembly) ... ok
test_every_formal_fragment_retains_payload_layout (test_wire_rewrite.RewriteTests.test_every_formal_fragment_retains_payload_layout) ... ok
test_invalid_original_or_header_never_rewritten (test_wire_rewrite.RewriteTests.test_invalid_original_or_header_never_rewritten) ... ok
test_rewrite_exists (test_wire_rewrite.RewriteTests.test_rewrite_exists) ... ok

----------------------------------------------------------------------
Ran 67 tests in 27.831s

OK
WARNING: No libpcap provider available ! pcap won't be used
test_all_97_registered_probe_bindings_cover_105_scalar_array_values (test_assertion.AssertionTests.test_all_97_registered_probe_bindings_cover_105_scalar_array_values) ... ok
test_all_eight_numeric_operators_use_frozen_mathematical_meanings (test_assertion.AssertionTests.test_all_eight_numeric_operators_use_frozen_mathematical_meanings) ... ok
test_all_scene_root_wait_assert_specs_compiled_and_bad_probe_path_rejected (test_assertion.AssertionTests.test_all_scene_root_wait_assert_specs_compiled_and_bad_probe_path_rejected) ... ok
test_assert_ordinary_mismatch_is_terminal_and_success_needs_all_samples (test_assertion.AssertionTests.test_assert_ordinary_mismatch_is_terminal_and_success_needs_all_samples) ... ok
test_bool_string_exact_type_and_no_order_or_tolerance (test_assertion.AssertionTests.test_bool_string_exact_type_and_no_order_or_tolerance) ... ok
test_bounded_records_preflight_and_drain_do_not_reset_highwater_or_state (test_assertion.AssertionTests.test_bounded_records_preflight_and_drain_do_not_reset_highwater_or_state) ... ok
test_deadline_observation_is_not_counted_or_recorded (test_assertion.AssertionTests.test_deadline_observation_is_not_counted_or_recorded) ... ok
test_duplicate_sequence_backward_step_and_poll_cannot_create_samples (test_assertion.AssertionTests.test_duplicate_sequence_backward_step_and_poll_cannot_create_samples) ... ok
test_eventually_and_wait_reset_consecutive_samples_and_do_not_freeze_model (test_assertion.AssertionTests.test_eventually_and_wait_reset_consecutive_samples_and_do_not_freeze_model) ... ok
test_frozen_probe_model_target_array_index_and_expected_type (test_assertion.AssertionTests.test_frozen_probe_model_target_array_index_and_expected_type) ... ok
test_half_open_timeout_empty_window_and_uint32_overflow (test_assertion.AssertionTests.test_half_open_timeout_empty_window_and_uint32_overflow) ... ok
test_numeric_observations_reject_bool_nonfinite_containers_and_strings (test_assertion.AssertionTests.test_numeric_observations_reject_bool_nonfinite_containers_and_strings) ... ok
test_original_observation_bytes_and_capacity_failure_preserve_state (test_assertion.AssertionTests.test_original_observation_bytes_and_capacity_failure_preserve_state) ... ok
test_spec_snapshot_is_detached_and_preserves_signed_zero (test_assertion.AssertionTests.test_spec_snapshot_is_detached_and_preserves_signed_zero) ... ok
test_strict_timing_count_constructor_and_observation_types (test_assertion.AssertionTests.test_strict_timing_count_constructor_and_observation_types) ... ok
test_window_rule_mode_and_deadline_cannot_be_reassigned (test_assertion.AssertionTests.test_window_rule_mode_and_deadline_cannot_be_reassigned) ... ok
test_actual_samples_comparisons_lifecycle_continue_during_save (test_assertion_evidence_recorder.AssertionRecorderTests.test_actual_samples_comparisons_lifecycle_continue_during_save) ... ok
test_capacity_failure_preserves_samples_and_no_worker (test_assertion_evidence_recorder.AssertionRecorderTests.test_capacity_failure_preserves_samples_and_no_worker) ... ok
test_codec_preserves_raw_provenance_and_rejects_null_required_fields (test_assertion_evidence_recorder.AssertionRecorderTests.test_codec_preserves_raw_provenance_and_rejects_null_required_fields) ... ok
test_codec_uint64_times_and_status_identity_are_lossless_and_strict (test_assertion_evidence_recorder.AssertionRecorderTests.test_codec_uint64_times_and_status_identity_are_lossless_and_strict) ... ok
test_equal_plan_replacement_rejected_before_assertion_begin (test_assertion_evidence_recorder.AssertionRecorderTests.test_equal_plan_replacement_rejected_before_assertion_begin) ... ok
test_failure_terminal_retains_begin_and_error_once (test_assertion_evidence_recorder.AssertionRecorderTests.test_failure_terminal_retains_begin_and_error_once) ... ok
test_first_overflow_is_persisted_without_qualification (test_assertion_evidence_recorder.AssertionRecorderTests.test_first_overflow_is_persisted_without_qualification) ... ok
test_format_three_cannot_contain_assertion_rows (test_assertion_evidence_recorder.AssertionRecorderTests.test_format_three_cannot_contain_assertion_rows) ... ok
test_handler_lock_and_replacement_refuse_without_worker_or_reclaim (test_assertion_evidence_recorder.AssertionRecorderTests.test_handler_lock_and_replacement_refuse_without_worker_or_reclaim) ... ok
test_live_recording_cannot_silently_detach_status_sampling (test_assertion_evidence_recorder.AssertionRecorderTests.test_live_recording_cannot_silently_detach_status_sampling) ... ok
test_local_close_lists_unsaved_lifecycle_without_faking_result (test_assertion_evidence_recorder.AssertionRecorderTests.test_local_close_lists_unsaved_lifecycle_without_faking_result) ... ok
test_required_explicit_actual_assertion_owner_entry (test_assertion_evidence_recorder.AssertionRecorderTests.test_required_explicit_actual_assertion_owner_entry) ... ok
test_sample_replacement_does_not_allow_partial_reclaim (test_assertion_evidence_recorder.AssertionRecorderTests.test_sample_replacement_does_not_allow_partial_reclaim) ... ok
test_actual_corrupt_native_frame_kept_and_not_applied (test_can_signal.CANSignalTests.test_actual_corrupt_native_frame_kept_and_not_applied) ... ok
test_actual_original_can_group_and_immutable_attempts (test_can_signal.CANSignalTests.test_actual_original_can_group_and_immutable_attempts) ... ok
test_all_eleven_inputs_all_models_original_full_groups (test_can_signal.CANSignalTests.test_all_eleven_inputs_all_models_original_full_groups) ... ok
test_all_four_formal_can_channels_map_original_library_groups (test_can_signal.CANSignalTests.test_all_four_formal_can_channels_map_original_library_groups) ... ok
test_attached_dispatcher_prevents_send_close_and_bypass (test_can_signal.CANSignalTests.test_attached_dispatcher_prevents_send_close_and_bypass) ... ok
test_bus_failure_keeps_original_attempt_and_does_not_retry (test_can_signal.CANSignalTests.test_bus_failure_keeps_original_attempt_and_does_not_retry) ... ok
test_cached_heartbeat_renews_at_acceptance_not_later_delivery (test_can_signal.CANSignalTests.test_cached_heartbeat_renews_at_acceptance_not_later_delivery) ... ok
test_capacity_checked_for_whole_group_before_first_tx (test_can_signal.CANSignalTests.test_capacity_checked_for_whole_group_before_first_tx) ... ok
test_close_failure_retries_same_actual_bus (test_can_signal.CANSignalTests.test_close_failure_retries_same_actual_bus) ... ok
test_close_retry_stops_original_periodic_task_after_shutdown_flag_set (test_can_signal.CANSignalTests.test_close_retry_stops_original_periodic_task_after_shutdown_flag_set) ... ok
test_current_role_capability_and_released_token_checked_before_tx (test_can_signal.CANSignalTests.test_current_role_capability_and_released_token_checked_before_tx) ... ok
test_discarded_actual_pending_plan_can_retire_without_forged_identity (test_can_signal.CANSignalTests.test_discarded_actual_pending_plan_can_retire_without_forged_identity) ... ok
test_drain_preserves_complete_tx_context_and_counter_order (test_can_signal.CANSignalTests.test_drain_preserves_complete_tx_context_and_counter_order) ... ok
test_factory_revocation_keeps_opened_native_bus_owned_until_close (test_can_signal.CANSignalTests.test_factory_revocation_keeps_opened_native_bus_owned_until_close) ... ok
test_fresh_actual_heartbeat_status_renews_from_original_tx_only (test_can_signal.CANSignalTests.test_fresh_actual_heartbeat_status_renews_from_original_tx_only) ... ok
test_full_tx_pool_requires_reserved_failure_slot_before_send (test_can_signal.CANSignalTests.test_full_tx_pool_requires_reserved_failure_slot_before_send) ... ok
test_heartbeat_transaction_cannot_be_reused_after_retirement (test_can_signal.CANSignalTests.test_heartbeat_transaction_cannot_be_reused_after_retirement) ... ok
test_held_session_operation_blocks_other_thread_send_and_close (test_can_signal.CANSignalTests.test_held_session_operation_blocks_other_thread_send_and_close) ... ok
test_invalid_native_metadata_keeps_original_received_wire_bytes (test_can_signal.CANSignalTests.test_invalid_native_metadata_keeps_original_received_wire_bytes) ... ok
test_local_close_preserves_records_reservation_without_remote_safety (test_can_signal.CANSignalTests.test_local_close_preserves_records_reservation_without_remote_safety) ... ok
test_local_retire_frees_capacity_not_wire_authorization_or_reservation (test_can_signal.CANSignalTests.test_local_retire_frees_capacity_not_wire_authorization_or_reservation) ... ok
test_missing_socketcan_default_never_falls_back (test_can_signal.CANSignalTests.test_missing_socketcan_default_never_falls_back) ... ok
test_native_feedback_for_other_pending_group_is_retained_not_lost (test_can_signal.CANSignalTests.test_native_feedback_for_other_pending_group_is_retained_not_lost) ... ok
test_native_receive_failure_retains_bounded_original_request_evidence (test_can_signal.CANSignalTests.test_native_receive_failure_retains_bounded_original_request_evidence) ... ok
test_native_socketcan_close_retry_keeps_original_bcm_and_raw_cleanup (test_can_signal.CANSignalTests.test_native_socketcan_close_retry_keeps_original_bcm_and_raw_cleanup) ... socket.CMSG_SPACE not available on this platform
ok
test_non_none_backend_return_records_unknown_result_and_fails (test_can_signal.CANSignalTests.test_non_none_backend_return_records_unknown_result_and_fails) ... ok
test_one_native_feedback_owner_per_reservation_and_actual_bus (test_can_signal.CANSignalTests.test_one_native_feedback_owner_per_reservation_and_actual_bus) ... ok
test_original_role_revocation_after_native_tx_retains_actual_attempt (test_can_signal.CANSignalTests.test_original_role_revocation_after_native_tx_retains_actual_attempt) ... ok
test_partial_group_expiry_before_next_frame_records_group_failure (test_can_signal.CANSignalTests.test_partial_group_expiry_before_next_frame_records_group_failure) ... ok
test_post_tx_expiry_retains_actual_queued_frame (test_can_signal.CANSignalTests.test_post_tx_expiry_retains_actual_queued_frame) ... ok
test_receive_delay_expiry_does_not_allocate_half_group (test_can_signal.CANSignalTests.test_receive_delay_expiry_does_not_allocate_half_group) ... ok
test_released_reservation_does_not_free_still_open_native_backend (test_can_signal.CANSignalTests.test_released_reservation_does_not_free_still_open_native_backend) ... ok
test_replacement_builder_does_not_reset_session_can_transmit_sequence_floor (test_can_signal.CANSignalTests.test_replacement_builder_does_not_reset_session_can_transmit_sequence_floor) ... ok
test_replacement_builder_preserves_session_heartbeat_transaction_history (test_can_signal.CANSignalTests.test_replacement_builder_preserves_session_heartbeat_transaction_history) ... ok
test_rx_timeout_and_expired_lease_do_not_create_applied (test_can_signal.CANSignalTests.test_rx_timeout_and_expired_lease_do_not_create_applied) ... ok
test_second_sender_cannot_replay_attempt_after_success_or_partial_failure (test_can_signal.CANSignalTests.test_second_sender_cannot_replay_attempt_after_success_or_partial_failure) ... ok
test_sender_replacement_after_close_keeps_shared_attempt_history (test_can_signal.CANSignalTests.test_sender_replacement_after_close_keeps_shared_attempt_history) ... ok
test_signed_zero_original_can_bytes_not_normalized (test_can_signal.CANSignalTests.test_signed_zero_original_can_bytes_not_normalized) ... ok
test_standard_can_feedback_matches_actual_full_tx_and_global_highwater (test_can_signal.CANSignalTests.test_standard_can_feedback_matches_actual_full_tx_and_global_highwater) ... ok
test_strict_limits_timeouts_and_original_binding (test_can_signal.CANSignalTests.test_strict_limits_timeouts_and_original_binding) ... ok
test_untransmitted_or_forged_plan_cannot_read_or_send (test_can_signal.CANSignalTests.test_untransmitted_or_forged_plan_cannot_read_or_send) ... ok
test_bad_ip_transport_checksum_fragment_or_lengths_are_rejected (test_capture.CaptureTests.test_bad_ip_transport_checksum_fragment_or_lengths_are_rejected) ... ok
test_can_log_malformed_precision_flags_and_lengths_rejected (test_capture.CaptureTests.test_can_log_malformed_precision_flags_and_lengths_rejected) ... ok
test_can_log_original_tool_parses_can_and_fd_with_exact_unix_ns (test_capture.CaptureTests.test_can_log_original_tool_parses_can_and_fd_with_exact_unix_ns) ... ok
test_can_log_preserves_remote_extended_error_and_esi_for_later_qualification (test_capture.CaptureTests.test_can_log_preserves_remote_extended_error_and_esi_for_later_qualification) ... ok
test_can_log_rejects_raw_rtr_flags_with_fd_or_data (test_capture.CaptureTests.test_can_log_rejects_raw_rtr_flags_with_fd_or_data) ... ok
test_capture_bytes_packet_limits_and_invalid_limit_types (test_capture.CaptureTests.test_capture_bytes_packet_limits_and_invalid_limit_types) ... ok
test_classic_len8_dlc_is_explicitly_unsupported_not_invalid_reserved_data (test_capture.CaptureTests.test_classic_len8_dlc_is_explicitly_unsupported_not_invalid_reserved_data) ... ok
test_container_results_are_immutable_keep_original_order_and_never_executable (test_capture.CaptureTests.test_container_results_are_immutable_keep_original_order_and_never_executable) ... ok
test_error_frames_require_classic_can_eight_bytes_and_no_rtr (test_capture.CaptureTests.test_error_frames_require_classic_can_eight_bytes_and_no_rtr) ... ok
test_malformed_container_or_trailing_bytes_never_become_eof_success (test_capture.CaptureTests.test_malformed_container_or_trailing_bytes_never_become_eof_success) ... ok
test_metadata_only_sections_have_an_independent_capacity_bound (test_capture.CaptureTests.test_metadata_only_sections_have_an_independent_capacity_bound) ... ok
test_metadata_options_and_interfaces_have_independent_capacity_bounds (test_capture.CaptureTests.test_metadata_options_and_interfaces_have_independent_capacity_bounds) ... ok
test_parser_exists (test_capture.CaptureTests.test_parser_exists) ... ok
test_pcap_all_endian_and_micro_nano_timestamp_combinations (test_capture.CaptureTests.test_pcap_all_endian_and_micro_nano_timestamp_combinations) ... ok
test_pcap_and_ng_wire_truncation_is_preserved_not_fabricated (test_capture.CaptureTests.test_pcap_and_ng_wire_truncation_is_preserved_not_fabricated) ... ok
test_pcap_ng_actual_drop_metadata_is_preserved (test_capture.CaptureTests.test_pcap_ng_actual_drop_metadata_is_preserved) ... ok
test_pcap_ng_exact_offset_binary_resolution_and_direction (test_capture.CaptureTests.test_pcap_ng_exact_offset_binary_resolution_and_direction) ... ok
test_pcap_ng_multi_interface_and_multiple_sections_do_not_share_clock_domain (test_capture.CaptureTests.test_pcap_ng_multi_interface_and_multiple_sections_do_not_share_clock_domain) ... ok
test_pcap_ng_sub_ns_timestamp_and_overflow_rejected_without_rounding (test_capture.CaptureTests.test_pcap_ng_sub_ns_timestamp_and_overflow_rejected_without_rounding) ... ok
test_pcap_ng_unknown_interface_duplicate_option_and_no_timestamp_block_fail_closed (test_capture.CaptureTests.test_pcap_ng_unknown_interface_duplicate_option_and_no_timestamp_block_fail_closed) ... ok
test_pcap_timestamp_caplen_snaplen_and_version_are_validated (test_capture.CaptureTests.test_pcap_timestamp_caplen_snaplen_and_version_are_validated) ... ok
test_socketcan_metadata_and_length_are_preserved_for_later_formal_gate (test_capture.CaptureTests.test_socketcan_metadata_and_length_are_preserved_for_later_formal_gate) ... ok
test_unknown_linktype_and_format_mismatch_are_not_inferred_from_filename (test_capture.CaptureTests.test_unknown_linktype_and_format_mismatch_are_not_inferred_from_filename) ... ok
test_vlan_tcp_and_zero_udp_checksum_are_explicit_analysis_metadata (test_capture.CaptureTests.test_vlan_tcp_and_zero_udp_checksum_are_explicit_analysis_metadata) ... ok
test_checked_in_development_config_uses_defined_endpoint_roles (test_cli.CLITests.test_checked_in_development_config_uses_defined_endpoint_roles) ... ok
test_config_rejects_unknown_fields_and_formal_mode_without_release (test_cli.CLITests.test_config_rejects_unknown_fields_and_formal_mode_without_release) ... ok
test_gateway_config_exists (test_cli.CLITests.test_gateway_config_exists) ... ok
test_independent_gateway_and_source_processes_exchange_formal_wire (test_cli.CLITests.test_independent_gateway_and_source_processes_exchange_formal_wire) ... ok
test_one_common_source_with_no_os_or_mock_real_dispatch (test_cli.CLITests.test_one_common_source_with_no_os_or_mock_real_dispatch) ... ok
test_wrong_hash_refuses_service_startup (test_cli.CLITests.test_wrong_hash_refuses_service_startup) ... ok
test_actual_udp_source_receives_original_configuration_consumer_applied (test_configuration_service.ConfigurationServiceTests.test_actual_udp_source_receives_original_configuration_consumer_applied) ... ok
test_applied_configuration_state_and_input_readback_must_match_every_field (test_configuration_service.ConfigurationServiceTests.test_applied_configuration_state_and_input_readback_must_match_every_field) ... ok
test_busy_status_cannot_partially_close_installed_configuration_service (test_configuration_service.ConfigurationServiceTests.test_busy_status_cannot_partially_close_installed_configuration_service) ... ok
test_byte_budget_refuses_before_read_and_write (test_configuration_service.ConfigurationServiceTests.test_byte_budget_refuses_before_read_and_write) ... ok
test_complete_three_model_receipts_on_frozen_udp_transport (test_configuration_service.ConfigurationServiceTests.test_complete_three_model_receipts_on_frozen_udp_transport) ... ok
test_configuration_keeps_frozen_udp_only_transport (test_configuration_service.ConfigurationServiceTests.test_configuration_keeps_frozen_udp_only_transport) ... ok
test_context_and_receipt_are_strict_immutable_bounded_samples (test_configuration_service.ConfigurationServiceTests.test_context_and_receipt_are_strict_immutable_bounded_samples) ... ok
test_context_expiry_during_getter_cannot_write (test_configuration_service.ConfigurationServiceTests.test_context_expiry_during_getter_cannot_write) ... ok
test_context_from_another_requested_terrain_or_point_cannot_write (test_configuration_service.ConfigurationServiceTests.test_context_from_another_requested_terrain_or_point_cannot_write) ... ok
test_context_request_and_maximum_failed_receipt_are_reserved_before_getter (test_configuration_service.ConfigurationServiceTests.test_context_request_and_maximum_failed_receipt_are_reserved_before_getter) ... ok
test_default_receiver_does_not_publish_or_apply_configuration (test_configuration_service.ConfigurationServiceTests.test_default_receiver_does_not_publish_or_apply_configuration) ... ok
test_exact_retry_keeps_original_terminal_feedback_without_read_write_or_renewal (test_configuration_service.ConfigurationServiceTests.test_exact_retry_keeps_original_terminal_feedback_without_read_write_or_renewal) ... ok
test_failed_maximum_receipt_reservation_cannot_exceed_history_budget (test_configuration_service.ConfigurationServiceTests.test_failed_maximum_receipt_reservation_cannot_exceed_history_budget) ... ok
test_feedback_counter_limit_refuses_write (test_configuration_service.ConfigurationServiceTests.test_feedback_counter_limit_refuses_write) ... ok
test_forged_direct_configuration_completion_is_refused_outside_original_operation (test_configuration_service.ConfigurationServiceTests.test_forged_direct_configuration_completion_is_refused_outside_original_operation) ... ok
test_history_reservation_precedes_getter_and_preserves_first_record (test_configuration_service.ConfigurationServiceTests.test_history_reservation_precedes_getter_and_preserves_first_record) ... ok
test_installed_capability_is_only_consumer_not_hardware_qualification (test_configuration_service.ConfigurationServiceTests.test_installed_capability_is_only_consumer_not_hardware_qualification) ... ok
test_invalid_raw_readback_is_retained_and_failure_retry_never_rewrites (test_configuration_service.ConfigurationServiceTests.test_invalid_raw_readback_is_retained_and_failure_retry_never_rewrites) ... ok
test_invalid_semantics_reject_before_write_and_keep_context (test_configuration_service.ConfigurationServiceTests.test_invalid_semantics_reject_before_write_and_keep_context) ... ok
test_late_or_throwing_writer_retains_completion_without_claiming_no_effect (test_configuration_service.ConfigurationServiceTests.test_late_or_throwing_writer_retains_completion_without_claiming_no_effect) ... ok
test_missing_backend_and_unhashable_model_ids_are_typed_errors (test_configuration_service.ConfigurationServiceTests.test_missing_backend_and_unhashable_model_ids_are_typed_errors) ... ok
test_ordinary_session_layer_still_cannot_forge_consumer_applied (test_configuration_service.ConfigurationServiceTests.test_ordinary_session_layer_still_cannot_forge_consumer_applied) ... ok
test_owner_replacement_after_context_read_refuses_before_write (test_configuration_service.ConfigurationServiceTests.test_owner_replacement_after_context_read_refuses_before_write) ... ok
test_real_model_queue_pending_inputs_are_not_silently_discarded_for_configuration (test_configuration_service.ConfigurationServiceTests.test_real_model_queue_pending_inputs_are_not_silently_discarded_for_configuration) ... ok
test_receipt_state_control_boundary_and_future_sampling_fail_closed (test_configuration_service.ConfigurationServiceTests.test_receipt_state_control_boundary_and_future_sampling_fail_closed) ... ok
test_requested_terrain_origin_and_initial_point_reach_getter_before_write (test_configuration_service.ConfigurationServiceTests.test_requested_terrain_origin_and_initial_point_reach_getter_before_write) ... ok
test_throwing_getter_retains_original_error_and_actual_completion_without_write (test_configuration_service.ConfigurationServiceTests.test_throwing_getter_retains_original_error_and_actual_completion_without_write) ... ok
test_unsafe_initial_input_and_unresolved_terrain_cannot_write (test_configuration_service.ConfigurationServiceTests.test_unsafe_initial_input_and_unresolved_terrain_cannot_write) ... ok
test_wrong_original_request_or_receipt_identity_cannot_mint_applied (test_configuration_service.ConfigurationServiceTests.test_wrong_original_request_or_receipt_identity_cannot_mint_applied) ... ok
test_actual_can_command_and_udp_share_one_lease_observation (test_control_lease.ControlLeaseSocketTests.test_actual_can_command_and_udp_share_one_lease_observation) ... ok
test_actual_interleaved_owner_replies_keep_latest_attempt_only (test_control_lease.ControlLeaseSocketTests.test_actual_interleaved_owner_replies_keep_latest_attempt_only) ... ok
test_actual_udp_validated_command_extends_same_original_lease (test_control_lease.ControlLeaseSocketTests.test_actual_udp_validated_command_extends_same_original_lease) ... ok
test_earlier_heartbeat_conflict_permanently_revokes_applied_owner (test_control_lease.ControlLeaseSocketTests.test_earlier_heartbeat_conflict_permanently_revokes_applied_owner) ... ok
test_fresh_conflicting_status_revokes_even_if_clock_cache_keeps_newer_request (test_control_lease.ControlLeaseSocketTests.test_fresh_conflicting_status_revokes_even_if_clock_cache_keeps_newer_request) ... ok
test_pending_owner_ack_cannot_undo_later_safety_status (test_control_lease.ControlLeaseSocketTests.test_pending_owner_ack_cannot_undo_later_safety_status) ... ok
test_pending_owner_source_conflict_requires_a_new_owner_exchange (test_control_lease.ControlLeaseSocketTests.test_pending_owner_source_conflict_requires_a_new_owner_exchange) ... ok
test_abandon_and_new_sid_never_adopt_previous_lease (test_control_lease.ControlLeaseTests.test_abandon_and_new_sid_never_adopt_previous_lease) ... ok
test_applied_owner_cannot_establish_from_an_active_safety_status (test_control_lease.ControlLeaseTests.test_applied_owner_cannot_establish_from_an_active_safety_status) ... ok
test_control_capture_requires_actual_source_operation_owner (test_control_lease.ControlLeaseTests.test_control_capture_requires_actual_source_operation_owner) ... ok
test_control_deadline_exact_boundary_and_heartbeat_do_not_renew (test_control_lease.ControlLeaseTests.test_control_deadline_exact_boundary_and_heartbeat_do_not_renew) ... ok
test_control_permission_failure_revokes_existing_lease (test_control_lease.ControlLeaseTests.test_control_permission_failure_revokes_existing_lease) ... ok
test_control_reader_does_not_transmit_allocate_or_drain (test_control_lease.ControlLeaseTests.test_control_reader_does_not_transmit_allocate_or_drain) ... ok
test_drain_and_reader_replacement_never_reset_deadline (test_control_lease.ControlLeaseTests.test_drain_and_reader_replacement_never_reset_deadline) ... ok
test_duplicate_command_feedback_cannot_renew_again (test_control_lease.ControlLeaseTests.test_duplicate_command_feedback_cannot_renew_again) ... ok
test_exact_applied_owner_retains_original_provenance_without_qualification (test_control_lease.ControlLeaseTests.test_exact_applied_owner_retains_original_provenance_without_qualification) ... ok
test_expired_lease_cannot_be_recreated_by_late_command_ack (test_control_lease.ControlLeaseTests.test_expired_lease_cannot_be_recreated_by_late_command_ack) ... ok
test_new_owner_attempt_invalidates_old_even_when_send_fails (test_control_lease.ControlLeaseTests.test_new_owner_attempt_invalidates_old_even_when_send_fails) ... ok
test_old_owner_reply_after_new_attempt_cannot_restore_old_lease (test_control_lease.ControlLeaseTests.test_old_owner_reply_after_new_attempt_cannot_restore_old_lease) ... ok
test_old_owner_reply_after_status_revocation_cannot_restore_old_lease (test_control_lease.ControlLeaseTests.test_old_owner_reply_after_status_revocation_cannot_restore_old_lease) ... ok
test_received_failed_environment_and_wrong_lane_never_renew (test_control_lease.ControlLeaseTests.test_received_failed_environment_and_wrong_lane_never_renew) ... ok
test_safety_lifecycle_attempt_revokes_before_reply (test_control_lease.ControlLeaseTests.test_safety_lifecycle_attempt_revokes_before_reply) ... ok
test_safety_status_and_changed_source_revoke_without_regain (test_control_lease.ControlLeaseTests.test_safety_status_and_changed_source_revoke_without_regain) ... ok
test_status_alone_cannot_invent_control_lease (test_control_lease.ControlLeaseTests.test_status_alone_cannot_invent_control_lease) ... ok
test_status_step_freshness_and_strict_expected_source_lane_are_required (test_control_lease.ControlLeaseTests.test_status_step_freshness_and_strict_expected_source_lane_are_required) ... ok
test_unpublished_or_received_owner_never_establishes_lease (test_control_lease.ControlLeaseTests.test_unpublished_or_received_owner_never_establishes_lease) ... ok
test_unpublished_owner_probe_never_establishes_lease (test_control_lease.ControlLeaseTests.test_unpublished_owner_probe_never_establishes_lease) ... ok
test_validated_matching_control_renews_from_first_tx_not_reply (test_control_lease.ControlLeaseTests.test_validated_matching_control_renews_from_first_tx_not_reply) ... ok
test_large_earlier_group_is_admitted_before_later_small_group (test_dispatch.ActualResourceDispatchTests.test_large_earlier_group_is_admitted_before_later_small_group) ... ok
test_lost_unadmitted_earlier_sequence_is_failed_not_silently_renumbered (test_dispatch.ActualResourceDispatchTests.test_lost_unadmitted_earlier_sequence_is_failed_not_silently_renumbered) ... ok
test_two_actual_worker_resources_interleaved_complete_without_model_claim (test_dispatch.ActualResourceDispatchTests.test_two_actual_worker_resources_interleaved_complete_without_model_claim) ... ok
test_actual_multi_inflight_out_of_order_feedback_and_terminal_records (test_dispatch.DispatcherTests.test_actual_multi_inflight_out_of_order_feedback_and_terminal_records) ... ok
test_auto_heartbeat_late_tick_rejected_not_catchup_and_records_are_immutable (test_dispatch.DispatcherTests.test_auto_heartbeat_late_tick_rejected_not_catchup_and_records_are_immutable) ... ok
test_capacity_before_allocation_and_local_close_releases_binding_not_remote_session (test_dispatch.DispatcherTests.test_capacity_before_allocation_and_local_close_releases_binding_not_remote_session) ... ok
test_clock_failure_after_actual_tx_keeps_wire_and_progress (test_dispatch.DispatcherTests.test_clock_failure_after_actual_tx_keeps_wire_and_progress) ... ok
test_clock_failure_still_cancels_locally_without_inventing_timestamp (test_dispatch.DispatcherTests.test_clock_failure_still_cancels_locally_without_inventing_timestamp) ... ok
test_deferred_heartbeat_checks_actual_tx_deadline (test_dispatch.DispatcherTests.test_deferred_heartbeat_checks_actual_tx_deadline) ... ok
test_final_resource_late_actual_feedback_is_retained_but_not_complete (test_dispatch.DispatcherTests.test_final_resource_late_actual_feedback_is_retained_but_not_complete) ... ok
test_heartbeat_keeps_conservative_session_live_during_resource_wait (test_dispatch.DispatcherTests.test_heartbeat_keeps_conservative_session_live_during_resource_wait) ... ok
test_lease_expiry_after_actual_tx_keeps_wire_but_fails_run (test_dispatch.DispatcherTests.test_lease_expiry_after_actual_tx_keeps_wire_but_fails_run) ... ok
test_lease_expiry_inside_poll_stops_before_actual_tx (test_dispatch.DispatcherTests.test_lease_expiry_inside_poll_stops_before_actual_tx) ... ok
test_nonfinal_resource_feedback_during_paced_retry_is_not_lost (test_dispatch.DispatcherTests.test_nonfinal_resource_feedback_during_paced_retry_is_not_lost) ... ok
test_received_is_not_terminal_and_unrelated_heartbeat_can_complete (test_dispatch.DispatcherTests.test_received_is_not_terminal_and_unrelated_heartbeat_can_complete) ... ok
test_record_capacity_preserves_existing_and_rejects_before_sequence (test_dispatch.DispatcherTests.test_record_capacity_preserves_existing_and_rejects_before_sequence) ... ok
test_reliable_four_original_attempts_periodic_one_and_timeout (test_dispatch.DispatcherTests.test_reliable_four_original_attempts_periodic_one_and_timeout) ... ok
test_interleaved_same_transaction_ack_matches_original_sequence (test_dispatch.MatchingTests.test_interleaved_same_transaction_ack_matches_original_sequence) ... ok
test_matching_list_is_bounded_strict_and_unique (test_dispatch.MatchingTests.test_matching_list_is_bounded_strict_and_unique) ... ok
test_matured_resource_reservations_do_not_burst_after_delayed_poll (test_dispatch.MatchingTests.test_matured_resource_reservations_do_not_burst_after_delayed_poll) ... ok
test_nonblocking_typed_feedback_does_not_drop_other_pending_request (test_dispatch.MatchingTests.test_nonblocking_typed_feedback_does_not_drop_other_pending_request) ... ok
test_all_declared_evidence_correlations_are_checked_and_bad_rows_retained (test_evidence.EvidenceTests.test_all_declared_evidence_correlations_are_checked_and_bad_rows_retained) ... ok
test_all_fourteen_feedback_messages_preserve_their_actual_udp_fragments (test_evidence.EvidenceTests.test_all_fourteen_feedback_messages_preserve_their_actual_udp_fragments) ... ok
test_capacity_preflight_does_not_read_queued_socket_datagram (test_evidence.EvidenceTests.test_capacity_preflight_does_not_read_queued_socket_datagram) ... ok
test_clock_failure_during_evidence_decode_preserves_original_failed_claim (test_evidence.EvidenceTests.test_clock_failure_during_evidence_decode_preserves_original_failed_claim) ... ok
test_collection_cannot_be_enabled_on_closed_actual_socket (test_evidence.EvidenceTests.test_collection_cannot_be_enabled_on_closed_actual_socket) ... ok
test_collection_constructor_limits_remain_strict_and_atomic (test_evidence.EvidenceTests.test_collection_constructor_limits_remain_strict_and_atomic) ... ok
test_drain_preserves_request_context_and_feedback_highwater (test_evidence.EvidenceTests.test_drain_preserves_request_context_and_feedback_highwater) ... ok
test_duplicate_original_evidence_is_idempotent_but_conflict_and_stale_not_accepted (test_evidence.EvidenceTests.test_duplicate_original_evidence_is_idempotent_but_conflict_and_stale_not_accepted) ... ok
test_enable_is_single_owner_close_preserves_records_not_remote_cleanup (test_evidence.EvidenceTests.test_enable_is_single_owner_close_preserves_records_not_remote_cleanup) ... ok
test_fragmented_evidence_keeps_actual_arrival_bytes_and_decodes_in_reverse (test_evidence.EvidenceTests.test_fragmented_evidence_keeps_actual_arrival_bytes_and_decodes_in_reverse) ... ok
test_inbox_exists_and_actual_evidence_is_observation_not_ack_or_model_success (test_evidence.EvidenceTests.test_inbox_exists_and_actual_evidence_is_observation_not_ack_or_model_success) ... ok
test_lease_expiry_during_actual_evidence_decode_is_rejected_before_highwater (test_evidence.EvidenceTests.test_lease_expiry_during_actual_evidence_decode_is_rejected_before_highwater) ... ok
test_not_actually_transmitted_or_wrong_header_cannot_be_watched (test_evidence.EvidenceTests.test_not_actually_transmitted_or_wrong_header_cannot_be_watched) ... ok
test_oversized_datagram_keeps_all_original_bytes_not_truncated_prefix (test_evidence.EvidenceTests.test_oversized_datagram_keeps_all_original_bytes_not_truncated_prefix) ... ok
test_packed_signed_zero_uses_actual_payload_bytes_not_canonicalized_request (test_evidence.EvidenceTests.test_packed_signed_zero_uses_actual_payload_bytes_not_canonicalized_request) ... ok
test_partial_actual_resource_tx_group_cannot_qualify_evidence_correlation (test_evidence.EvidenceTests.test_partial_actual_resource_tx_group_cannot_qualify_evidence_correlation) ... ok
test_public_drain_cannot_race_the_single_socket_owner (test_evidence.EvidenceTests.test_public_drain_cannot_race_the_single_socket_owner) ... ok
test_public_inbox_close_detaches_collection_without_breaking_normal_ack (test_evidence.EvidenceTests.test_public_inbox_close_detaches_collection_without_breaking_normal_ack) ... ok
test_published_consumer_e2_claim_is_correlated_but_never_qualified_locally (test_evidence.EvidenceTests.test_published_consumer_e2_claim_is_correlated_but_never_qualified_locally) ... ok
test_raw_wrong_peer_and_bad_crc_are_retained_without_evidence_match (test_evidence.EvidenceTests.test_raw_wrong_peer_and_bad_crc_are_retained_without_evidence_match) ... ok
test_standard_evidence_after_terminal_ack_is_still_collected_without_pending (test_evidence.EvidenceTests.test_standard_evidence_after_terminal_ack_is_still_collected_without_pending) ... ok
test_unpublished_other_model_and_input_as_e3_probes_are_rejected (test_evidence.EvidenceTests.test_unpublished_other_model_and_input_as_e3_probes_are_rejected) ... ok
test_unwatch_original_context_after_ack_does_not_reset_sequences (test_evidence.EvidenceTests.test_unwatch_original_context_after_ack_does_not_reset_sequences) ... ok
test_watch_invalid_bounds_stage_strings_and_opaque_identity (test_evidence.EvidenceTests.test_watch_invalid_bounds_stage_strings_and_opaque_identity) ... ok
test_watch_limits_duplicates_and_strict_parameters_fail_without_tx (test_evidence.EvidenceTests.test_watch_limits_duplicates_and_strict_parameters_fail_without_tx) ... ok
test_actual_bad_crc_and_full_oversize_datagrams_are_saved_byte_exact (test_evidence_archive.ArchiveTests.test_actual_bad_crc_and_full_oversize_datagrams_are_saved_byte_exact) ... ok
test_actual_new_directory_readback_and_existing_directory_not_overwritten (test_evidence_archive.ArchiveTests.test_actual_new_directory_readback_and_existing_directory_not_overwritten) ... ok
test_actual_snapshot_roundtrips_all_original_records_without_drain_or_qualification (test_evidence_archive.ArchiveTests.test_actual_snapshot_roundtrips_all_original_records_without_drain_or_qualification) ... ok
test_closed_inbox_and_dispatcher_failure_records_remain_archivable (test_evidence_archive.ArchiveTests.test_closed_inbox_and_dispatcher_failure_records_remain_archivable) ... ok
test_corrupt_readback_never_publishes_manifest (test_evidence_archive.ArchiveTests.test_corrupt_readback_never_publishes_manifest) ... ok
test_directory_inventory_rejects_extra_entry_without_unbounded_scan (test_evidence_archive.ArchiveTests.test_directory_inventory_rejects_extra_entry_without_unbounded_scan) ... ok
test_exact_record_and_byte_bounds_and_strict_limit_types (test_evidence_archive.ArchiveTests.test_exact_record_and_byte_bounds_and_strict_limit_types) ... ok
test_explicit_run_identity_is_not_a_path_or_current_authorization (test_evidence_archive.ArchiveTests.test_explicit_run_identity_is_not_a_path_or_current_authorization) ... ok
test_foreign_inbox_rejected_before_snapshot (test_evidence_archive.ArchiveTests.test_foreign_inbox_rejected_before_snapshot) ... ok
test_fsync_or_publication_failure_retains_incomplete_directory_and_memory (test_evidence_archive.ArchiveTests.test_fsync_or_publication_failure_retains_incomplete_directory_and_memory) ... ok
test_invalid_archive_cannot_create_owned_directory (test_evidence_archive.ArchiveTests.test_invalid_archive_cannot_create_owned_directory) ... ok
test_local_source_close_keeps_failed_history_archivable_without_live_grant (test_evidence_archive.ArchiveTests.test_local_source_close_keeps_failed_history_archivable_without_live_grant) ... ok
test_no_inbox_snapshot_never_invents_missing_original_rx (test_evidence_archive.ArchiveTests.test_no_inbox_snapshot_never_invents_missing_original_rx) ... ok
test_readback_size_limit_and_record_limit_are_fail_closed (test_evidence_archive.ArchiveTests.test_readback_size_limit_and_record_limit_are_fail_closed) ... ok
test_rehashed_unknown_record_fields_and_bad_base64_are_not_accepted (test_evidence_archive.ArchiveTests.test_rehashed_unknown_record_fields_and_bad_base64_are_not_accepted) ... ok
test_snapshot_is_detached_immutable_and_keeps_new_records_out (test_evidence_archive.ArchiveTests.test_snapshot_is_detached_immutable_and_keeps_new_records_out) ... ok
test_source_and_dispatcher_owner_locks_reject_concurrent_snapshot (test_evidence_archive.ArchiveTests.test_source_and_dispatcher_owner_locks_reject_concurrent_snapshot) ... ok
test_symbolic_archive_file_rejected_before_reading_contents (test_evidence_archive.ArchiveTests.test_symbolic_archive_file_rejected_before_reading_contents) ... ok
test_tampered_missing_or_extra_files_and_wrong_baseline_fail_readback (test_evidence_archive.ArchiveTests.test_tampered_missing_or_extra_files_and_wrong_baseline_fail_readback) ... ok
test_uint64_strings_and_packed_negative_zero_bytes_not_normalized (test_evidence_archive.ArchiveTests.test_uint64_strings_and_packed_negative_zero_bytes_not_normalized) ... ok
test_actual_background_persistence_reclaims_only_saved_original_prefix (test_evidence_recorder.RecorderTests.test_actual_background_persistence_reclaims_only_saved_original_prefix) ... ok
test_chain_capacity_and_uncommitted_tail_fail_closed (test_evidence_recorder.RecorderTests.test_chain_capacity_and_uncommitted_tail_fail_closed) ... ok
test_chain_rejects_missing_reordered_or_rehashed_foreign_identity_counts_and_flags (test_evidence_recorder.RecorderTests.test_chain_rejects_missing_reordered_or_rehashed_foreign_identity_counts_and_flags) ... ok
test_chain_trusted_anchor_types_are_strict_and_missing_half_anchor_rejected (test_evidence_recorder.RecorderTests.test_chain_trusted_anchor_types_are_strict_and_missing_half_anchor_rejected) ... ok
test_close_checkpoint_and_reader_are_included_in_total_byte_budget (test_evidence_recorder.RecorderTests.test_close_checkpoint_and_reader_are_included_in_total_byte_budget) ... ok
test_close_owner_busy_after_checkpoint_retries_detach_without_rewriting (test_evidence_recorder.RecorderTests.test_close_owner_busy_after_checkpoint_retries_detach_without_rewriting) ... ok
test_closed_checkpoint_strict_counts_flags_and_hash_reject_even_matching_pending (test_evidence_recorder.RecorderTests.test_closed_checkpoint_strict_counts_flags_and_hash_reject_even_matching_pending) ... ok
test_closed_recording_checkpoint_failure_keeps_memory_and_explicit_close_error (test_evidence_recorder.RecorderTests.test_closed_recording_checkpoint_failure_keeps_memory_and_explicit_close_error) ... ok
test_deleted_final_segment_requires_trusted_count_tip_or_local_close_anchor (test_evidence_recorder.RecorderTests.test_deleted_final_segment_requires_trusted_count_tip_or_local_close_anchor) ... ok
test_duplicate_owner_invalid_limits_and_existing_root_do_not_replace_recording (test_evidence_recorder.RecorderTests.test_duplicate_owner_invalid_limits_and_existing_root_do_not_replace_recording) ... ok
test_equal_record_replacement_after_snapshot_is_not_a_trusted_identity_prefix (test_evidence_recorder.RecorderTests.test_equal_record_replacement_after_snapshot_is_not_a_trusted_identity_prefix) ... ok
test_limits_fail_before_worker_start_or_any_reclaim (test_evidence_recorder.RecorderTests.test_limits_fail_before_worker_start_or_any_reclaim) ... ok
test_local_close_reports_unsaved_records_and_releases_only_local_drain_guard (test_evidence_recorder.RecorderTests.test_local_close_reports_unsaved_records_and_releases_only_local_drain_guard) ... ok
test_maximum_segments_rejects_later_flush_without_losing_new_rx (test_evidence_recorder.RecorderTests.test_maximum_segments_rejects_later_flush_without_losing_new_rx) ... ok
test_original_recorder_prevents_replacing_closed_dispatcher_until_detached (test_evidence_recorder.RecorderTests.test_original_recorder_prevents_replacing_closed_dispatcher_until_detached) ... ok
test_owner_busy_after_worker_completion_can_retry_same_job_without_rewrite (test_evidence_recorder.RecorderTests.test_owner_busy_after_worker_completion_can_retry_same_job_without_rewrite) ... ok
test_readback_tampering_before_reclaim_never_deletes_original_records (test_evidence_recorder.RecorderTests.test_readback_tampering_before_reclaim_never_deletes_original_records) ... ok
test_record_ownership_blocks_all_three_side_drain_paths (test_evidence_recorder.RecorderTests.test_record_ownership_blocks_all_three_side_drain_paths) ... ok
test_saved_prefix_identity_mutation_refuses_atomic_reclaim (test_evidence_recorder.RecorderTests.test_saved_prefix_identity_mutation_refuses_atomic_reclaim) ... ok
test_single_pending_job_and_strict_close_timeout_types (test_evidence_recorder.RecorderTests.test_single_pending_job_and_strict_close_timeout_types) ... ok
test_successful_reclaim_frees_exact_record_bytes_not_context_or_pending_reservations (test_evidence_recorder.RecorderTests.test_successful_reclaim_frees_exact_record_bytes_not_context_or_pending_reservations) ... ok
test_thread_start_failure_preserves_records_and_retains_explicit_failure (test_evidence_recorder.RecorderTests.test_thread_start_failure_preserves_records_and_retains_explicit_failure) ... ok
test_timeout_close_retains_actual_thread_handle_and_original_owner_until_retry (test_evidence_recorder.RecorderTests.test_timeout_close_retains_actual_thread_handle_and_original_owner_until_retry) ... ok
test_two_actual_segments_have_continuous_counts_hash_and_original_bytes (test_evidence_recorder.RecorderTests.test_two_actual_segments_have_continuous_counts_hash_and_original_bytes) ... ok
test_writer_failure_keeps_original_records_and_incomplete_owned_directory (test_evidence_recorder.RecorderTests.test_writer_failure_keeps_original_records_and_incomplete_owned_directory) ... ok
test_all_13_canfd_messages_use_original_formal_codec_and_order (test_history.HistoryTests.test_all_13_canfd_messages_use_original_formal_codec_and_order) ... ok
test_all_59_messages_decode_from_actual_udp_capture (test_history.HistoryTests.test_all_59_messages_decode_from_actual_udp_capture) ... ok
test_binding_document_is_closed_and_clock_identity_is_explicit (test_history.HistoryTests.test_binding_document_is_closed_and_clock_identity_is_explicit) ... ok
test_binding_required_not_guessed_from_name_or_rxtx (test_history.HistoryTests.test_binding_required_not_guessed_from_name_or_rxtx) ... ok
test_capacity_baseline_and_unknown_or_truncated_transport (test_history.HistoryTests.test_capacity_baseline_and_unknown_or_truncated_transport) ... ok
test_capture_and_record_are_immutable_and_repeated_full_transmissions_preserved (test_history.HistoryTests.test_capture_and_record_are_immutable_and_repeated_full_transmissions_preserved) ... ok
test_counts_ids_epoch_window_and_clock_reversal (test_history.HistoryTests.test_counts_ids_epoch_window_and_clock_reversal) ... ok
test_crc_direction_endpoint_medium_and_model_gates (test_history.HistoryTests.test_crc_direction_endpoint_medium_and_model_gates) ... ok
test_cross_domain_file_order_is_not_mistaken_for_domain_clock_reversal (test_history.HistoryTests.test_cross_domain_file_order_is_not_mistaken_for_domain_clock_reversal) ... ok
test_decoder_exists (test_history.HistoryTests.test_decoder_exists) ... ok
test_different_domains_never_splice_fragments (test_history.HistoryTests.test_different_domains_never_splice_fragments) ... ok
test_duplicate_rewrite_fields_are_rejected_at_public_decoder_boundary (test_history.HistoryTests.test_duplicate_rewrite_fields_are_rejected_at_public_decoder_boundary) ... ok
test_formal_raw_and_rebuild_modes_decode_but_never_authorize_existing_session (test_history.HistoryTests.test_formal_raw_and_rebuild_modes_decode_but_never_authorize_existing_session) ... ok
test_loss_never_grants_complete_capture_and_extra_policy_is_checked (test_history.HistoryTests.test_loss_never_grants_complete_capture_and_extra_policy_is_checked) ... ok
test_missing_fragment_or_timeout_cannot_be_a_complete_record (test_history.HistoryTests.test_missing_fragment_or_timeout_cannot_be_a_complete_record) ... ok
test_missing_model_cannot_bypass_original_model_gate (test_history.HistoryTests.test_missing_model_cannot_bypass_original_model_gate) ... ok
test_model_step_clock_requires_exact_header_provenance (test_history.HistoryTests.test_model_step_clock_requires_exact_header_provenance) ... ok
test_multidomain_shared_clock_and_bidirectional_streams (test_history.HistoryTests.test_multidomain_shared_clock_and_bidirectional_streams) ... ok
test_no_mutation_or_fake_headers_in_auxiliary_raw_modes (test_history.HistoryTests.test_no_mutation_or_fake_headers_in_auxiliary_raw_modes) ... ok
test_original_64_slot_capacity_not_bypassed_by_history_group_tracking (test_history.HistoryTests.test_original_64_slot_capacity_not_bypassed_by_history_group_tracking) ... ok
test_raw_bus_can_fd_and_ethernet_are_stimuli_without_fake_headers (test_history.HistoryTests.test_raw_bus_can_fd_and_ethernet_are_stimuli_without_fake_headers) ... ok
test_raw_bus_without_direction_or_with_unsafe_frames_is_rejected (test_history.HistoryTests.test_raw_bus_without_direction_or_with_unsafe_frames_is_rejected) ... ok
test_unknown_tcp_and_video_do_not_become_udp_business_inputs (test_history.HistoryTests.test_unknown_tcp_and_video_do_not_become_udp_business_inputs) ... ok
test_actual_standard_grant_prepares_published_resource_without_tool_tx_claim (test_live_tool_input.ActualInputTests.test_actual_standard_grant_prepares_published_resource_without_tool_tx_claim) ... ok
test_all_11_can_inputs_and_44_grantable_udp_inputs_use_complete_original_groups (test_live_tool_input.InputTests.test_all_11_can_inputs_and_44_grantable_udp_inputs_use_complete_original_groups) ... ok
test_builder_capacity_never_evicts_or_consumes_failed_sequence (test_live_tool_input.InputTests.test_builder_capacity_never_evicts_or_consumes_failed_sequence) ... ok
test_byte_limits_preflight_before_counter_and_never_clear_existing (test_live_tool_input.InputTests.test_byte_limits_preflight_before_counter_and_never_clear_existing) ... ok
test_cansend_literal_complete_group_has_no_frontend_options (test_live_tool_input.InputTests.test_cansend_literal_complete_group_has_no_frontend_options) ... ok
test_cantools_python_can_complete_group_is_original_bytes_not_mutable_snapshot (test_live_tool_input.InputTests.test_cantools_python_can_complete_group_is_original_bytes_not_mutable_snapshot) ... ok
test_current_grant_complete_input_group_global_allocation_and_no_tx (test_live_tool_input.InputTests.test_current_grant_complete_input_group_global_allocation_and_no_tx) ... ok
test_expired_plan_cannot_validate_but_can_discard_without_releasing_channel (test_live_tool_input.InputTests.test_expired_plan_cannot_validate_but_can_discard_without_releasing_channel) ... ok
test_failed_preparation_budget_identity_and_revoked_local_recovery (test_live_tool_input.InputTests.test_failed_preparation_budget_identity_and_revoked_local_recovery) ... ok
test_forged_foreign_discarded_and_abandoned_inputs_are_not_live (test_live_tool_input.InputTests.test_forged_foreign_discarded_and_abandoned_inputs_are_not_live) ... ok
test_lack_of_role_wrong_model_or_other_ethernet_channel_never_allocates (test_live_tool_input.InputTests.test_lack_of_role_wrong_model_or_other_ethernet_channel_never_allocates) ... ok
test_lease_expiry_during_encoding_rejects_without_consuming_sequence (test_live_tool_input.InputTests.test_lease_expiry_during_encoding_rejects_without_consuming_sequence) ... ok
test_malformed_objects_and_forged_bytes_fail_explicitly_before_allocation (test_live_tool_input.InputTests.test_malformed_objects_and_forged_bytes_fail_explicitly_before_allocation) ... ok
test_missing_expired_role_capability_and_invalid_input_do_not_consume_sequence (test_live_tool_input.InputTests.test_missing_expired_role_capability_and_invalid_input_do_not_consume_sequence) ... ok
test_observer_unknown_original_branch_and_invalid_limits_are_rejected (test_live_tool_input.InputTests.test_observer_unknown_original_branch_and_invalid_limits_are_rejected) ... ok
test_packed_signed_zero_survives_source_snapshot_and_original_can_udp_builders (test_live_tool_input.InputTests.test_packed_signed_zero_survives_source_snapshot_and_original_can_udp_builders) ... ok
test_plan_validation_links_actual_reservation_source_and_discard (test_live_tool_input.InputTests.test_plan_validation_links_actual_reservation_source_and_discard) ... ok
test_post_allocation_tool_error_or_revoke_preserves_original_input_no_rollback (test_live_tool_input.InputTests.test_post_allocation_tool_error_or_revoke_preserves_original_input_no_rollback) ... ok
test_preflight_bad_binding_protocol_and_mac_preserve_global_counter (test_live_tool_input.InputTests.test_preflight_bad_binding_protocol_and_mac_preserve_global_counter) ... ok
test_scapy_complete_ethernet_uses_current_transport_endpoints_and_original_wire (test_live_tool_input.InputTests.test_scapy_complete_ethernet_uses_current_transport_endpoints_and_original_wire) ... ok
test_shared_bounded_evidence_pool_drain_and_discard_never_roll_back (test_live_tool_input.InputTests.test_shared_bounded_evidence_pool_drain_and_discard_never_roll_back) ... ok
test_source_prepare_respects_exclusive_owner_and_counter_exhaustion (test_live_tool_input.InputTests.test_source_prepare_respects_exclusive_owner_and_counter_exhaustion) ... ok
test_typed_message_id_is_not_normalized_into_a_valid_integer (test_live_tool_input.InputTests.test_typed_message_id_is_not_normalized_into_a_valid_integer) ... ok
test_all_97_frozen_paths_are_covered_by_complete_snapshots (test_model_bindings.BindingTests.test_all_97_frozen_paths_are_covered_by_complete_snapshots) ... ok
test_binding_gate_exists (test_model_bindings.BindingTests.test_binding_gate_exists) ... ok
test_control_mode_extra_root_and_non_scalar_parameter_are_rejected (test_model_bindings.BindingTests.test_control_mode_extra_root_and_non_scalar_parameter_are_rejected) ... ok
test_descriptor_type_dimension_unit_range_default_and_symbol_are_exact (test_model_bindings.BindingTests.test_descriptor_type_dimension_unit_range_default_and_symbol_are_exact) ... ok
test_existing_six_motor_declaration_is_not_full_v03_qualification (test_model_bindings.BindingTests.test_existing_six_motor_declaration_is_not_full_v03_qualification) ... ok
test_flight_and_actuator_are_the_same_target_not_different_lanes (test_model_bindings.BindingTests.test_flight_and_actuator_are_the_same_target_not_different_lanes) ... ok
test_full_message_schema_and_selected_model_are_required (test_model_bindings.BindingTests.test_full_message_schema_and_selected_model_are_required) ... ok
test_metadata_and_mapped_values_have_no_mutable_caller_alias (test_model_bindings.BindingTests.test_metadata_and_mapped_values_have_no_mutable_caller_alias) ... ok
test_missing_extra_ports_and_parameters_are_not_silently_accepted (test_model_bindings.BindingTests.test_missing_extra_ports_and_parameters_are_not_silently_accepted) ... ok
test_wrong_model_version_step_and_malformed_definition_are_rejected (test_model_bindings.BindingTests.test_wrong_model_version_step_and_malformed_definition_are_rejected) ... ok
test_applied_reset_and_resume_invalidate_old_sid_until_new_grant (test_model_clock.ModelClockTests.test_applied_reset_and_resume_invalidate_old_sid_until_new_grant) ... ok
test_can_heartbeat_attempt_blocks_reuse_by_serial_udp (test_model_clock.ModelClockTests.test_can_heartbeat_attempt_blocks_reuse_by_serial_udp) ... ok
test_current_lease_is_required_even_with_cached_status (test_model_clock.ModelClockTests.test_current_lease_is_required_even_with_cached_status) ... ok
test_dispatcher_feedback_reader_never_sends_or_drains (test_model_clock.ModelClockTests.test_dispatcher_feedback_reader_never_sends_or_drains) ... ok
test_duplicate_feedback_cannot_refresh_original_deadline (test_model_clock.ModelClockTests.test_duplicate_feedback_cannot_refresh_original_deadline) ... ok
test_failed_received_or_unpublished_lifecycle_does_not_claim_reset (test_model_clock.ModelClockTests.test_failed_received_or_unpublished_lifecycle_does_not_claim_reset) ... ok
test_failed_serial_heartbeat_attempt_cannot_reuse_transaction (test_model_clock.ModelClockTests.test_failed_serial_heartbeat_attempt_cannot_reuse_transaction) ... ok
test_frozen_240ms_validity_exact_boundary_and_delayed_arrival (test_model_clock.ModelClockTests.test_frozen_240ms_validity_exact_boundary_and_delayed_arrival) ... ok
test_immutable_detached_snapshot_retains_original_exchange_and_identity (test_model_clock.ModelClockTests.test_immutable_detached_snapshot_retains_original_exchange_and_identity) ... ok
test_interleaved_older_heartbeat_still_contributes_model_step_floor (test_model_clock.ModelClockTests.test_interleaved_older_heartbeat_still_contributes_model_step_floor) ... ok
test_local_elapsed_time_never_advances_reported_model_step (test_model_clock.ModelClockTests.test_local_elapsed_time_never_advances_reported_model_step) ... ok
test_local_monotonic_clock_reversal_is_not_a_model_reset (test_model_clock.ModelClockTests.test_local_monotonic_clock_reversal_is_not_a_model_reset) ... ok
test_new_sid_requires_new_status_and_allows_reset_step (test_model_clock.ModelClockTests.test_new_sid_requires_new_status_and_allows_reset_step) ... ok
test_original_can_feedback_uses_source_clock_domain (test_model_clock.ModelClockTests.test_original_can_feedback_uses_source_clock_domain) ... ok
test_private_feedback_capture_cannot_bypass_actual_operation_owner (test_model_clock.ModelClockTests.test_private_feedback_capture_cannot_bypass_actual_operation_owner) ... ok
test_requires_actual_status_not_grant_or_an_arbitrary_object (test_model_clock.ModelClockTests.test_requires_actual_status_not_grant_or_an_arbitrary_object) ... ok
test_reused_heartbeat_transaction_cannot_retime_or_replace_sample (test_model_clock.ModelClockTests.test_reused_heartbeat_transaction_cannot_retime_or_replace_sample) ... ok
test_serial_udp_status_is_bound_to_actual_socket_request (test_model_clock.ModelClockTests.test_serial_udp_status_is_bound_to_actual_socket_request) ... ok
test_source_owner_lock_and_closed_session_are_respected (test_model_clock.ModelClockTests.test_source_owner_lock_and_closed_session_are_respected) ... ok
test_strict_exact_step_and_required_state (test_model_clock.ModelClockTests.test_strict_exact_step_and_required_state) ... ok
test_temporarily_deferred_original_heartbeat_claims_transaction_once (test_model_clock.ModelClockTests.test_temporarily_deferred_original_heartbeat_claims_transaction_once) ... ok
test_timed_out_heartbeat_transaction_cannot_be_reused_after_dispatch_replacement (test_model_clock.ModelClockTests.test_timed_out_heartbeat_transaction_cannot_be_reused_after_dispatch_replacement) ... ok
test_unread_regression_survives_drain_and_reader_replacement (test_model_clock.ModelClockTests.test_unread_regression_survives_drain_and_reader_replacement) ... ok
test_100ms_control_age_uses_first_receive_even_with_fresh_heartbeat (test_model_queue.QueueTests.test_100ms_control_age_uses_first_receive_even_with_fresh_heartbeat) ... ok
test_clear_preserves_model_step_close_refuses_use_and_clocks_do_not_rewind (test_model_queue.QueueTests.test_clear_preserves_model_step_close_refuses_use_and_clocks_do_not_rewind) ... ok
test_closed_queue_cannot_reset_step_history_for_still_live_sessions (test_model_queue.QueueTests.test_closed_queue_cannot_reset_step_history_for_still_live_sessions) ... ok
test_control_age_below_deadline_can_release_but_no_safety_is_claimed (test_model_queue.QueueTests.test_control_age_below_deadline_can_release_but_no_safety_is_claimed) ... ok
test_controller_source_lane_model_and_stimulus_metadata_are_strict (test_model_queue.QueueTests.test_controller_source_lane_model_and_stimulus_metadata_are_strict) ... ok
test_cross_session_writer_conflict_and_whole_snapshot_rollback (test_model_queue.QueueTests.test_cross_session_writer_conflict_and_whole_snapshot_rollback) ... ok
test_duplicate_or_cleared_admission_cannot_enter_queue_twice (test_model_queue.QueueTests.test_duplicate_or_cleared_admission_cannot_enter_queue_twice) ... ok
test_expired_before_enqueue_control_is_not_reserved (test_model_queue.QueueTests.test_expired_before_enqueue_control_is_not_reserved) ... ok
test_failed_admission_cannot_be_queued (test_model_queue.QueueTests.test_failed_admission_cannot_be_queued) ... ok
test_idle_expiry_returns_rejections_and_removes_writer_reservations (test_model_queue.QueueTests.test_idle_expiry_returns_rejections_and_removes_writer_reservations) ... ok
test_invalid_boundary_state_model_range_and_clock_never_release (test_model_queue.QueueTests.test_invalid_boundary_state_model_range_and_clock_never_release) ... ok
test_lane_alias_cannot_be_enabled_concurrently (test_model_queue.QueueTests.test_lane_alias_cannot_be_enabled_concurrently) ... ok
test_missing_or_duplicate_model_mapping_refuses_construction (test_model_queue.QueueTests.test_missing_or_duplicate_model_mapping_refuses_construction) ... ok
test_model_queue_exists (test_model_queue.QueueTests.test_model_queue_exists) ... ok
test_only_exact_next_step_can_release_no_late_catchup (test_model_queue.QueueTests.test_only_exact_next_step_can_release_no_late_catchup) ... ok
test_original_admission_receiving_time_not_retry_time_is_returned (test_model_queue.QueueTests.test_original_admission_receiving_time_not_retry_time_is_returned) ... ok
test_paused_and_service_consumers_cannot_enter_running_model_queue (test_model_queue.QueueTests.test_paused_and_service_consumers_cannot_enter_running_model_queue) ... ok
test_pending_is_immutable_full_message_and_is_not_application_evidence (test_model_queue.QueueTests.test_pending_is_immutable_full_message_and_is_not_application_evidence) ... ok
test_queue_capacity_is_4096_globally_without_overwrite (test_model_queue.QueueTests.test_queue_capacity_is_4096_globally_without_overwrite) ... ok
test_registry_has_one_global_queue_even_for_disjoint_model_sets (test_model_queue.QueueTests.test_registry_has_one_global_queue_even_for_disjoint_model_sets) ... ok
test_registry_shutdown_also_closes_its_owned_queue (test_model_queue.QueueTests.test_registry_shutdown_also_closes_its_owned_queue) ... ok
test_same_target_overlap_is_rejected_not_last_write_wins (test_model_queue.QueueTests.test_same_target_overlap_is_rejected_not_last_write_wins) ... ok
test_session_expiry_and_external_revoke_purge_pending_inputs (test_model_queue.QueueTests.test_session_expiry_and_external_revoke_purge_pending_inputs) ... ok
test_target_ahead_late_and_run_duration_bounds (test_model_queue.QueueTests.test_target_ahead_late_and_run_duration_bounds) ... ok
test_wrong_registry_model_and_unadmitted_input_are_not_queued (test_model_queue.QueueTests.test_wrong_registry_model_and_unadmitted_input_are_not_queued) ... ok
test_actual_can_records_and_original_source_roundtrip_without_drain (test_native_evidence_archive.NativeArchiveTests.test_actual_can_records_and_original_source_roundtrip_without_drain) ... ok
test_actual_closed_original_owners_can_still_be_archived (test_native_evidence_archive.NativeArchiveTests.test_actual_closed_original_owners_can_still_be_archived) ... ok
test_actual_scapy_opening_l2_records_are_not_dropped (test_native_evidence_archive.NativeArchiveTests.test_actual_scapy_opening_l2_records_are_not_dropped) ... ok
test_all_four_actual_can_senders_keep_their_original_channels (test_native_evidence_archive.NativeArchiveTests.test_all_four_actual_can_senders_keep_their_original_channels) ... ok
test_can_timestamp_negative_zero_and_nan_bits_are_retained_exactly (test_native_evidence_archive.NativeArchiveTests.test_can_timestamp_negative_zero_and_nan_bits_are_retained_exactly) ... ok
test_closed_native_field_domains_and_original_integer_metadata (test_native_evidence_archive.NativeArchiveTests.test_closed_native_field_domains_and_original_integer_metadata) ... ok
test_exact_native_count_and_complete_byte_bounds (test_native_evidence_archive.NativeArchiveTests.test_exact_native_count_and_complete_byte_bounds) ... ok
test_native_snapshot_locks_and_wrong_owner_fail_without_reclaim (test_native_evidence_archive.NativeArchiveTests.test_native_snapshot_locks_and_wrong_owner_fail_without_reclaim) ... ok
test_old_format_cannot_claim_native_rows_and_tampered_flags_fail (test_native_evidence_archive.NativeArchiveTests.test_old_format_cannot_claim_native_rows_and_tampered_flags_fail) ... ok
test_replaced_native_sender_list_cannot_drop_original_records (test_native_evidence_archive.NativeArchiveTests.test_replaced_native_sender_list_cannot_drop_original_records) ... ok
test_required_native_archive_api_exists (test_native_evidence_archive.NativeArchiveTests.test_required_native_archive_api_exists) ... ok
test_actual_scapy_two_segments_reclaim_l2_bytes_and_readback_close (test_native_evidence_recorder.NativeRecorderTests.test_actual_scapy_two_segments_reclaim_l2_bytes_and_readback_close) ... ok
test_all_five_actual_streams_share_original_can_scapy_actions_and_persistent_readback (test_native_evidence_recorder.NativeRecorderTests.test_all_five_actual_streams_share_original_can_scapy_actions_and_persistent_readback) ... ok
test_all_native_locks_reject_flush_without_allocating_worker (test_native_evidence_recorder.NativeRecorderTests.test_all_native_locks_reject_flush_without_allocating_worker) ... ok
test_all_native_side_drains_are_blocked_but_send_is_not (test_native_evidence_recorder.NativeRecorderTests.test_all_native_side_drains_are_blocked_but_send_is_not) ... ok
test_four_sender_prefixes_remain_valid_when_first_channel_appends (test_native_evidence_recorder.NativeRecorderTests.test_four_sender_prefixes_remain_valid_when_first_channel_appends) ... ok
test_native_accounting_failure_reclaims_no_other_stream (test_native_evidence_recorder.NativeRecorderTests.test_native_accounting_failure_reclaims_no_other_stream) ... ok
test_native_backend_close_does_not_lose_final_records (test_native_evidence_recorder.NativeRecorderTests.test_native_backend_close_does_not_lose_final_records) ... ok
test_native_sending_continues_while_real_writer_is_busy_and_prefix_only_reclaimed (test_native_evidence_recorder.NativeRecorderTests.test_native_sending_continues_while_real_writer_is_busy_and_prefix_only_reclaimed) ... ok
test_recording_cannot_adopt_replaced_sender_binding_before_tx (test_native_evidence_recorder.NativeRecorderTests.test_recording_cannot_adopt_replaced_sender_binding_before_tx) ... ok
test_required_native_continuous_recorder (test_native_evidence_recorder.NativeRecorderTests.test_required_native_continuous_recorder) ... ok
test_scapy_prefix_accounting_failure_retains_source_and_l2 (test_native_evidence_recorder.NativeRecorderTests.test_scapy_prefix_accounting_failure_retains_source_and_l2) ... ok
test_writer_failure_retains_native_bytes_and_unpersisted_counts (test_native_evidence_recorder.NativeRecorderTests.test_writer_failure_retains_native_bytes_and_unpersisted_counts) ... ok
test_can_only_plan_still_requires_common_original_reservation_book (test_native_scenario_actions.NativeScenarioActionTests.test_can_only_plan_still_requires_common_original_reservation_book) ... ok
test_elapsed_original_can_validity_fails_without_late_application_claim (test_native_scenario_actions.NativeScenarioActionTests.test_elapsed_original_can_validity_fails_without_late_application_claim) ... ok
test_empty_native_poll_does_not_create_failed_observations (test_native_scenario_actions.NativeScenarioActionTests.test_empty_native_poll_does_not_create_failed_observations) ... ok
test_expired_grant_or_unpublished_capability_reject_without_tx (test_native_scenario_actions.NativeScenarioActionTests.test_expired_grant_or_unpublished_capability_reject_without_tx) ... ok
test_failed_post_allocation_preparation_has_owned_recoverable_context (test_native_scenario_actions.NativeScenarioActionTests.test_failed_post_allocation_preparation_has_owned_recoverable_context) ... ok
test_finite_run_budgets_preflight_before_original_input_allocation (test_native_scenario_actions.NativeScenarioActionTests.test_finite_run_budgets_preflight_before_original_input_allocation) ... ok
test_forged_action_duplicate_begin_and_foreign_handle_reject (test_native_scenario_actions.NativeScenarioActionTests.test_forged_action_duplicate_begin_and_foreign_handle_reject) ... ok
test_intermediate_ack_is_not_completion_and_terminal_is_remote_claim_only (test_native_scenario_actions.NativeScenarioActionTests.test_intermediate_ack_is_not_completion_and_terminal_is_remote_claim_only) ... ok
test_invalid_original_contract_is_a_closed_error_not_attribute_failure (test_native_scenario_actions.NativeScenarioActionTests.test_invalid_original_contract_is_a_closed_error_not_attribute_failure) ... ok
test_local_can_reclaim_survives_detach_and_new_dispatcher (test_native_scenario_actions.NativeScenarioActionTests.test_local_can_reclaim_survives_detach_and_new_dispatcher) ... ok
test_local_can_reclaim_survives_failed_and_completed_shared_close (test_native_scenario_actions.NativeScenarioActionTests.test_local_can_reclaim_survives_failed_and_completed_shared_close) ... ok
test_local_reclaim_failure_is_not_hidden_by_remote_terminal_claim (test_native_scenario_actions.NativeScenarioActionTests.test_local_reclaim_failure_is_not_hidden_by_remote_terminal_claim) ... ok
test_missing_original_send_branch_never_falls_back (test_native_scenario_actions.NativeScenarioActionTests.test_missing_original_send_branch_never_falls_back) ... ok
test_native_can_and_scapy_preserve_original_stimulus_sid_and_feedback (test_native_scenario_actions.NativeScenarioActionTests.test_native_can_and_scapy_preserve_original_stimulus_sid_and_feedback) ... ok
test_original_record_drain_cannot_turn_pending_request_into_success (test_native_scenario_actions.NativeScenarioActionTests.test_original_record_drain_cannot_turn_pending_request_into_success) ... ok
test_original_selected_protocol_must_declare_every_scheduled_can_message (test_native_scenario_actions.NativeScenarioActionTests.test_original_selected_protocol_must_declare_every_scheduled_can_message) ... ok
test_original_wave_periodic_and_fault_values_are_not_replaced (test_native_scenario_actions.NativeScenarioActionTests.test_original_wave_periodic_and_fault_values_are_not_replaced) ... ok
test_other_event_handlers_are_not_claimed_as_implemented (test_native_scenario_actions.NativeScenarioActionTests.test_other_event_handlers_are_not_claimed_as_implemented) ... ok
test_partial_native_send_failure_is_retained_not_retried (test_native_scenario_actions.NativeScenarioActionTests.test_partial_native_send_failure_is_retained_not_retried) ... ok
test_pending_limit_rejects_before_second_original_allocation (test_native_scenario_actions.NativeScenarioActionTests.test_pending_limit_rejects_before_second_original_allocation) ... ok
test_plain_udp_is_not_used_as_original_ethgen (test_native_scenario_actions.NativeScenarioActionTests.test_plain_udp_is_not_used_as_original_ethgen) ... ok
test_preflight_checks_native_actions_without_allocation_or_transmission (test_native_scenario_actions.NativeScenarioActionTests.test_preflight_checks_native_actions_without_allocation_or_transmission) ... ok
test_reentry_rejects_before_allocating_another_event (test_native_scenario_actions.NativeScenarioActionTests.test_reentry_rejects_before_allocating_another_event) ... ok
test_standalone_original_scapy_does_not_require_an_unrelated_can_backend (test_native_scenario_actions.NativeScenarioActionTests.test_standalone_original_scapy_does_not_require_an_unrelated_can_backend) ... ok
test_stop_cancels_only_owned_groups_preserving_shared_backends (test_native_scenario_actions.NativeScenarioActionTests.test_stop_cancels_only_owned_groups_preserving_shared_backends) ... ok
test_stop_still_cancels_udp_group_after_begin_poll_failure (test_native_scenario_actions.NativeScenarioActionTests.test_stop_still_cancels_udp_group_after_begin_poll_failure) ... ok
test_strict_original_steps_and_explicit_target_no_counter_on_rejection (test_native_scenario_actions.NativeScenarioActionTests.test_strict_original_steps_and_explicit_target_no_counter_on_rejection) ... ok
test_typed_action_metadata_cannot_use_equal_bool_values (test_native_scenario_actions.NativeScenarioActionTests.test_typed_action_metadata_cannot_use_equal_bool_values) ... ok
test_actual_original_can_and_udp_share_sid_counters_and_feedback (test_native_tools.NativeToolTests.test_actual_original_can_and_udp_share_sid_counters_and_feedback) ... ok
test_all_four_original_can_channels_share_one_actual_grant (test_native_tools.NativeToolTests.test_all_four_original_can_channels_share_one_actual_grant) ... ok
test_all_local_close_preserves_session_dispatcher_and_send_reservation (test_native_tools.NativeToolTests.test_all_local_close_preserves_session_dispatcher_and_send_reservation) ... ok
test_cancel_only_the_exact_owned_udp_group_before_native_tx (test_native_tools.NativeToolTests.test_cancel_only_the_exact_owned_udp_group_before_native_tx) ... ok
test_closed_dispatcher_does_not_release_source_before_native_cleanup (test_native_tools.NativeToolTests.test_closed_dispatcher_does_not_release_source_before_native_cleanup) ... ok
test_copied_old_scope_cannot_bypass_current_native_lock (test_native_tools.NativeToolTests.test_copied_old_scope_cannot_bypass_current_native_lock) ... ok
test_cross_link_heartbeat_transaction_floor_and_standard_model_observation (test_native_tools.NativeToolTests.test_cross_link_heartbeat_transaction_floor_and_standard_model_observation) ... ok
test_deferred_udp_first_attempt_cannot_send_after_newer_can (test_native_tools.NativeToolTests.test_deferred_udp_first_attempt_cannot_send_after_newer_can) ... ok
test_detached_cleanup_keeps_records_counters_and_rejects_send_or_reentry (test_native_tools.NativeToolTests.test_detached_cleanup_keeps_records_counters_and_rejects_send_or_reentry) ... ok
test_direct_native_and_source_apis_cannot_bypass_dispatcher (test_native_tools.NativeToolTests.test_direct_native_and_source_apis_cannot_bypass_dispatcher) ... ok
test_direct_selected_sender_and_builder_reentry_reject_before_mutation (test_native_tools.NativeToolTests.test_direct_selected_sender_and_builder_reentry_reject_before_mutation) ... ok
test_discard_after_retirement_reclaims_only_local_original_plan (test_native_tools.NativeToolTests.test_discard_after_retirement_reclaims_only_local_original_plan) ... ok
test_dispatcher_replacement_waits_for_native_coordinator_cleanup (test_native_tools.NativeToolTests.test_dispatcher_replacement_waits_for_native_coordinator_cleanup) ... ok
test_failed_close_keeps_same_native_handle_for_retry (test_native_tools.NativeToolTests.test_failed_close_keeps_same_native_handle_for_retry) ... ok
test_failed_coordinator_close_blocks_original_udp_transmission (test_native_tools.NativeToolTests.test_failed_coordinator_close_blocks_original_udp_transmission) ... ok
test_inflight_can_plan_requires_retirement_before_discard (test_native_tools.NativeToolTests.test_inflight_can_plan_requires_retirement_before_discard) ... ok
test_newer_can_first_tx_prevents_older_pending_udp_first_tx (test_native_tools.NativeToolTests.test_newer_can_first_tx_prevents_older_pending_udp_first_tx) ... ok
test_newer_udp_first_tx_prevents_older_prepared_can_first_tx (test_native_tools.NativeToolTests.test_newer_udp_first_tx_prevents_older_prepared_can_first_tx) ... ok
test_nonblocking_native_poll_empty_is_not_a_failure (test_native_tools.NativeToolTests.test_nonblocking_native_poll_empty_is_not_a_failure) ... ok
test_nonfresh_input_allocation_and_invalid_sender_list_reject (test_native_tools.NativeToolTests.test_nonfresh_input_allocation_and_invalid_sender_list_reject) ... ok
test_original_recorder_cannot_be_bypassed_for_native_evidence (test_native_tools.NativeToolTests.test_original_recorder_cannot_be_bypassed_for_native_evidence) ... ok
test_original_udp_retry_is_not_a_new_first_tx_after_can (test_native_tools.NativeToolTests.test_original_udp_retry_is_not_a_new_first_tx_after_can) ... ok
test_other_channel_cannot_discard_shared_builder_inflight_plan (test_native_tools.NativeToolTests.test_other_channel_cannot_discard_shared_builder_inflight_plan) ... ok
test_owned_udp_cancel_allowed_after_expiry_or_failed_close (test_native_tools.NativeToolTests.test_owned_udp_cancel_allowed_after_expiry_or_failed_close) ... ok
test_reentry_and_other_thread_cannot_get_delegated_tool_authority (test_native_tools.NativeToolTests.test_reentry_and_other_thread_cannot_get_delegated_tool_authority) ... ok
test_source_and_dispatcher_busy_do_not_allocate_or_send (test_native_tools.NativeToolTests.test_source_and_dispatcher_busy_do_not_allocate_or_send) ... ok
test_unregistered_or_forged_original_instances_and_plans_reject (test_native_tools.NativeToolTests.test_unregistered_or_forged_original_instances_and_plans_reject) ... ok
test_actual_receiver_crc_decode_failure_is_not_fabricated_correlated_ack (test_negative.NegativeTests.test_actual_receiver_crc_decode_failure_is_not_fabricated_correlated_ack) ... ok
test_actual_receiver_rejects_mutated_payload_before_admission (test_negative.NegativeTests.test_actual_receiver_rejects_mutated_payload_before_admission) ... ok
test_all_header_mutations_reframe_every_fragment_and_keep_payload (test_negative.NegativeTests.test_all_header_mutations_reframe_every_fragment_and_keep_payload) ... ok
test_capacity_and_immutable_bytes_preserve_original_input (test_negative.NegativeTests.test_capacity_and_immutable_bytes_preserve_original_input) ... ok
test_crc_and_truncation_corrupt_only_one_original_fragment (test_negative.NegativeTests.test_crc_and_truncation_corrupt_only_one_original_fragment) ... ok
test_disabled_unknown_and_duplicate_case_lists_refuse_before_mutation (test_negative.NegativeTests.test_disabled_unknown_and_duplicate_case_lists_refuse_before_mutation) ... ok
test_discarded_original_input_cannot_be_reused_for_negative_preparation (test_negative.NegativeTests.test_discarded_original_input_cannot_be_reused_for_negative_preparation) ... ok
test_event_original_stimulus_and_tool_medium_cannot_be_substituted (test_negative.NegativeTests.test_event_original_stimulus_and_tool_medium_cannot_be_substituted) ... ok
test_exact_negative_evidence_byte_bound_and_preserved_counters (test_negative.NegativeTests.test_exact_negative_evidence_byte_bound_and_preserved_counters) ... ok
test_f64_raw_nan_and_array_bits_never_pass_through_json (test_negative.NegativeTests.test_f64_raw_nan_and_array_bits_never_pass_through_json) ... ok
test_forged_and_stale_original_inputs_refuse (test_negative.NegativeTests.test_forged_and_stale_original_inputs_refuse) ... ok
test_json_structural_drop_add_and_nested_array_patch_are_exact (test_negative.NegativeTests.test_json_structural_drop_add_and_nested_array_patch_are_exact) ... ok
test_json_whole_container_field_is_a_unique_structural_target (test_negative.NegativeTests.test_json_whole_container_field_is_a_unique_structural_target) ... ok
test_no_op_and_unknown_field_overwrite_are_not_negative_evidence (test_negative.NegativeTests.test_no_op_and_unknown_field_overwrite_are_not_negative_evidence) ... ok
test_packed_patch_and_bits_preserve_negative_zero_exactly (test_negative.NegativeTests.test_packed_patch_and_bits_preserve_negative_zero_exactly) ... ok
test_packed_patch_retains_complete_fragments_but_receiver_rejects_range (test_negative.NegativeTests.test_packed_patch_retains_complete_fragments_but_receiver_rejects_range) ... ok
test_strict_mutation_types_and_truncate_bounds (test_negative.NegativeTests.test_strict_mutation_types_and_truncate_bounds) ... ok
test_structural_packed_and_raw_json_mutations_are_explicitly_unrepresentable (test_negative.NegativeTests.test_structural_packed_and_raw_json_mutations_are_explicitly_unrepresentable) ... ok
test_wrong_missing_ambiguous_and_expression_paths_refuse (test_negative.NegativeTests.test_wrong_missing_ambiguous_and_expression_paths_refuse) ... ok
test_actual_dbc_has_all_frozen_frames_and_signals (test_protocol.ProtocolTests.test_actual_dbc_has_all_frozen_frames_and_signals) ... ok
test_actual_equivalent_arxml_is_parsed_by_original_library (test_protocol.ProtocolTests.test_actual_equivalent_arxml_is_parsed_by_original_library) ... ok
test_all_can_golden_vectors_and_wire_codec_are_byte_exact (test_protocol.ProtocolTests.test_all_can_golden_vectors_and_wire_codec_are_byte_exact) ... ok
test_arxml_malformed_dtd_entities_and_bounds_fail_closed (test_protocol.ProtocolTests.test_arxml_malformed_dtd_entities_and_bounds_fail_closed) ... ok
test_arxml_nonfinite_extreme_or_overlong_period_is_resource_failure (test_protocol.ProtocolTests.test_arxml_nonfinite_extreme_or_overlong_period_is_resource_failure) ... ok
test_arxml_unprojected_pdu_mapping_length_and_update_bit_are_rejected (test_protocol.ProtocolTests.test_arxml_unprojected_pdu_mapping_length_and_update_bit_are_rejected) ... ok
test_arxml_unrounded_conversion_range_and_coefficient_are_exact (test_protocol.ProtocolTests.test_arxml_unrounded_conversion_range_and_coefficient_are_exact) ... ok
test_arxml_wire_drift_and_ignored_metadata_are_rejected (test_protocol.ProtocolTests.test_arxml_wire_drift_and_ignored_metadata_are_rejected) ... ok
test_component_message_and_resource_declarations_cannot_drift (test_protocol.ProtocolTests.test_component_message_and_resource_declarations_cannot_drift) ... ok
test_declared_message_scope_and_input_snapshot_cannot_change (test_protocol.ProtocolTests.test_declared_message_scope_and_input_snapshot_cannot_change) ... ok
test_every_signal_layout_property_is_verified (test_protocol.ProtocolTests.test_every_signal_layout_property_is_verified) ... ok
test_formal_crc_direction_and_transport_rules_are_not_bypassed (test_protocol.ProtocolTests.test_formal_crc_direction_and_transport_rules_are_not_bypassed) ... ok
test_original_resource_pins_and_actual_bytes_are_required (test_protocol.ProtocolTests.test_original_resource_pins_and_actual_bytes_are_required) ... ok
test_parser_is_available (test_protocol.ProtocolTests.test_parser_is_available) ... ok
test_real_database_frame_drift_is_rejected (test_protocol.ProtocolTests.test_real_database_frame_drift_is_rejected) ... ok
test_unimplemented_resource_format_is_explicitly_pending (test_protocol.ProtocolTests.test_unimplemented_resource_format_is_explicitly_pending) ... ok
test_unparsed_or_failed_parser_cannot_encode_or_decode (test_protocol.ProtocolTests.test_unparsed_or_failed_parser_cannot_encode_or_decode) ... ok
test_acl_role_and_expiry_checks_precede_reassembly (test_receiver.ReceiverTests.test_acl_role_and_expiry_checks_precede_reassembly) ... ok
test_bad_open_identity_has_zero_session_failed_ack (test_receiver.ReceiverTests.test_bad_open_identity_has_zero_session_failed_ack) ... ok
test_common_receiver_exists (test_receiver.ReceiverTests.test_common_receiver_exists) ... ok
test_complete_retry_reemits_same_feedback_without_second_admission (test_receiver.ReceiverTests.test_complete_retry_reemits_same_feedback_without_second_admission) ... ok
test_different_value_reusing_sequence_is_failed_duplicate (test_receiver.ReceiverTests.test_different_value_reusing_sequence_is_failed_duplicate) ... ok
test_interleaved_fragmented_opens_are_isolated_by_authorized_grant (test_receiver.ReceiverTests.test_interleaved_fragmented_opens_are_isolated_by_authorized_grant) ... ok
test_missing_consumer_has_received_then_failed_and_no_application (test_receiver.ReceiverTests.test_missing_consumer_has_received_then_failed_and_no_application) ... ok
test_open_is_source_transparent_and_does_not_claim_model_readiness (test_receiver.ReceiverTests.test_open_is_source_transparent_and_does_not_claim_model_readiness) ... ok
test_partial_groups_expire_even_without_traffic_and_session_shutdown_frees (test_receiver.ReceiverTests.test_partial_groups_expire_even_without_traffic_and_session_shutdown_frees) ... ok
test_actual_granted_roles_not_configured_or_requested_roles_are_used (test_registered_controller.RegisteredControllerTests.test_actual_granted_roles_not_configured_or_requested_roles_are_used) ... ok
test_actual_terminal_selector_request_cannot_later_authorize (test_registered_controller.RegisteredControllerTests.test_actual_terminal_selector_request_cannot_later_authorize) ... ok
test_all_three_models_use_original_external_source_and_lanes (test_registered_controller.RegisteredControllerTests.test_all_three_models_use_original_external_source_and_lanes) ... ok
test_complete_identity_is_required_not_a_model_or_source_string (test_registered_controller.RegisteredControllerTests.test_complete_identity_is_required_not_a_model_or_source_string) ... ok
test_cross_model_actual_producer_is_not_selected_for_the_view (test_registered_controller.RegisteredControllerTests.test_cross_model_actual_producer_is_not_selected_for_the_view) ... ok
test_cross_vehicle_or_run_producer_cannot_authorize_selector (test_registered_controller.RegisteredControllerTests.test_cross_vehicle_or_run_producer_cannot_authorize_selector) ... ok
test_expired_other_sid_does_not_make_live_controller_ambiguous (test_registered_controller.RegisteredControllerTests.test_expired_other_sid_does_not_make_live_controller_ambiguous) ... ok
test_expiry_is_half_open_and_read_does_not_delete_records (test_registered_controller.RegisteredControllerTests.test_expiry_is_half_open_and_read_does_not_delete_records) ... ok
test_external_gate_rejects_unavailable_registry_and_non_controller_session (test_registered_controller.RegisteredControllerTests.test_external_gate_rejects_unavailable_registry_and_non_controller_session) ... ok
test_external_owner_uses_distinct_actual_controller_not_selector_sid (test_registered_controller.RegisteredControllerTests.test_external_owner_uses_distinct_actual_controller_not_selector_sid) ... ok
test_fresh_heartbeat_updates_actual_session_not_control_lease (test_registered_controller.RegisteredControllerTests.test_fresh_heartbeat_updates_actual_session_not_control_lease) ... ok
test_frozen_target_and_demo_model_rules_are_not_weakened (test_registered_controller.RegisteredControllerTests.test_frozen_target_and_demo_model_rules_are_not_weakened) ... ok
test_list_valued_grant_bindings_cannot_escape_as_mutable_alias (test_registered_controller.RegisteredControllerTests.test_list_valued_grant_bindings_cannot_escape_as_mutable_alias) ... ok
test_monotonic_nanoseconds_are_strict (test_registered_controller.RegisteredControllerTests.test_monotonic_nanoseconds_are_strict) ... ok
test_none_revocation_does_not_require_live_producer (test_registered_controller.RegisteredControllerTests.test_none_revocation_does_not_require_live_producer) ... ok
test_original_selector_request_must_actually_be_admitted (test_registered_controller.RegisteredControllerTests.test_original_selector_request_must_actually_be_admitted) ... ok
test_readonly_admission_does_not_revive_expired_retry_record (test_registered_controller.RegisteredControllerTests.test_readonly_admission_does_not_revive_expired_retry_record) ... ok
test_readonly_admission_rejects_expired_selector_without_removing_it (test_registered_controller.RegisteredControllerTests.test_readonly_admission_rejects_expired_selector_without_removing_it) ... ok
test_readonly_admission_returns_first_receive_and_rejects_claimed_record (test_registered_controller.RegisteredControllerTests.test_readonly_admission_returns_first_receive_and_rejects_claimed_record) ... ok
test_reads_do_not_renew_allocate_or_overwrite_receiver_history (test_registered_controller.RegisteredControllerTests.test_reads_do_not_renew_allocate_or_overwrite_receiver_history) ... ok
test_required_registry_and_semantic_apis_exist (test_registered_controller.RegisteredControllerTests.test_required_registry_and_semantic_apis_exist) ... ok
test_revoked_closed_and_missing_live_producer_fail (test_registered_controller.RegisteredControllerTests.test_revoked_closed_and_missing_live_producer_fail) ... ok
test_selector_model_view_must_match_actual_receiver_session (test_registered_controller.RegisteredControllerTests.test_selector_model_view_must_match_actual_receiver_session) ... ok
test_semantic_gate_does_not_run_unrelated_receiver_maintenance (test_registered_controller.RegisteredControllerTests.test_semantic_gate_does_not_run_unrelated_receiver_maintenance) ... ok
test_snapshot_identity_is_detached_and_record_is_immutable (test_registered_controller.RegisteredControllerTests.test_snapshot_identity_is_detached_and_record_is_immutable) ... ok
test_snapshot_retains_actual_sid_grant_roles_links_and_nonce (test_registered_controller.RegisteredControllerTests.test_snapshot_retains_actual_sid_grant_roles_links_and_nonce) ... ok
test_source_lane_model_and_paused_rules_remain_original (test_registered_controller.RegisteredControllerTests.test_source_lane_model_and_paused_rules_remain_original) ... ok
test_stimulus_session_does_not_make_the_controller_ambiguous (test_registered_controller.RegisteredControllerTests.test_stimulus_session_does_not_make_the_controller_ambiguous) ... ok
test_unique_controller_session_cannot_be_selected_by_latest_nonce (test_registered_controller.RegisteredControllerTests.test_unique_controller_session_cannot_be_selected_by_latest_nonce) ... ok
test_all_13_canfd_inputs_each_mode_and_payload_hash (test_replay.ReplayTests.test_all_13_canfd_inputs_each_mode_and_payload_hash) ... ok
test_allocations_strict_complete_and_standard_header_immutable (test_replay.ReplayTests.test_allocations_strict_complete_and_standard_header_immutable) ... ok
test_auxiliary_output_hash_describes_formal_payload_not_raw_bus_bytes (test_replay.ReplayTests.test_auxiliary_output_hash_describes_formal_payload_not_raw_bus_bytes) ... ok
test_auxiliary_rawbus_requires_explicit_udp_destination (test_replay.ReplayTests.test_auxiliary_rawbus_requires_explicit_udp_destination) ... ok
test_cross_domain_interleaving_keeps_file_order_not_time_sort (test_replay.ReplayTests.test_cross_domain_interleaving_keeps_file_order_not_time_sort) ... ok
test_deployment_route_rejects_unspecified_and_broadcast_addresses (test_replay.ReplayTests.test_deployment_route_rejects_unspecified_and_broadcast_addresses) ... ok
test_destinations_are_closed_unique_and_unicast (test_replay.ReplayTests.test_destinations_are_closed_unique_and_unicast) ... ok
test_endpoint_only_rebuild_requires_outer_crc_permission (test_replay.ReplayTests.test_endpoint_only_rebuild_requires_outer_crc_permission) ... ok
test_every_replayable_formal_input_all_modes_payload_unchanged (test_replay.ReplayTests.test_every_replayable_formal_input_all_modes_payload_unchanged) ... ok
test_exact_rates_and_repeat_metadata_no_timing_claim (test_replay.ReplayTests.test_exact_rates_and_repeat_metadata_no_timing_claim) ... ok
test_explicit_endpoint_and_channel_changes_require_permission (test_replay.ReplayTests.test_explicit_endpoint_and_channel_changes_require_permission) ... ok
test_feedback_is_collected_not_injected_and_no_header_for_feedback (test_replay.ReplayTests.test_feedback_is_collected_not_injected_and_no_header_for_feedback) ... ok
test_original_retry_preserves_new_identity_and_transaction_mapping (test_replay.ReplayTests.test_original_retry_preserves_new_identity_and_transaction_mapping) ... ok
test_preserved_signed_zero_payload_hash_is_actual_wire_hash (test_replay.ReplayTests.test_preserved_signed_zero_payload_hash_is_actual_wire_hash) ... ok
test_raw_keeps_full_capture_and_application_bytes_without_authorizing (test_replay.ReplayTests.test_raw_keeps_full_capture_and_application_bytes_without_authorizing) ... ok
test_raw_rejects_allocations_and_destinations_and_session_zero (test_replay.ReplayTests.test_raw_rejects_allocations_and_destinations_and_session_zero) ... ok
test_reencode_generates_current_icd_and_payload_hash (test_replay.ReplayTests.test_reencode_generates_current_icd_and_payload_hash) ... ok
test_repeat_headers_must_not_reuse_any_captured_session (test_replay.ReplayTests.test_repeat_headers_must_not_reuse_any_captured_session) ... ok
test_replay_module_exists (test_replay.ReplayTests.test_replay_module_exists) ... ok
test_reversed_can_fragments_and_duplicates_keep_original_packet_order (test_replay.ReplayTests.test_reversed_can_fragments_and_duplicates_keep_original_packet_order) ... ok
test_rewrite_permissions_exactly_cover_real_changes (test_replay.ReplayTests.test_rewrite_permissions_exactly_cover_real_changes) ... ok
test_session_rebuild_retains_payload_and_recomputes_outer_checksums (test_replay.ReplayTests.test_session_rebuild_retains_payload_and_recomputes_outer_checksums) ... ok
test_signed_zero_conflict_is_not_an_identical_original_retry (test_replay.ReplayTests.test_signed_zero_conflict_is_not_an_identical_original_retry) ... ok
test_small_output_budget_is_enforced (test_replay.ReplayTests.test_small_output_budget_is_enforced) ... ok
test_three_auxiliary_media_use_original_rawbus_payload (test_replay.ReplayTests.test_three_auxiliary_media_use_original_rawbus_payload) ... ok
test_window_cannot_cut_a_logical_group (test_replay.ReplayTests.test_window_cannot_cut_a_logical_group) ... ok
test_all_11_can_input_frames_reassemble_after_full_log_export (test_replay_export.ExportTests.test_all_11_can_input_frames_reassemble_after_full_log_export) ... ok
test_all_44_granted_udp_inputs_export_in_all_three_modes (test_replay_export.ExportTests.test_all_44_granted_udp_inputs_export_in_all_three_modes) ... ok
test_auxiliary_can_to_udp_requires_explicit_real_l2_identity (test_replay_export.ExportTests.test_auxiliary_can_to_udp_requires_explicit_real_l2_identity) ... ok
test_backward_merged_can_timeline_preserved_but_not_tool_compatible (test_replay_export.ExportTests.test_backward_merged_can_timeline_preserved_but_not_tool_compatible) ... ok
test_can_duplicate_fragment_order_and_ns_timing_are_not_rounded (test_replay_export.ExportTests.test_can_duplicate_fragment_order_and_ns_timing_are_not_rounded) ... ok
test_complete_pcap_three_modes_original_frame_payload_and_exact_time (test_replay_export.ExportTests.test_complete_pcap_three_modes_original_frame_payload_and_exact_time) ... ok
test_corrupted_wire_frame_hash_or_feedback_identity_rejected (test_replay_export.ExportTests.test_corrupted_wire_frame_hash_or_feedback_identity_rejected) ... ok
test_exact_integer_time_cannot_be_rewritten_without_original_policy (test_replay_export.ExportTests.test_exact_integer_time_cannot_be_rewritten_without_original_policy) ... ok
test_failed_actual_persistence_has_no_complete_manifest_or_silent_cleanup (test_replay_export.ExportTests.test_failed_actual_persistence_has_no_complete_manifest_or_silent_cleanup) ... ok
test_feedback_not_exported_and_exact_packet_manifest_indices (test_replay_export.ExportTests.test_feedback_not_exported_and_exact_packet_manifest_indices) ... ok
test_modified_complete_group_cannot_export_mixed_headers_or_partial_payload (test_replay_export.ExportTests.test_modified_complete_group_cannot_export_mixed_headers_or_partial_payload) ... ok
test_multichannel_pcapng_export_keeps_each_interface_and_file_order (test_replay_export.ExportTests.test_multichannel_pcapng_export_keeps_each_interface_and_file_order) ... ok
test_raw_channel_cannot_be_relabelled (test_replay_export.ExportTests.test_raw_channel_cannot_be_relabelled) ... ok
test_raw_ethernet_l2_or_ttl_cannot_change_by_rehashing (test_replay_export.ExportTests.test_raw_ethernet_l2_or_ttl_cannot_change_by_rehashing) ... ok
test_real_new_directory_package_and_existing_path_never_overwritten (test_replay_export.ExportTests.test_real_new_directory_package_and_existing_path_never_overwritten) ... ok
test_rehashed_reencode_cannot_target_invalid_udp_endpoint (test_replay_export.ExportTests.test_rehashed_reencode_cannot_target_invalid_udp_endpoint) ... ok
test_selected_whole_record_cannot_be_omitted (test_replay_export.ExportTests.test_selected_whole_record_cannot_be_omitted) ... ok
test_session_rebuild_cannot_revert_to_captured_session_or_false_changes (test_replay_export.ExportTests.test_session_rebuild_cannot_revert_to_captured_session_or_false_changes) ... ok
test_strict_bindings_epoch_capacity_and_noninteger_time (test_replay_export.ExportTests.test_strict_bindings_epoch_capacity_and_noninteger_time) ... ok
test_actual_supervisor_timeout_returned_by_stop_is_not_local_success (test_replay_process.ReplayProcessTests.test_actual_supervisor_timeout_returned_by_stop_is_not_local_success) ... ok
test_boolean_authority_result_cannot_substitute_for_validation (test_replay_process.ReplayProcessTests.test_boolean_authority_result_cannot_substitute_for_validation) ... ok
test_channel_offset_is_not_model_step_and_missed_start_does_not_launch (test_replay_process.ReplayProcessTests.test_channel_offset_is_not_model_step_and_missed_start_does_not_launch) ... ok
test_expired_grant_stops_owned_child_without_resetting_source_floor (test_replay_process.ReplayProcessTests.test_expired_grant_stops_owned_child_without_resetting_source_floor) ... ok
test_failed_popen_retains_error_without_nonexistent_child_cleanup (test_replay_process.ReplayProcessTests.test_failed_popen_retains_error_without_nonexistent_child_cleanup) ... ok
test_malformed_original_commands_return_explicit_resource_error (test_replay_process.ReplayProcessTests.test_malformed_original_commands_return_explicit_resource_error) ... ok
test_missing_authority_fails_before_export_or_child_allocation (test_replay_process.ReplayProcessTests.test_missing_authority_fails_before_export_or_child_allocation) ... ok
test_one_stop_failure_does_not_skip_other_original_child (test_replay_process.ReplayProcessTests.test_one_stop_failure_does_not_skip_other_original_child) ... ok
test_original_canplayer_modes_launch_only_exact_flags_and_local_exit (test_replay_process.ReplayProcessTests.test_original_canplayer_modes_launch_only_exact_flags_and_local_exit) ... ok
test_persisted_file_tamper_before_delayed_launch_fails_without_process (test_replay_process.ReplayProcessTests.test_persisted_file_tamper_before_delayed_launch_fails_without_process) ... ok
test_real_supervisor_failure_keeps_original_argv_and_never_native_fallback (test_replay_process.ReplayProcessTests.test_real_supervisor_failure_keeps_original_argv_and_never_native_fallback) ... ok
test_rejection_before_start_preserves_reservation_and_counters (test_replay_process.ReplayProcessTests.test_rejection_before_start_preserves_reservation_and_counters) ... ok
test_replaced_authority_source_and_modified_command_are_rejected (test_replay_process.ReplayProcessTests.test_replaced_authority_source_and_modified_command_are_rejected) ... ok
test_required_original_replay_process_entry (test_replay_process.ReplayProcessTests.test_required_original_replay_process_entry) ... ok
test_runtime_revocation_stops_actual_owned_handles_without_releasing_book (test_replay_process.ReplayProcessTests.test_runtime_revocation_stops_actual_owned_handles_without_releasing_book) ... ok
test_stopped_before_start_cannot_reopen (test_replay_process.ReplayProcessTests.test_stopped_before_start_cannot_reopen) ... ok
test_tcpreplay_modes_keep_exact_flags_and_do_not_repeat_locally (test_replay_process.ReplayProcessTests.test_tcpreplay_modes_keep_exact_flags_and_do_not_repeat_locally) ... ok
test_unknown_authority_exception_has_typed_failure_and_no_files (test_replay_process.ReplayProcessTests.test_unknown_authority_exception_has_typed_failure_and_no_files) ... ok
test_deferral_capacity_preflight_never_claims_the_65th_original (test_resource_exchange.ResourceExchangeTests.test_deferral_capacity_preflight_never_claims_the_65th_original) ... ok
test_direct_terminal_resource_ack_cannot_name_another_request (test_resource_exchange.ResourceExchangeTests.test_direct_terminal_resource_ack_cannot_name_another_request) ... ok
test_final_pin_is_removed_at_ten_seconds_under_fresh_heartbeats (test_resource_exchange.ResourceExchangeTests.test_final_pin_is_removed_at_ten_seconds_under_fresh_heartbeats) ... ok
test_final_pin_preserves_actual_prefix_after_five_seconds (test_resource_exchange.ResourceExchangeTests.test_final_pin_preserves_actual_prefix_after_five_seconds) ... ok
test_malformed_deferred_feedback_is_schema_error_not_python_exception (test_resource_exchange.ResourceExchangeTests.test_malformed_deferred_feedback_is_schema_error_not_python_exception) ... ok
test_nonfinal_pin_never_allows_success_after_one_second (test_resource_exchange.ResourceExchangeTests.test_nonfinal_pin_never_allows_success_after_one_second) ... ok
test_only_claimed_resource_received_prefix_can_be_deferred (test_resource_exchange.ResourceExchangeTests.test_only_claimed_resource_received_prefix_can_be_deferred) ... ok
test_ordinary_terminal_feedback_stays_immutable (test_resource_exchange.ResourceExchangeTests.test_ordinary_terminal_feedback_stays_immutable) ... ok
test_pending_duplicate_and_real_terminal_append_are_immutable (test_resource_exchange.ResourceExchangeTests.test_pending_duplicate_and_real_terminal_append_are_immutable) ... ok
test_pin_never_renews_session_or_allows_success_after_timeout (test_resource_exchange.ResourceExchangeTests.test_pin_never_renews_session_or_allows_success_after_timeout) ... ok
test_resource_specific_pending_api_exists (test_resource_exchange.ResourceExchangeTests.test_resource_specific_pending_api_exists) ... ok
test_wrong_resource_id_hash_session_transaction_and_progress_rejected (test_resource_exchange.ResourceExchangeTests.test_wrong_resource_id_hash_session_transaction_and_progress_rejected) ... ok
test_actual_source_accepts_only_matching_resource_ack (test_resource_exchange.ResourceSourceTests.test_actual_source_accepts_only_matching_resource_ack) ... ok
test_inconsistent_progress_is_dropped_before_feedback_high_water (test_resource_exchange.ResourceSourceTests.test_inconsistent_progress_is_dropped_before_feedback_high_water) ... ok
test_resource_error_can_report_zero_remaining_stored_bytes (test_resource_exchange.ResourceSourceTests.test_resource_error_can_report_zero_remaining_stored_bytes) ... ok
test_actual_fragment_send_respects_wire_budget_without_initial_burst (test_resource_source.ResourceSourceTests.test_actual_fragment_send_respects_wire_budget_without_initial_burst) ... ok
test_cli_resource_error_never_reports_business_success (test_resource_source.ResourceSourceTests.test_cli_resource_error_never_reports_business_success) ... ok
test_cli_stored_resource_reports_exchange_not_model_application (test_resource_source.ResourceSourceTests.test_cli_stored_resource_reports_exchange_not_model_application) ... ok
test_final_wait_outlives_retry_window_without_more_than_three_retries (test_resource_source.ResourceSourceTests.test_final_wait_outlives_retry_window_without_more_than_three_retries) ... ok
test_actual_chunk_hash_error_is_storage_not_application_failure (test_resource_udp.ResourceUDPTests.test_actual_chunk_hash_error_is_storage_not_application_failure) ... ok
test_actual_multichunk_udp_file_and_capabilities (test_resource_udp.ResourceUDPTests.test_actual_multichunk_udp_file_and_capabilities) ... ok
test_bounded_records_leave_original_worker_results_until_drain (test_resource_udp.ResourceUDPTests.test_bounded_records_leave_original_worker_results_until_drain) ... ok
test_capacity_failure_has_no_second_original_job (test_resource_udp.ResourceUDPTests.test_capacity_failure_has_no_second_original_job) ... ok
test_changed_duplicate_never_creates_a_new_job (test_resource_udp.ResourceUDPTests.test_changed_duplicate_never_creates_a_new_job) ... ok
test_idle_feedback_and_terminal_duplicate_keep_original_result (test_resource_udp.ResourceUDPTests.test_idle_feedback_and_terminal_duplicate_keep_original_result) ... ok
test_model_and_terrain_do_not_bypass_missing_actual_state_gate (test_resource_udp.ResourceUDPTests.test_model_and_terrain_do_not_bypass_missing_actual_state_gate) ... ok
test_pending_duplicate_and_retire_do_not_block_on_actual_file_io (test_resource_udp.ResourceUDPTests.test_pending_duplicate_and_retire_do_not_block_on_actual_file_io) ... ok
test_retired_result_retained_without_live_session_feedback (test_resource_udp.ResourceUDPTests.test_retired_result_retained_without_live_session_feedback) ... ok
test_actual_udp_overhead_and_no_burst_reservations (test_resource_worker.ResourceBudgetTests.test_actual_udp_overhead_and_no_burst_reservations) ... ok
test_background_rate_cannot_exceed_frozen_policy (test_resource_worker.ResourceBudgetTests.test_background_rate_cannot_exceed_frozen_policy) ... ok
test_background_wire_budget_exists (test_resource_worker.ResourceBudgetTests.test_background_wire_budget_exists) ... ok
test_actual_background_file_and_original_outcome (test_resource_worker.ResourceWorkerTests.test_actual_background_file_and_original_outcome) ... ok
test_actual_background_worker_exists (test_resource_worker.ResourceWorkerTests.test_actual_background_worker_exists) ... ok
test_cancelled_session_cleans_actual_staging_and_keeps_originals (test_resource_worker.ResourceWorkerTests.test_cancelled_session_cleans_actual_staging_and_keeps_originals) ... ok
test_cleanup_failure_shutdown_preserves_aborted_and_unfinished_originals (test_resource_worker.ResourceWorkerTests.test_cleanup_failure_shutdown_preserves_aborted_and_unfinished_originals) ... ok
test_expired_nonfinal_write_aborts_only_its_owned_resource (test_resource_worker.ResourceWorkerTests.test_expired_nonfinal_write_aborts_only_its_owned_resource) ... ok
test_failed_thread_start_releases_owned_root_and_does_not_attach_worker (test_resource_worker.ResourceWorkerTests.test_failed_thread_start_releases_owned_root_and_does_not_attach_worker) ... ok
test_foreign_expired_same_hash_job_does_not_kill_worker_or_abort_owner (test_resource_worker.ResourceWorkerTests.test_foreign_expired_same_hash_job_does_not_kill_worker_or_abort_owner) ... ok
test_future_wire_budget_rejection_never_claims_or_mutates_original (test_resource_worker.ResourceWorkerTests.test_future_wire_budget_rejection_never_claims_or_mutates_original) ... ok
test_invalid_worker_limits_are_rejected_before_lifetime_claim (test_resource_worker.ResourceWorkerTests.test_invalid_worker_limits_are_rejected_before_lifetime_claim) ... ok
test_original_message_byte_capacity_and_invalid_limits (test_resource_worker.ResourceWorkerTests.test_original_message_byte_capacity_and_invalid_limits) ... ok
test_original_request_cannot_be_claimed_twice (test_resource_worker.ResourceWorkerTests.test_original_request_cannot_be_claimed_twice) ... ok
test_registry_close_waits_for_owned_worker_and_retains_shutdown (test_resource_worker.ResourceWorkerTests.test_registry_close_waits_for_owned_worker_and_retains_shutdown) ... ok
test_registry_retire_cancels_owned_upload_without_manual_worker_sync (test_resource_worker.ResourceWorkerTests.test_registry_retire_cancels_owned_upload_without_manual_worker_sync) ... ok
test_restricted_resource_submit_requires_actual_model_state_before_claim (test_resource_worker.ResourceWorkerTests.test_restricted_resource_submit_requires_actual_model_state_before_claim) ... ok
test_result_capacity_is_reserved_until_released (test_resource_worker.ResourceWorkerTests.test_result_capacity_is_reserved_until_released) ... ok
test_store_has_one_worker_lifetime_and_no_caller_file_io (test_resource_worker.ResourceWorkerTests.test_store_has_one_worker_lifetime_and_no_caller_file_io) ... ok
test_timed_out_abort_drain_can_be_retried_without_losing_originals (test_resource_worker.ResourceWorkerTests.test_timed_out_abort_drain_can_be_retried_without_losing_originals) ... ok
test_abandoned_staging_requires_explicit_recovery (test_resources.ResourceTests.test_abandoned_staging_requires_explicit_recovery) ... ok
test_abort_outbox_reserves_space_and_never_evicts (test_resources.ResourceTests.test_abort_outbox_reserves_space_and_never_evicts) ... ok
test_actual_chunk_hash_rejected_before_write (test_resources.ResourceTests.test_actual_chunk_hash_rejected_before_write) ... ok
test_actual_multichunk_bytes_and_exact_duplicate (test_resources.ResourceTests.test_actual_multichunk_bytes_and_exact_duplicate) ... ok
test_all_five_resource_kinds_preserve_actual_bytes (test_resources.ResourceTests.test_all_five_resource_kinds_preserve_actual_bytes) ... ok
test_bad_base64_length_and_final_never_allocate (test_resources.ResourceTests.test_bad_base64_length_and_final_never_allocate) ... ok
test_bounded_constructor_rejects_noninteger_and_outside_limits (test_resources.ResourceTests.test_bounded_constructor_rejects_noninteger_and_outside_limits) ... ok
test_busy_and_stale_lock_are_not_deleted (test_resources.ResourceTests.test_busy_and_stale_lock_are_not_deleted) ... ok
test_changed_declaration_and_other_session_cannot_take_upload (test_resources.ResourceTests.test_changed_declaration_and_other_session_cannot_take_upload) ... ok
test_chunk_limit_does_not_drop_existing_data (test_resources.ResourceTests.test_chunk_limit_does_not_drop_existing_data) ... ok
test_clock_and_session_types_reject_before_state_change (test_resources.ResourceTests.test_clock_and_session_types_reject_before_state_change) ... ok
test_close_is_terminal_returns_originals_and_is_idempotent (test_resources.ResourceTests.test_close_is_terminal_returns_originals_and_is_idempotent) ... ok
test_common_actual_storage_exists (test_resources.ResourceTests.test_common_actual_storage_exists) ... ok
test_completed_retry_cannot_change_chunk_boundaries_or_kind (test_resources.ResourceTests.test_completed_retry_cannot_change_chunk_boundaries_or_kind) ... ok
test_defined_resource_validator_uses_frozen_definitions (test_resources.ResourceTests.test_defined_resource_validator_uses_frozen_definitions) ... ok
test_duplicate_obstacle_ids_reject_before_completion (test_resources.ResourceTests.test_duplicate_obstacle_ids_reject_before_completion) ... ok
test_early_final_gap_overlap_and_changed_chunk_rejected (test_resources.ResourceTests.test_early_final_gap_overlap_and_changed_chunk_rejected) ... ok
test_evidence_capacity_rejects_before_writes_and_clock_change (test_resources.ResourceTests.test_evidence_capacity_rejects_before_writes_and_clock_change) ... ok
test_file_creation_failure_aborts_with_original_request (test_resources.ResourceTests.test_file_creation_failure_aborts_with_original_request) ... ok
test_flush_failure_aborts_without_publishing_completion (test_resources.ResourceTests.test_flush_failure_aborts_without_publishing_completion) ... ok
test_frozen_message_closed_fields_and_wrong_message_id (test_resources.ResourceTests.test_frozen_message_closed_fields_and_wrong_message_id) ... ok
test_integral_json_numbers_preserve_integer_storage_offsets (test_resources.ResourceTests.test_integral_json_numbers_preserve_integer_storage_offsets) ... ok
test_invalid_storage_root_rejects_before_allocation (test_resources.ResourceTests.test_invalid_storage_root_rejects_before_allocation) ... ok
test_limits_enforced_without_eviction (test_resources.ResourceTests.test_limits_enforced_without_eviction) ... ok
test_low_disk_margin_rejected_with_actual_disk (test_resources.ResourceTests.test_low_disk_margin_rejected_with_actual_disk) ... ok
test_manifest_tamper_and_untrusted_types_fail_closed (test_resources.ResourceTests.test_manifest_tamper_and_untrusted_types_fail_closed) ... ok
test_metadata_disk_margin_checked_before_publication (test_resources.ResourceTests.test_metadata_disk_margin_checked_before_publication) ... ok
test_metadata_size_limit_before_parse (test_resources.ResourceTests.test_metadata_size_limit_before_parse) ... ok
test_mission_execute_index_rejects_before_completion (test_resources.ResourceTests.test_mission_execute_index_rejects_before_completion) ... ok
test_mutating_caller_message_cannot_change_abort_evidence (test_resources.ResourceTests.test_mutating_caller_message_cannot_change_abort_evidence) ... ok
test_original_noncanonical_json_bytes_not_rewritten (test_resources.ResourceTests.test_original_noncanonical_json_bytes_not_rewritten) ... ok
test_persisted_objects_reopen_with_actual_integrity_validation (test_resources.ResourceTests.test_persisted_objects_reopen_with_actual_integrity_validation) ... ok
test_resolve_detects_actual_file_tamper (test_resources.ResourceTests.test_resolve_detects_actual_file_tamper) ... ok
test_resolve_requires_exact_kind_and_actual_completed_hash (test_resources.ResourceTests.test_resolve_requires_exact_kind_and_actual_completed_hash) ... ok
test_resource_json_is_strict_and_closed (test_resources.ResourceTests.test_resource_json_is_strict_and_closed) ... ok
test_session_abort_is_scoped_and_preserves_completed_objects (test_resources.ResourceTests.test_session_abort_is_scoped_and_preserves_completed_objects) ... ok
test_staging_byte_tamper_detected_by_final_full_hash (test_resources.ResourceTests.test_staging_byte_tamper_detected_by_final_full_hash) ... ok
test_staging_hard_link_cannot_modify_unowned_file (test_resources.ResourceTests.test_staging_hard_link_cannot_modify_unowned_file) ... ok
test_staging_unexpected_nested_directory_is_never_deleted (test_resources.ResourceTests.test_staging_unexpected_nested_directory_is_never_deleted) ... ok
test_startup_detects_tamper_without_removing_objects (test_resources.ResourceTests.test_startup_detects_tamper_without_removing_objects) ... ok
test_terrain_grid_length_rejects_before_completion (test_resources.ResourceTests.test_terrain_grid_length_rejects_before_completion) ... ok
test_unknown_root_entries_are_never_removed (test_resources.ResourceTests.test_unknown_root_entries_are_never_removed) ... ok
test_unregistered_completed_destination_is_never_overwritten (test_resources.ResourceTests.test_unregistered_completed_destination_is_never_overwritten) ... ok
test_wrong_whole_hash_aborts_and_retains_original_requests (test_resources.ResourceTests.test_wrong_whole_hash_aborts_and_retains_original_requests) ... ok
test_both_messages_require_all_nine_operations_and_no_success_is_claimed (test_retirement.CleanupGuardTests.test_both_messages_require_all_nine_operations_and_no_success_is_claimed) ... ok
test_cleanup_accepts_safety_boundary_in_all_states_including_failed (test_retirement.CleanupGuardTests.test_cleanup_accepts_safety_boundary_in_all_states_including_failed) ... ok
test_false_missing_extra_and_non_boolean_cleanup_fields_are_rejected (test_retirement.CleanupGuardTests.test_false_missing_extra_and_non_boolean_cleanup_fields_are_rejected) ... ok
test_model_cleanup_running_and_frozen_targets_obey_actual_boundary (test_retirement.CleanupGuardTests.test_model_cleanup_running_and_frozen_targets_obey_actual_boundary) ... ok
test_session_close_preserves_each_explicit_reason_and_rejects_other_messages (test_retirement.CleanupGuardTests.test_session_close_preserves_each_explicit_reason_and_rejects_other_messages) ... ok
test_session_close_uses_actual_service_boundary_not_future_or_late_header_target (test_retirement.CleanupGuardTests.test_session_close_uses_actual_service_boundary_not_future_or_late_header_target) ... ok
test_failed_maintenance_clock_preflight_does_not_delete_any_resource (test_retirement.RetirementTests.test_failed_maintenance_clock_preflight_does_not_delete_any_resource) ... ok
test_idle_queue_maintenance_preserves_original_rejections_and_other_session (test_retirement.RetirementTests.test_idle_queue_maintenance_preserves_original_rejections_and_other_session) ... ok
test_idle_revoke_releases_fragments_even_without_pending_model_input (test_retirement.RetirementTests.test_idle_revoke_releases_fragments_even_without_pending_model_input) ... ok
test_implicit_ingress_maintenance_keeps_original_rejection_until_drained (test_retirement.RetirementTests.test_implicit_ingress_maintenance_keeps_original_rejection_until_drained) ... ok
test_inactive_cleanup_preserves_pending_pre_session_zero_until_shutdown (test_retirement.RetirementTests.test_inactive_cleanup_preserves_pending_pre_session_zero_until_shutdown) ... ok
test_maintenance_capacity_is_local_strict_and_cannot_expand_protocol_limits (test_retirement.RetirementTests.test_maintenance_capacity_is_local_strict_and_cannot_expand_protocol_limits) ... ok
test_maintenance_mailbox_full_refuses_deletion_until_prior_records_drained (test_retirement.RetirementTests.test_maintenance_mailbox_full_refuses_deletion_until_prior_records_drained) ... ok
test_maintenance_preview_is_read_only_and_its_sessions_are_strict (test_retirement.RetirementTests.test_maintenance_preview_is_read_only_and_its_sessions_are_strict) ... ok
test_reassembler_inactive_filter_is_strict_and_clear_preserves_clock (test_retirement.RetirementTests.test_reassembler_inactive_filter_is_strict_and_clear_preserves_clock) ... ok
test_receiver_close_clears_revoked_fragments_and_returns_all_original_inputs (test_retirement.RetirementTests.test_receiver_close_clears_revoked_fragments_and_returns_all_original_inputs) ... ok
test_receiver_idle_expiry_releases_queue_without_a_model_step (test_retirement.RetirementTests.test_receiver_idle_expiry_releases_queue_without_a_model_step) ... ok
test_receiver_retirement_releases_only_named_fragments_and_queue (test_retirement.RetirementTests.test_receiver_retirement_releases_only_named_fragments_and_queue) ... ok
test_registry_shutdown_returns_discarded_inputs_and_is_permanent (test_retirement.RetirementTests.test_registry_shutdown_returns_discarded_inputs_and_is_permanent) ... ok
test_registry_without_model_queue_retirement_and_maintenance_still_work (test_retirement.RetirementTests.test_registry_without_model_queue_retirement_and_maintenance_still_work) ... ok
test_retired_feedback_is_retained_but_cannot_admit_retry_or_open_again (test_retirement.RetirementTests.test_retired_feedback_is_retained_but_cannot_admit_retry_or_open_again) ... ok
test_retirement_identity_is_strict_and_cannot_delete_another_session (test_retirement.RetirementTests.test_retirement_identity_is_strict_and_cannot_delete_another_session) ... ok
test_retirement_preserves_model_step_and_does_not_reclaim_old_admission (test_retirement.RetirementTests.test_retirement_preserves_model_step_and_does_not_reclaim_old_admission) ... ok
test_retirement_releases_only_its_owned_queue_and_retains_original_input (test_retirement.RetirementTests.test_retirement_releases_only_its_owned_queue_and_retains_original_input) ... ok
test_shutdown_inputs_survive_implicit_close_and_can_be_drained_once (test_retirement.RetirementTests.test_shutdown_inputs_survive_implicit_close_and_can_be_drained_once) ... ok
test_shutdown_keeps_prior_maintenance_separate_from_remaining_queue (test_retirement.RetirementTests.test_shutdown_keeps_prior_maintenance_separate_from_remaining_queue) ... ok
test_wire_cleanup_without_consumers_is_failure_and_not_local_retirement (test_retirement.RetirementTests.test_wire_cleanup_without_consumers_is_failure_and_not_local_retirement) ... ok
test_actual_submitted_lifecycle_payload_cannot_replace_approved_steps (test_runtime_lifecycle.RuntimeLifecycleTests.test_actual_submitted_lifecycle_payload_cannot_replace_approved_steps) ... ok
test_actual_transition_state_is_checked_before_allocation (test_runtime_lifecycle.RuntimeLifecycleTests.test_actual_transition_state_is_checked_before_allocation) ... ok
test_all_six_actions_keep_the_original_semantic_decision (test_runtime_lifecycle.RuntimeLifecycleTests.test_all_six_actions_keep_the_original_semantic_decision) ... ok
test_encoded_lifecycle_packet_cannot_replace_approved_steps (test_runtime_lifecycle.RuntimeLifecycleTests.test_encoded_lifecycle_packet_cannot_replace_approved_steps) ... ok
test_exact_applied_resume_transaction_can_finish_after_clock_retirement (test_runtime_lifecycle.RuntimeLifecycleTests.test_exact_applied_resume_transaction_can_finish_after_clock_retirement) ... ok
test_exact_reset_can_finish_but_wrong_step_cannot_use_retirement (test_runtime_lifecycle.RuntimeLifecycleTests.test_exact_reset_can_finish_but_wrong_step_cannot_use_retirement) ... ok
test_first_retirement_is_immutable_and_status_cannot_revive_old_epoch (test_runtime_lifecycle.RuntimeLifecycleTests.test_first_retirement_is_immutable_and_status_cannot_revive_old_epoch) ... ok
test_lifecycle_probe_is_rechecked_before_allocation_without_counter_use (test_runtime_lifecycle.RuntimeLifecycleTests.test_lifecycle_probe_is_rechecked_before_allocation_without_counter_use) ... ok
test_offline_step_rejects_physical_loop_and_actual_run_duration (test_runtime_lifecycle.RuntimeLifecycleTests.test_offline_step_rejects_physical_loop_and_actual_run_duration) ... ok
test_published_message_without_actual_lifecycle_probe_is_not_ready (test_runtime_lifecycle.RuntimeLifecycleTests.test_published_message_without_actual_lifecycle_probe_is_not_ready) ... ok
test_retirement_does_not_finish_another_pending_native_transaction (test_runtime_lifecycle.RuntimeLifecycleTests.test_retirement_does_not_finish_another_pending_native_transaction) ... ok
test_stopped_reset_is_management_only_not_permission_for_data (test_runtime_lifecycle.RuntimeLifecycleTests.test_stopped_reset_is_management_only_not_permission_for_data) ... ok
test_validated_ack_does_not_retire_or_finish_lifecycle (test_runtime_lifecycle.RuntimeLifecycleTests.test_validated_ack_does_not_retire_or_finish_lifecycle) ... ok
test_actual_paused_context_approves_current_boundary_without_allocation (test_runtime_targets.RuntimeTargetTests.test_actual_paused_context_approves_current_boundary_without_allocation) ... ok
test_allocation_scope_fails_if_another_original_scope_lock_is_held (test_runtime_targets.RuntimeTargetTests.test_allocation_scope_fails_if_another_original_scope_lock_is_held) ... ok
test_approval_cannot_adopt_a_replaced_lease_during_driver_handoff (test_runtime_targets.RuntimeTargetTests.test_approval_cannot_adopt_a_replaced_lease_during_driver_handoff) ... ok
test_backend_failure_and_replacement_never_approve_or_lose_history (test_runtime_targets.RuntimeTargetTests.test_backend_failure_and_replacement_never_approve_or_lose_history) ... ok
test_can_requires_actual_selected_sender_before_target_approval (test_runtime_targets.RuntimeTargetTests.test_can_requires_actual_selected_sender_before_target_approval) ... ok
test_complete_frozen_config_context_and_status_agreement_required (test_runtime_targets.RuntimeTargetTests.test_complete_frozen_config_context_and_status_agreement_required) ... ok
test_controller_cannot_borrow_same_source_string_without_actual_owner (test_runtime_targets.RuntimeTargetTests.test_controller_cannot_borrow_same_source_string_without_actual_owner) ... ok
test_driver_rechecks_selected_sender_after_preflight (test_runtime_targets.RuntimeTargetTests.test_driver_rechecks_selected_sender_after_preflight) ... ok
test_driver_replacement_of_explicit_authorizer_is_rejected_before_tx (test_runtime_targets.RuntimeTargetTests.test_driver_replacement_of_explicit_authorizer_is_rejected_before_tx) ... ok
test_expired_control_during_native_validation_cannot_allocate_or_tx (test_runtime_targets.RuntimeTargetTests.test_expired_control_during_native_validation_cannot_allocate_or_tx) ... ok
test_expiry_after_allocation_before_fragment_tx_retains_allocation_without_send (test_runtime_targets.RuntimeTargetTests.test_expiry_after_allocation_before_fragment_tx_retains_allocation_without_send) ... ok
test_installed_authorizer_is_used_by_original_driver_before_native_tx (test_runtime_targets.RuntimeTargetTests.test_installed_authorizer_is_used_by_original_driver_before_native_tx) ... ok
test_invalid_half_open_times_and_source_changed_during_getter_refuse (test_runtime_targets.RuntimeTargetTests.test_invalid_half_open_times_and_source_changed_during_getter_refuse) ... ok
test_no_default_backend_and_snapshot_immutable_strict_types (test_runtime_targets.RuntimeTargetTests.test_no_default_backend_and_snapshot_immutable_strict_types) ... ok
test_pre_read_count_and_byte_limits_keep_original_prefix (test_runtime_targets.RuntimeTargetTests.test_pre_read_count_and_byte_limits_keep_original_prefix) ... ok
test_registered_actual_owner_and_standard_applied_lease_allow_controller_only_until_deadline (test_runtime_targets.RuntimeTargetTests.test_registered_actual_owner_and_standard_applied_lease_allow_controller_only_until_deadline) ... ok
test_registered_snapshot_rejects_nested_mutability_and_boolean_deadlines (test_runtime_targets.RuntimeTargetTests.test_registered_snapshot_rejects_nested_mutability_and_boolean_deadlines) ... ok
test_running_future_target_is_bounded_by_actual_configured_duration (test_runtime_targets.RuntimeTargetTests.test_running_future_target_is_bounded_by_actual_configured_duration) ... ok
test_selected_can_channel_must_be_active_and_original_binding_retained (test_runtime_targets.RuntimeTargetTests.test_selected_can_channel_must_be_active_and_original_binding_retained) ... ok
test_unhashable_action_and_backend_model_are_typed_rejections (test_runtime_targets.RuntimeTargetTests.test_unhashable_action_and_backend_model_are_typed_rejections) ... ok
test_actual_record_is_immutable_and_drain_cannot_overlap_tx (test_scapy_source.ScapySourceTests.test_actual_record_is_immutable_and_drain_cannot_overlap_tx) ... ok
test_actual_scapy_complete_frame_and_standard_grant_no_udp_fallback (test_scapy_source.ScapySourceTests.test_actual_scapy_complete_frame_and_standard_grant_no_udp_fallback) ... ok
test_actual_scapy_resource_fragments_keep_original_no_burst_pacing (test_scapy_source.ScapySourceTests.test_actual_scapy_resource_fragments_keep_original_no_burst_pacing) ... ok
test_all_four_formal_eth_mappings_keep_same_standard_contract (test_scapy_source.ScapySourceTests.test_all_four_formal_eth_mappings_keep_same_standard_contract) ... ok
test_bounded_bytes_fail_before_actual_call_and_limits_are_strict (test_scapy_source.ScapySourceTests.test_bounded_bytes_fail_before_actual_call_and_limits_are_strict) ... ok
test_bounded_l2_records_fail_before_send_and_keep_original_prefix (test_scapy_source.ScapySourceTests.test_bounded_l2_records_fail_before_send_and_keep_original_prefix) ... ok
test_close_failure_retries_same_original_pcap_handle (test_scapy_source.ScapySourceTests.test_close_failure_retries_same_original_pcap_handle) ... ok
test_close_retains_records_reservation_and_does_not_report_remote_cleanup (test_scapy_source.ScapySourceTests.test_close_retains_records_reservation_and_does_not_report_remote_cleanup) ... ok
test_constructor_backend_failure_closes_both_udp_sockets (test_scapy_source.ScapySourceTests.test_constructor_backend_failure_closes_both_udp_sockets) ... ok
test_cooperative_original_dispatcher_uses_scapy_and_matching_feedback (test_scapy_source.ScapySourceTests.test_cooperative_original_dispatcher_uses_scapy_and_matching_feedback) ... ok
test_direct_send_and_close_cannot_bypass_attached_dispatcher (test_scapy_source.ScapySourceTests.test_direct_send_and_close_cannot_bypass_attached_dispatcher) ... ok
test_direct_send_and_close_cannot_bypass_session_operation (test_scapy_source.ScapySourceTests.test_direct_send_and_close_cannot_bypass_session_operation) ... ok
test_existing_prepared_bytes_remain_owned_after_later_allocation (test_scapy_source.ScapySourceTests.test_existing_prepared_bytes_remain_owned_after_later_allocation) ... ok
test_expired_grant_rejected_before_send (test_scapy_source.ScapySourceTests.test_expired_grant_rejected_before_send) ... ok
test_explicit_transaction_gap_and_header_mutation_are_not_allocations (test_scapy_source.ScapySourceTests.test_explicit_transaction_gap_and_header_mutation_are_not_allocations) ... ok
test_invalid_backend_return_is_not_success (test_scapy_source.ScapySourceTests.test_invalid_backend_return_is_not_success) ... ok
test_l2_record_drain_rejected_while_original_recorder_attached (test_scapy_source.ScapySourceTests.test_l2_record_drain_rejected_while_original_recorder_attached) ... ok
test_missing_original_l2_backend_never_falls_back (test_scapy_source.ScapySourceTests.test_missing_original_l2_backend_never_falls_back) ... ok
test_no_live_standard_grant_cannot_send_regular_input (test_scapy_source.ScapySourceTests.test_no_live_standard_grant_cannot_send_regular_input) ... ok
test_original_recorded_udp_dispatch_bytes_still_match_outer_frames (test_scapy_source.ScapySourceTests.test_original_recorded_udp_dispatch_bytes_still_match_outer_frames) ... ok
test_post_send_expiry_keeps_actual_transmitted_bytes_and_failure (test_scapy_source.ScapySourceTests.test_post_send_expiry_keeps_actual_transmitted_bytes_and_failure) ... ok
test_released_local_token_cannot_transmit_and_is_not_automatically_reacquired (test_scapy_source.ScapySourceTests.test_released_local_token_cannot_transmit_and_is_not_automatically_reacquired) ... ok
test_role_and_capability_and_sid_are_checked_at_actual_tx (test_scapy_source.ScapySourceTests.test_role_and_capability_and_sid_are_checked_at_actual_tx) ... ok
test_short_write_is_recorded_not_success_and_no_retry_fallback (test_scapy_source.ScapySourceTests.test_short_write_is_recorded_not_success_and_no_retry_fallback) ... ok
test_signed_zero_remains_original_wire_bytes (test_scapy_source.ScapySourceTests.test_signed_zero_remains_original_wire_bytes) ... ok
test_socket_error_retains_complete_attempt_and_dispatch_failure (test_scapy_source.ScapySourceTests.test_socket_error_retains_complete_attempt_and_dispatch_failure) ... ok
test_source_rejects_foreign_reservation_branch_mapping_and_bad_mac (test_scapy_source.ScapySourceTests.test_source_rejects_foreign_reservation_branch_mapping_and_bad_mac) ... ok
test_successful_original_pcap_close_is_not_repeated (test_scapy_source.ScapySourceTests.test_successful_original_pcap_close_is_not_repeated) ... ok
test_all_97_frozen_bindings_and_105_elements_resolve_to_complete_actual_fields (test_scenario.ScenarioTests.test_all_97_frozen_bindings_and_105_elements_resolve_to_complete_actual_fields) ... ok
test_all_snapshot_storage_counts_and_unverified_contract_rejects (test_scenario.ScenarioTests.test_all_snapshot_storage_counts_and_unverified_contract_rejects) ... ok
test_all_ten_events_retained_sorted_and_controls_not_executed (test_scenario.ScenarioTests.test_all_ten_events_retained_sorted_and_controls_not_executed) ... ok
test_arithmetic_intersection_matches_small_enumerated_progressions (test_scenario.ScenarioTests.test_arithmetic_intersection_matches_small_enumerated_progressions) ... ok
test_arrays_all_elements_and_boolean_targets_count_for_complete_snapshot (test_scenario.ScenarioTests.test_arrays_all_elements_and_boolean_targets_count_for_complete_snapshot) ... ok
test_collision_budget_does_not_silently_ignore_long_overlapping_streams (test_scenario.ScenarioTests.test_collision_budget_does_not_silently_ignore_long_overlapping_streams) ... ok
test_complete_snapshot_collision_across_original_tools_and_alias_messages (test_scenario.ScenarioTests.test_complete_snapshot_collision_across_original_tools_and_alias_messages) ... ok
test_duplicate_namespaces_prior_stop_link_and_fault_restrictions (test_scenario.ScenarioTests.test_duplicate_namespaces_prior_stop_link_and_fault_restrictions) ... ok
test_end_cleanup_clips_future_streams_but_is_not_completed_cleanup (test_scenario.ScenarioTests.test_end_cleanup_clips_future_streams_but_is_not_completed_cleanup) ... ok
test_large_finite_streams_are_not_expanded_and_output_limit_fails_before_yield (test_scenario.ScenarioTests.test_large_finite_streams_are_not_expanded_and_output_limit_fails_before_yield) ... ok
test_negative_mutation_integer_fields_do_not_accept_float_or_bool (test_scenario.ScenarioTests.test_negative_mutation_integer_fields_do_not_accept_float_or_bool) ... ok
test_periodic_collision_with_static_and_later_coprime_intersection (test_scenario.ScenarioTests.test_periodic_collision_with_static_and_later_coprime_intersection) ... ok
test_periodic_first_count_and_same_step_stop_sort_boundary (test_scenario.ScenarioTests.test_periodic_first_count_and_same_step_stop_sort_boundary) ... ok
test_replay_reference_negative_case_and_unresolved_consumers_are_explicit (test_scenario.ScenarioTests.test_replay_reference_negative_case_and_unresolved_consumers_are_explicit) ... ok
test_snapshot_actions_detached_immutable_and_signed_zero_preserved (test_scenario.ScenarioTests.test_snapshot_actions_detached_immutable_and_signed_zero_preserved) ... ok
test_sort_priority_then_event_id_without_changing_original_snapshot (test_scenario.ScenarioTests.test_sort_priority_then_event_id_without_changing_original_snapshot) ... ok
test_source_audit_exposes_plan_and_rejects_real_complete_snapshot_collision (test_scenario.ScenarioTests.test_source_audit_exposes_plan_and_rejects_real_complete_snapshot_collision) ... ok
test_strict_models_timing_counts_and_uint32_overflow (test_scenario.ScenarioTests.test_strict_models_timing_counts_and_uint32_overflow) ... ok
test_terminal_waveform_sample_collision_and_stop_clipping_are_not_missed (test_scenario.ScenarioTests.test_terminal_waveform_sample_collision_and_stop_clipping_are_not_missed) ... ok
test_two_waveforms_different_changed_fields_still_write_full_same_ports (test_scenario.ScenarioTests.test_two_waveforms_different_changed_fields_still_write_full_same_ports) ... ok
test_waveform_exact_terminal_sample_even_when_period_not_divisible (test_scenario.ScenarioTests.test_waveform_exact_terminal_sample_even_when_period_not_divisible) ... ok
test_actual_can_status_uses_the_same_original_reader_and_handler (test_scenario_assertions.ScenarioAssertionTests.test_actual_can_status_uses_the_same_original_reader_and_handler) ... ok
test_all_eight_operators_use_actual_status_values (test_scenario_assertions.ScenarioAssertionTests.test_all_eight_operators_use_actual_status_values) ... ok
test_all_twelve_frozen_status_fields_are_read_without_invented_values (test_scenario_assertions.ScenarioAssertionTests.test_all_twelve_frozen_status_fields_are_read_without_invented_values) ... ok
test_bool_and_string_fields_use_exact_received_types (test_scenario_assertions.ScenarioAssertionTests.test_bool_and_string_fields_use_exact_received_types) ... ok
test_capture_cannot_bypass_actual_source_operation_owner (test_scenario_assertions.ScenarioAssertionTests.test_capture_cannot_bypass_actual_source_operation_owner) ... ok
test_event_assert_and_foreign_action_keep_original_routing (test_scenario_assertions.ScenarioAssertionTests.test_event_assert_and_foreign_action_keep_original_routing) ... ok
test_exact_raw_sample_provenance_is_detached_and_immutable (test_scenario_assertions.ScenarioAssertionTests.test_exact_raw_sample_provenance_is_detached_and_immutable) ... ok
test_expired_unread_sample_cannot_count_toward_success (test_scenario_assertions.ScenarioAssertionTests.test_expired_unread_sample_cannot_count_toward_success) ... ok
test_field_and_expected_type_are_checked_at_preflight (test_scenario_assertions.ScenarioAssertionTests.test_field_and_expected_type_are_checked_at_preflight) ... ok
test_forged_compiled_plan_cannot_change_original_assertions (test_scenario_assertions.ScenarioAssertionTests.test_forged_compiled_plan_cannot_change_original_assertions) ... ok
test_forged_handle_and_action_and_duplicate_begin_are_rejected (test_scenario_assertions.ScenarioAssertionTests.test_forged_handle_and_action_and_duplicate_begin_are_rejected) ... ok
test_full_sample_history_rejects_new_handle_without_mutation (test_scenario_assertions.ScenarioAssertionTests.test_full_sample_history_rejects_new_handle_without_mutation) ... ok
test_half_open_deadline_does_not_catch_up_old_samples (test_scenario_assertions.ScenarioAssertionTests.test_half_open_deadline_does_not_catch_up_old_samples) ... ok
test_handler_capacity_limits_fail_before_new_handle (test_scenario_assertions.ScenarioAssertionTests.test_handler_capacity_limits_fail_before_new_handle) ... ok
test_invalid_handle_fields_fail_as_state_not_python_exception (test_scenario_assertions.ScenarioAssertionTests.test_invalid_handle_fields_fail_as_state_not_python_exception) ... ok
test_missing_model_reader_and_evidence_stage_fail_before_allocation (test_scenario_assertions.ScenarioAssertionTests.test_missing_model_reader_and_evidence_stage_fail_before_allocation) ... ok
test_old_status_and_repeated_poll_do_not_count (test_scenario_assertions.ScenarioAssertionTests.test_old_status_and_repeated_poll_do_not_count) ... ok
test_ordinary_assert_mismatch_fails_with_original_handle (test_scenario_assertions.ScenarioAssertionTests.test_ordinary_assert_mismatch_fails_with_original_handle) ... ok
test_original_runtime_boundary_delegates_to_real_assertion_handler (test_scenario_assertions.ScenarioAssertionTests.test_original_runtime_boundary_delegates_to_real_assertion_handler) ... ok
test_original_services_cannot_default_to_fake_success_without_reader (test_scenario_assertions.ScenarioAssertionTests.test_original_services_cannot_default_to_fake_success_without_reader) ... ok
test_pending_handler_fails_on_wrong_actual_model_step (test_scenario_assertions.ScenarioAssertionTests.test_pending_handler_fails_on_wrong_actual_model_step) ... ok
test_reader_does_not_send_allocate_drain_or_renew (test_scenario_assertions.ScenarioAssertionTests.test_reader_does_not_send_allocate_drain_or_renew) ... ok
test_reader_is_single_owner_and_close_retains_history (test_scenario_assertions.ScenarioAssertionTests.test_reader_is_single_owner_and_close_retains_history) ... ok
test_reader_overflow_retains_prefix_and_does_not_hide_transport_rx (test_scenario_assertions.ScenarioAssertionTests.test_reader_overflow_retains_prefix_and_does_not_hide_transport_rx) ... ok
test_source_and_reader_replacement_and_close_do_not_adopt_samples (test_scenario_assertions.ScenarioAssertionTests.test_source_and_reader_replacement_and_close_do_not_adopt_samples) ... ok
test_unpolled_intermediate_mismatch_breaks_consecutive_wait_samples (test_scenario_assertions.ScenarioAssertionTests.test_unpolled_intermediate_mismatch_breaks_consecutive_wait_samples) ... ok
test_unpublished_status_probe_is_rejected_from_actual_grant (test_scenario_assertions.ScenarioAssertionTests.test_unpublished_status_probe_is_rejected_from_actual_grant) ... ok
test_unread_samples_from_successive_steps_are_compared_in_order (test_scenario_assertions.ScenarioAssertionTests.test_unread_samples_from_successive_steps_are_compared_in_order) ... ok
test_actual_original_native_tx_and_feedback_inside_controller (test_scenario_driver.ScenarioDriverTests.test_actual_original_native_tx_and_feedback_inside_controller) ... ok
test_bad_local_cleanup_clock_still_attempts_remote_cleanup (test_scenario_driver.ScenarioDriverTests.test_bad_local_cleanup_clock_still_attempts_remote_cleanup) ... ok
test_cleanup_accumulates_original_incremental_receipts (test_scenario_driver.ScenarioDriverTests.test_cleanup_accumulates_original_incremental_receipts) ... ok
test_cleanup_can_confirm_actual_original_source_close (test_scenario_driver.ScenarioDriverTests.test_cleanup_can_confirm_actual_original_source_close) ... ok
test_cleanup_deadline_clock_failure_is_local_not_remote (test_scenario_driver.ScenarioDriverTests.test_cleanup_deadline_clock_failure_is_local_not_remote) ... ok
test_cleanup_error_history_stays_bounded_and_invalid_receipts_are_closed (test_scenario_driver.ScenarioDriverTests.test_cleanup_error_history_stays_bounded_and_invalid_receipts_are_closed) ... ok
test_cleanup_has_local_monotonic_deadline (test_scenario_driver.ScenarioDriverTests.test_cleanup_has_local_monotonic_deadline) ... ok
test_cleanup_provider_session_change_cannot_count_new_receipts (test_scenario_driver.ScenarioDriverTests.test_cleanup_provider_session_change_cannot_count_new_receipts) ... ok
test_cleanup_session_change_before_poll_never_calls_remote (test_scenario_driver.ScenarioDriverTests.test_cleanup_session_change_before_poll_never_calls_remote) ... ok
test_cleanup_stale_session_stops_local_without_remote_begin (test_scenario_driver.ScenarioDriverTests.test_cleanup_stale_session_stops_local_without_remote_begin) ... ok
test_cleanup_starts_remote_even_when_local_stop_needs_retry (test_scenario_driver.ScenarioDriverTests.test_cleanup_starts_remote_even_when_local_stop_needs_retry) ... ok
test_cleanup_synchronous_original_close_can_deliver_final_receipt (test_scenario_driver.ScenarioDriverTests.test_cleanup_synchronous_original_close_can_deliver_final_receipt) ... ok
test_closing_another_sid_cannot_confirm_original_cleanup (test_scenario_driver.ScenarioDriverTests.test_closing_another_sid_cannot_confirm_original_cleanup) ... ok
test_delegate_begin_failure_is_not_retried (test_scenario_driver.ScenarioDriverTests.test_delegate_begin_failure_is_not_retried) ... ok
test_empty_provider_handle_cannot_be_wrapped_as_valid_action (test_scenario_driver.ScenarioDriverTests.test_empty_provider_handle_cannot_be_wrapped_as_valid_action) ... ok
test_empty_provider_handle_cannot_be_wrapped_as_valid_root_assertion (test_scenario_driver.ScenarioDriverTests.test_empty_provider_handle_cannot_be_wrapped_as_valid_root_assertion) ... ok
test_explicit_none_step_cannot_start_remote_cleanup (test_scenario_driver.ScenarioDriverTests.test_explicit_none_step_cannot_start_remote_cleanup) ... ok
test_finite_handle_budget_and_reentry_are_rejected (test_scenario_driver.ScenarioDriverTests.test_finite_handle_budget_and_reentry_are_rejected) ... ok
test_forged_root_assertion_metadata_is_rejected_before_service_begin (test_scenario_driver.ScenarioDriverTests.test_forged_root_assertion_metadata_is_rejected_before_service_begin) ... ok
test_frozen_model_native_target_must_equal_actual_current_step (test_scenario_driver.ScenarioDriverTests.test_frozen_model_native_target_must_equal_actual_current_step) ... ok
test_missing_receipt_never_becomes_complete (test_scenario_driver.ScenarioDriverTests.test_missing_receipt_never_becomes_complete) ... ok
test_missing_services_or_status_never_allocates_or_transmits (test_scenario_driver.ScenarioDriverTests.test_missing_services_or_status_never_allocates_or_transmits) ... ok
test_partition_preserves_original_nonnative_link_and_plan (test_scenario_driver.ScenarioDriverTests.test_partition_preserves_original_nonnative_link_and_plan) ... ok
test_remote_terminal_receipt_is_not_repolled_while_local_recovery_pending (test_scenario_driver.ScenarioDriverTests.test_remote_terminal_receipt_is_not_repolled_while_local_recovery_pending) ... ok
test_service_begin_session_change_retains_attempt_without_retry (test_scenario_driver.ScenarioDriverTests.test_service_begin_session_change_retains_attempt_without_retry) ... ok
test_service_poll_exception_retains_context_and_separate_remote_error (test_scenario_driver.ScenarioDriverTests.test_service_poll_exception_retains_context_and_separate_remote_error) ... ok
test_service_poll_session_change_cannot_cache_completion (test_scenario_driver.ScenarioDriverTests.test_service_poll_session_change_cannot_cache_completion) ... ok
test_strict_observed_step_target_and_action_before_native_allocation (test_scenario_driver.ScenarioDriverTests.test_strict_observed_step_target_and_action_before_native_allocation) ... ok
test_whole_plan_service_preflight_failure_precedes_native_send (test_scenario_driver.ScenarioDriverTests.test_whole_plan_service_preflight_failure_precedes_native_send) ... ok
test_wrapped_original_handles_reject_forged_or_foreign_progress (test_scenario_driver.ScenarioDriverTests.test_wrapped_original_handles_reject_forged_or_foreign_progress) ... ok
test_wrong_kind_on_native_link_remains_service_event (test_scenario_driver.ScenarioDriverTests.test_wrong_kind_on_native_link_remains_service_event) ... ok
test_action_owner_busy_or_replaced_fails_without_worker_or_reclaim (test_scenario_evidence_recorder.ScenarioRecorderTests.test_action_owner_busy_or_replaced_fails_without_worker_or_reclaim) ... ok
test_actions_continue_after_verified_segment_and_plan_saved_once (test_scenario_evidence_recorder.ScenarioRecorderTests.test_actions_continue_after_verified_segment_and_plan_saved_once) ... ok
test_actual_controller_records_and_named_cleanup_are_saved_not_qualified (test_scenario_evidence_recorder.ScenarioRecorderTests.test_actual_controller_records_and_named_cleanup_are_saved_not_qualified) ... ok
test_closed_run_record_fields_handles_and_bytes_are_lossless (test_scenario_evidence_recorder.ScenarioRecorderTests.test_closed_run_record_fields_handles_and_bytes_are_lossless) ... ok
test_count_and_byte_limits_do_not_reclaim_or_allocate_worker (test_scenario_evidence_recorder.ScenarioRecorderTests.test_count_and_byte_limits_do_not_reclaim_or_allocate_worker) ... ok
test_equal_action_record_replacement_refuses_all_stream_commit (test_scenario_evidence_recorder.ScenarioRecorderTests.test_equal_action_record_replacement_refuses_all_stream_commit) ... ok
test_persisted_plan_keeps_exact_original_identity_and_resource_bytes (test_scenario_evidence_recorder.ScenarioRecorderTests.test_persisted_plan_keeps_exact_original_identity_and_resource_bytes) ... ok
test_replaced_plan_is_rejected_before_action_allocation_or_tx (test_scenario_evidence_recorder.ScenarioRecorderTests.test_replaced_plan_is_rejected_before_action_allocation_or_tx) ... ok
test_required_original_scenario_recording_entry (test_scenario_evidence_recorder.ScenarioRecorderTests.test_required_original_scenario_recording_entry) ... ok
test_required_plan_and_event_identifiers_cannot_be_null (test_scenario_evidence_recorder.ScenarioRecorderTests.test_required_plan_and_event_identifiers_cannot_be_null) ... ok
test_saved_history_cannot_be_replaced_before_next_segment (test_scenario_evidence_recorder.ScenarioRecorderTests.test_saved_history_cannot_be_replaced_before_next_segment) ... ok
test_scenario_rows_cannot_be_downgraded_to_native_only_format (test_scenario_evidence_recorder.ScenarioRecorderTests.test_scenario_rows_cannot_be_downgraded_to_native_only_format) ... ok
test_unconsumed_eth_terminal_feedback_keeps_same_job_until_action_poll (test_scenario_evidence_recorder.ScenarioRecorderTests.test_unconsumed_eth_terminal_feedback_keeps_same_job_until_action_poll) ... ok
test_all_nine_incremental_receipts_are_bounded_and_survive_failure (test_scenario_execution.ScenarioExecutionTests.test_all_nine_incremental_receipts_are_bounded_and_survive_failure) ... ok
test_begin_failure_record_names_original_attempted_event (test_scenario_execution.ScenarioExecutionTests.test_begin_failure_record_names_original_attempted_event) ... ok
test_cleanup_exception_record_is_distinct_from_prior_run_failure (test_scenario_execution.ScenarioExecutionTests.test_cleanup_exception_record_is_distinct_from_prior_run_failure) ... ok
test_cleanup_missing_one_of_nine_fields_never_local_stopped (test_scenario_execution.ScenarioExecutionTests.test_cleanup_missing_one_of_nine_fields_never_local_stopped) ... ok
test_cleanup_unknown_error_is_normalized_to_frozen_resource (test_scenario_execution.ScenarioExecutionTests.test_cleanup_unknown_error_is_normalized_to_frozen_resource) ... ok
test_complete_budget_rejects_million_actions_before_any_driver_call (test_scenario_execution.ScenarioExecutionTests.test_complete_budget_rejects_million_actions_before_any_driver_call) ... ok
test_completed_short_root_does_not_timeout_while_long_root_is_pending (test_scenario_execution.ScenarioExecutionTests.test_completed_short_root_does_not_timeout_while_long_root_is_pending) ... ok
test_driver_non_icd_exception_is_recorded_and_cleanup_runs (test_scenario_execution.ScenarioExecutionTests.test_driver_non_icd_exception_is_recorded_and_cleanup_runs) ... ok
test_driver_reentrancy_is_rejected_without_second_execution (test_scenario_execution.ScenarioExecutionTests.test_driver_reentrancy_is_rejected_without_second_execution) ... ok
test_each_root_assertion_deadline_is_enforced_independently (test_scenario_execution.ScenarioExecutionTests.test_each_root_assertion_deadline_is_enforced_independently) ... ok
test_end_waits_for_outstanding_assert_operation_before_cleanup (test_scenario_execution.ScenarioExecutionTests.test_end_waits_for_outstanding_assert_operation_before_cleanup) ... ok
test_event_assertions_do_not_start_as_root_assertions_before_their_events (test_scenario_execution.ScenarioExecutionTests.test_event_assertions_do_not_start_as_root_assertions_before_their_events) ... ok
test_failure_reaches_cleanup_without_starting_later_events (test_scenario_execution.ScenarioExecutionTests.test_failure_reaches_cleanup_without_starting_later_events) ... ok
test_foreign_progress_handle_is_rejected_and_cleanup_requested (test_scenario_execution.ScenarioExecutionTests.test_foreign_progress_handle_is_rejected_and_cleanup_requested) ... ok
test_forged_compiled_plan_and_unknown_progress_are_not_trusted (test_scenario_execution.ScenarioExecutionTests.test_forged_compiled_plan_and_unknown_progress_are_not_trusted) ... ok
test_incremental_cleanup_pending_receipts_are_retained_once (test_scenario_execution.ScenarioExecutionTests.test_incremental_cleanup_pending_receipts_are_retained_once) ... ok
test_incremental_cleanup_requires_all_nine_receipts (test_scenario_execution.ScenarioExecutionTests.test_incremental_cleanup_requires_all_nine_receipts) ... ok
test_missing_driver_and_preflight_rejection_never_start_or_dispatch (test_scenario_execution.ScenarioExecutionTests.test_missing_driver_and_preflight_rejection_never_start_or_dispatch) ... ok
test_pending_limit_fails_before_next_begin_without_partial_overwrite (test_scenario_execution.ScenarioExecutionTests.test_pending_limit_fails_before_next_begin_without_partial_overwrite) ... ok
test_periodic_and_waveform_sampling_uses_original_order_without_duplication (test_scenario_execution.ScenarioExecutionTests.test_periodic_and_waveform_sampling_uses_original_order_without_duplication) ... ok
test_poll_exception_preserves_original_failed_handle_not_cancellation (test_scenario_execution.ScenarioExecutionTests.test_poll_exception_preserves_original_failed_handle_not_cancellation) ... ok
test_root_assertions_and_same_original_complete_stimulus_are_retained (test_scenario_execution.ScenarioExecutionTests.test_root_assertions_and_same_original_complete_stimulus_are_retained) ... ok
test_root_assertions_must_finish_before_cleanup (test_scenario_execution.ScenarioExecutionTests.test_root_assertions_must_finish_before_cleanup) ... ok
test_same_handle_for_two_operations_is_rejected (test_scenario_execution.ScenarioExecutionTests.test_same_handle_for_two_operations_is_rejected) ... ok
test_skip_model_step_fails_without_catchup_or_new_handle (test_scenario_execution.ScenarioExecutionTests.test_skip_model_step_fails_without_catchup_or_new_handle) ... ok
test_stop_cleanup_once_and_does_not_reexecute_or_claim_remote_safety (test_scenario_execution.ScenarioExecutionTests.test_stop_cleanup_once_and_does_not_reexecute_or_claim_remote_safety) ... ok
test_strict_step_types_backwards_and_second_start (test_scenario_execution.ScenarioExecutionTests.test_strict_step_types_backwards_and_second_start) ... ok
test_successful_stop_retains_local_cancellation_and_nine_cleanup_receipts (test_scenario_execution.ScenarioExecutionTests.test_successful_stop_retains_local_cancellation_and_nine_cleanup_receipts) ... ok
test_ten_original_event_kinds_and_replay_negative_fields_not_changed (test_scenario_execution.ScenarioExecutionTests.test_ten_original_event_kinds_and_replay_negative_fields_not_changed) ... ok
test_terminal_records_keep_original_runtime_handle_correlation (test_scenario_execution.ScenarioExecutionTests.test_terminal_records_keep_original_runtime_handle_correlation) ... ok
test_unhashable_adapter_error_code_cannot_escape_failure_recording (test_scenario_execution.ScenarioExecutionTests.test_unhashable_adapter_error_code_cannot_escape_failure_recording) ... ok
test_wait_blocks_same_step_following_until_original_handle_completes (test_scenario_execution.ScenarioExecutionTests.test_wait_blocks_same_step_following_until_original_handle_completes) ... ok
test_wait_does_not_rewrite_overdue_absolute_steps_after_release (test_scenario_execution.ScenarioExecutionTests.test_wait_does_not_rewrite_overdue_absolute_steps_after_release) ... ok
test_wait_timeout_is_enforced_even_if_driver_stays_pending (test_scenario_execution.ScenarioExecutionTests.test_wait_timeout_is_enforced_even_if_driver_stays_pending) ... ok
test_complete_configure_snapshot_is_immutable_and_not_model_ready (test_semantic_guards.SemanticTests.test_complete_configure_snapshot_is_immutable_and_not_model_ready) ... ok
test_complete_lifecycle_action_state_matrix (test_semantic_guards.SemanticTests.test_complete_lifecycle_action_state_matrix) ... ok
test_configuration_model_and_complete_initial_branch_must_match (test_semantic_guards.SemanticTests.test_configuration_model_and_complete_initial_branch_must_match) ... ok
test_configure_only_stopped_or_initial_configured (test_semantic_guards.SemanticTests.test_configure_only_stopped_or_initial_configured) ... ok
test_every_model_requires_explicit_safe_zero_control_initial_values (test_semantic_guards.SemanticTests.test_every_model_requires_explicit_safe_zero_control_initial_values) ... ok
test_expected_state_and_initial_configuration_cannot_be_assumed (test_semantic_guards.SemanticTests.test_expected_state_and_initial_configuration_cannot_be_assumed) ... ok
test_external_owner_cannot_use_sender_role_or_unknown_declared_source (test_semantic_guards.SemanticTests.test_external_owner_cannot_use_sender_role_or_unknown_declared_source) ... ok
test_external_owner_grant_requires_safe_values_clear_queue_and_fixed_lease (test_semantic_guards.SemanticTests.test_external_owner_grant_requires_safe_values_clear_queue_and_fixed_lease) ... ok
test_fixed_wing_explicit_velocity_is_not_overridden_and_airborne_matches_height (test_semantic_guards.SemanticTests.test_fixed_wing_explicit_velocity_is_not_overridden_and_airborne_matches_height) ... ok
test_frozen_boundary_is_current_and_running_boundary_is_future (test_semantic_guards.SemanticTests.test_frozen_boundary_is_current_and_running_boundary_is_future) ... ok
test_ground_sign_airborne_and_static_multirotor_are_consistent (test_semantic_guards.SemanticTests.test_ground_sign_airborne_and_static_multirotor_are_consistent) ... ok
test_handover_is_paused_only_and_none_is_revocation_not_grant (test_semantic_guards.SemanticTests.test_handover_is_paused_only_and_none_is_revocation_not_grant) ... ok
test_initial_sensor_failure_is_consistent_and_demo_model_is_not_silently_changed (test_semantic_guards.SemanticTests.test_initial_sensor_failure_is_consistent_and_demo_model_is_not_silently_changed) ... ok
test_initial_state_only_configured_paused_and_preserves_reset_requirement (test_semantic_guards.SemanticTests.test_initial_state_only_configured_paused_and_preserves_reset_requirement) ... ok
test_internal_demo_controller_is_declared_quad_only_and_not_external_writer (test_semantic_guards.SemanticTests.test_internal_demo_controller_is_declared_quad_only_and_not_external_writer) ... ok
test_invalid_quaternion_is_rejected_without_normalizing (test_semantic_guards.SemanticTests.test_invalid_quaternion_is_rejected_without_normalizing) ... ok
test_semantic_guards_exist (test_semantic_guards.SemanticTests.test_semantic_guards_exist) ... ok
test_step_is_exact_sequential_1ms_and_keeps_model_paused (test_semantic_guards.SemanticTests.test_step_is_exact_sequential_1ms_and_keeps_model_paused) ... ok
test_step_rejects_hardware_control_owner_duration_overflow_and_bad_counts (test_semantic_guards.SemanticTests.test_step_rejects_hardware_control_owner_duration_overflow_and_bad_counts) ... ok
test_stop_reset_resume_require_cleanup_and_reset_restores_initial (test_semantic_guards.SemanticTests.test_stop_reset_resume_require_cleanup_and_reset_restores_initial) ... ok
test_terrain_requires_actual_sample_and_agrees_with_root_ground_height (test_semantic_guards.SemanticTests.test_terrain_requires_actual_sample_and_agrees_with_root_ground_height) ... ok
test_view_is_strict_immutable_and_missing_model_is_not_fabricated (test_semantic_guards.SemanticTests.test_view_is_strict_immutable_and_missing_model_is_not_fabricated) ... ok
test_wrong_message_schema_model_and_no_application_evidence (test_semantic_guards.SemanticTests.test_wrong_message_schema_model_and_no_application_evidence) ... ok
test_common_gateway_package_exists (test_session.AvailabilityTests.test_common_gateway_package_exists) ... ok
test_actual_8192_retry_cache_eviction_preserves_high_water_mark (test_session.SessionTests.test_actual_8192_retry_cache_eviction_preserves_high_water_mark) ... ok
test_cache_expiry_does_not_reset_session_sequence (test_session.SessionTests.test_cache_expiry_does_not_reset_session_sequence) ... ok
test_capacity_and_pending_duplicate_never_allocate_second_session (test_session.SessionTests.test_capacity_and_pending_duplicate_never_allocate_second_session) ... ok
test_cross_link_complete_duplicate_replays_original_failure_once (test_session.SessionTests.test_cross_link_complete_duplicate_replays_original_failure_once) ... ok
test_duplicate_complete_grant_identity_cannot_split_session_ownership (test_session.SessionTests.test_duplicate_complete_grant_identity_cannot_split_session_ownership) ... ok
test_expired_or_revoked_session_cannot_write_and_ids_are_not_reused (test_session.SessionTests.test_expired_or_revoked_session_cannot_write_and_ids_are_not_reused) ... ok
test_feedback_counter_and_response_bounds (test_session.SessionTests.test_feedback_counter_and_response_bounds) ... ok
test_fixed_lease_and_only_fresh_heartbeat_renewal (test_session.SessionTests.test_fixed_lease_and_only_fresh_heartbeat_renewal) ... ok
test_grants_and_request_identity_are_not_mutable_aliases (test_session.SessionTests.test_grants_and_request_identity_are_not_mutable_aliases) ... ok
test_open_requires_exact_identity_and_granted_roles (test_session.SessionTests.test_open_requires_exact_identity_and_granted_roles) ... ok
test_same_sequence_different_value_or_transaction_is_rejected (test_session.SessionTests.test_same_sequence_different_value_or_transaction_is_rejected) ... ok
test_unregistered_link_and_role_rejected_before_fragment_allocation (test_session.SessionTests.test_unregistered_link_and_role_rejected_before_fragment_allocation) ... ok
test_actual_resource_corruption_is_cli_failure (test_source_inputs.SourceInputCLITests.test_actual_resource_corruption_is_cli_failure) ... ok
test_cli_explicit_local_bindings_decode_and_reject_unknown_keys (test_source_inputs.SourceInputCLITests.test_cli_explicit_local_bindings_decode_and_reject_unknown_keys) ... ok
test_cli_reports_actual_capture_without_granting_history_execution (test_source_inputs.SourceInputCLITests.test_cli_reports_actual_capture_without_granting_history_execution) ... ok
test_offline_cli_reads_real_resources_without_network_or_model (test_source_inputs.SourceInputCLITests.test_offline_cli_reads_real_resources_without_network_or_model) ... ok
test_actual_capture_truncation_and_loss_reject_online_without_trusting_declaration (test_source_inputs.SourceInputsTests.test_actual_capture_truncation_and_loss_reject_online_without_trusting_declaration) ... ok
test_actual_protocol_description_is_immutable_and_not_execution_permission (test_source_inputs.SourceInputsTests.test_actual_protocol_description_is_immutable_and_not_execution_permission) ... ok
test_ambiguous_engineering_stream_and_epoch_overflow_are_rejected (test_source_inputs.SourceInputsTests.test_ambiguous_engineering_stream_and_epoch_overflow_are_rejected) ... ok
test_auditor_is_available (test_source_inputs.SourceInputsTests.test_auditor_is_available) ... ok
test_capture_packet_capacity_and_missing_can_utf8_encoding (test_source_inputs.SourceInputsTests.test_capture_packet_capacity_and_missing_can_utf8_encoding) ... ok
test_duplicate_resource_ids_and_missing_actual_bytes_fail (test_source_inputs.SourceInputsTests.test_duplicate_resource_ids_and_missing_actual_bytes_fail) ... ok
test_equivalent_arxml_is_really_parsed_and_drift_is_rejected (test_source_inputs.SourceInputsTests.test_equivalent_arxml_is_really_parsed_and_drift_is_rejected) ... ok
test_explicit_capture_bindings_enable_real_logical_decode_without_execution (test_source_inputs.SourceInputsTests.test_explicit_capture_bindings_enable_real_logical_decode_without_execution) ... ok
test_fault_and_model_eligibility_are_not_bypassed (test_source_inputs.SourceInputsTests.test_fault_and_model_eligibility_are_not_bypassed) ... ok
test_file_name_is_metadata_not_a_resource_lookup_path (test_source_inputs.SourceInputsTests.test_file_name_is_metadata_not_a_resource_lookup_path) ... ok
test_history_actual_counts_message_ids_and_time_window_are_verified (test_source_inputs.SourceInputsTests.test_history_actual_counts_message_ids_and_time_window_are_verified) ... ok
test_history_decoder_pin_direction_and_duplicate_ids (test_source_inputs.SourceInputsTests.test_history_decoder_pin_direction_and_duplicate_ids) ... ok
test_history_offline_rate_and_rewrite_uniqueness_remain_frozen (test_source_inputs.SourceInputsTests.test_history_offline_rate_and_rewrite_uniqueness_remain_frozen) ... ok
test_history_only_is_allowed_and_offset_uint64_is_exact (test_source_inputs.SourceInputsTests.test_history_only_is_allowed_and_offset_uint64_is_exact) ... ok
test_history_rows_are_closed_valid_non_decreasing_and_bounded (test_source_inputs.SourceInputsTests.test_history_rows_are_closed_valid_non_decreasing_and_bounded) ... ok
test_incomplete_online_rejected_offline_never_claims_complete_capture (test_source_inputs.SourceInputsTests.test_incomplete_online_rejected_offline_never_claims_complete_capture) ... ok
test_invalid_capture_cannot_pass_by_self_declared_integrity (test_source_inputs.SourceInputsTests.test_invalid_capture_cannot_pass_by_self_declared_integrity) ... ok
test_jsonl_cannot_claim_raw_replay_or_original_session_rebuild (test_source_inputs.SourceInputsTests.test_jsonl_cannot_claim_raw_replay_or_original_session_rebuild) ... ok
test_missing_mandatory_protocol_artifact_is_rejected (test_source_inputs.SourceInputsTests.test_missing_mandatory_protocol_artifact_is_rejected) ... ok
test_nonnumeric_assertion_cannot_use_tolerance_or_order (test_source_inputs.SourceInputsTests.test_nonnumeric_assertion_cannot_use_tolerance_or_order) ... ok
test_null_both_sources_and_unknown_scenario_field_fail_closed (test_source_inputs.SourceInputsTests.test_null_both_sources_and_unknown_scenario_field_fail_closed) ... ok
test_online_scenario_replay_cannot_bypass_actual_incomplete_capture (test_source_inputs.SourceInputsTests.test_online_scenario_replay_cannot_bypass_actual_incomplete_capture) ... ok
test_parsed_only_contract_has_no_verified_resource_authority (test_source_inputs.SourceInputsTests.test_parsed_only_contract_has_no_verified_resource_authority) ... ok
test_periodic_stop_requires_prior_unique_start (test_source_inputs.SourceInputsTests.test_periodic_stop_requires_prior_unique_start) ... ok
test_protocol_ids_must_be_unique_known_and_include_used_inputs (test_source_inputs.SourceInputsTests.test_protocol_ids_must_be_unique_known_and_include_used_inputs) ... ok
test_real_protocol_files_and_all_three_sources_do_not_claim_execution (test_source_inputs.SourceInputsTests.test_real_protocol_files_and_all_three_sources_do_not_claim_execution) ... ok
test_rehashed_replacement_catalog_or_dbc_is_still_rejected (test_source_inputs.SourceInputsTests.test_rehashed_replacement_catalog_or_dbc_is_still_rejected) ... ok
test_replay_event_policy_is_checked_against_actual_engineering_capture (test_source_inputs.SourceInputsTests.test_replay_event_policy_is_checked_against_actual_engineering_capture) ... ok
test_scenario_events_and_assertions_have_unique_namespaces (test_source_inputs.SourceInputsTests.test_scenario_events_and_assertions_have_unique_namespaces) ... ok
test_size_hash_encoding_and_resource_budgets (test_source_inputs.SourceInputsTests.test_size_hash_encoding_and_resource_budgets) ... ok
test_snapshot_and_decoded_records_are_immutable (test_source_inputs.SourceInputsTests.test_snapshot_and_decoded_records_are_immutable) ... ok
test_source_baseline_and_component_pins_cannot_drift (test_source_inputs.SourceInputsTests.test_source_baseline_and_component_pins_cannot_drift) ... ok
test_three_actual_capture_containers_are_parsed_not_business_decoded (test_source_inputs.SourceInputsTests.test_three_actual_capture_containers_are_parsed_not_business_decoded) ... ok
test_unknown_protocol_format_is_pending_not_parsed (test_source_inputs.SourceInputsTests.test_unknown_protocol_format_is_pending_not_parsed) ... ok
test_unrecognized_model_and_bad_audit_limits_fail (test_source_inputs.SourceInputsTests.test_unrecognized_model_and_bad_audit_limits_fail) ... ok
test_real_grant_header_feeds_replay_and_actual_resource_exchange (test_source_session.ActualResourceSessionTests.test_real_grant_header_feeds_replay_and_actual_resource_exchange) ... ok
test_claim_blocks_manual_tx_and_feedback_read_after_construction (test_source_session.ActualSourceSessionTests.test_claim_blocks_manual_tx_and_feedback_read_after_construction) ... ok
test_opening_transaction_follows_prior_manual_transport_use (test_source_session.ActualSourceSessionTests.test_opening_transaction_follows_prior_manual_transport_use) ... ok
test_real_receiver_grant_used_and_missing_capability_stops_before_tx (test_source_session.ActualSourceSessionTests.test_real_receiver_grant_used_and_missing_capability_stops_before_tx) ... ok
test_real_receiver_rejects_wrong_identity_without_local_grant (test_source_session.ActualSourceSessionTests.test_real_receiver_rejects_wrong_identity_without_local_grant) ... ok
test_real_transport_rejects_new_manager_and_delayed_old_grant (test_source_session.ActualSourceSessionTests.test_real_transport_rejects_new_manager_and_delayed_old_grant) ... ok
test_clock_status_nonce_and_request_type_are_correlated (test_source_session.FeedbackCorrelationTests.test_clock_status_nonce_and_request_type_are_correlated) ... ok
test_status_is_only_a_heartbeat_response (test_source_session.FeedbackCorrelationTests.test_status_is_only_a_heartbeat_response) ... ok
test_unrelated_status_clock_feedback_is_not_an_ack (test_source_session.FeedbackCorrelationTests.test_unrelated_status_clock_feedback_is_not_an_ack) ... ok
test_backward_or_bool_source_mono_is_rejected_without_send (test_source_session.SourceSessionTests.test_backward_or_bool_source_mono_is_rejected_without_send) ... ok
test_bad_target_and_counter_wrap_reject (test_source_session.SourceSessionTests.test_bad_target_and_counter_wrap_reject) ... ok
test_clock_failure_after_reply_keeps_untrusted_exchange_record (test_source_session.SourceSessionTests.test_clock_failure_after_reply_keeps_untrusted_exchange_record) ... ok
test_conservative_lease_starts_before_exchange_not_on_late_reply (test_source_session.SourceSessionTests.test_conservative_lease_starts_before_exchange_not_on_late_reply) ... ok
test_explicit_transaction_reservation_never_collides_with_auto_counter (test_source_session.SourceSessionTests.test_explicit_transaction_reservation_never_collides_with_auto_counter) ... ok
test_failed_heartbeat_and_ordinary_feedback_do_not_renew_lease (test_source_session.SourceSessionTests.test_failed_heartbeat_and_ordinary_feedback_do_not_renew_lease) ... ok
test_heartbeat_uses_actual_last_feedback_and_explicit_sender_step (test_source_session.SourceSessionTests.test_heartbeat_uses_actual_last_feedback_and_explicit_sender_step) ... ok
test_invalid_constructor_limits_identity_and_roles_reject (test_source_session.SourceSessionTests.test_invalid_constructor_limits_identity_and_roles_reject) ... ok
test_invalid_payload_does_not_consume_sequence_or_send (test_source_session.SourceSessionTests.test_invalid_payload_does_not_consume_sequence_or_send) ... ok
test_local_abandon_is_not_a_remote_close_reset_or_clear_queues (test_source_session.SourceSessionTests.test_local_abandon_is_not_a_remote_close_reset_or_clear_queues) ... ok
test_one_counter_owner_per_transport_even_after_local_close (test_source_session.SourceSessionTests.test_one_counter_owner_per_transport_even_after_local_close) ... ok
test_open_after_the_entire_lease_cannot_create_a_live_local_session (test_source_session.SourceSessionTests.test_open_after_the_entire_lease_cannot_create_a_live_local_session) ... ok
test_open_captures_actual_grant_and_allocates_global_fresh_headers (test_source_session.SourceSessionTests.test_open_captures_actual_grant_and_allocates_global_fresh_headers) ... ok
test_open_validates_both_baselines_roles_sid_and_model (test_source_session.SourceSessionTests.test_open_validates_both_baselines_roles_sid_and_model) ... ok
test_record_capacity_rejects_before_send_and_drain_does_not_clear_session (test_source_session.SourceSessionTests.test_record_capacity_rejects_before_send_and_drain_does_not_clear_session) ... ok
test_records_and_capabilities_are_immutable_detached (test_source_session.SourceSessionTests.test_records_and_capabilities_are_immutable_detached) ... ok
test_reopen_requires_explicit_local_abandon_and_never_reuses_nonce_or_sid (test_source_session.SourceSessionTests.test_reopen_requires_explicit_local_abandon_and_never_reuses_nonce_or_sid) ... ok
test_request_keeps_real_failed_feedback_without_manufacturing_stage (test_source_session.SourceSessionTests.test_request_keeps_real_failed_feedback_without_manufacturing_stage) ... ok
test_request_payload_detaches_from_callers_during_transport_exchange (test_source_session.SourceSessionTests.test_request_payload_detaches_from_callers_during_transport_exchange) ... ok
test_roles_capability_and_model_are_checked_before_allocation (test_source_session.SourceSessionTests.test_roles_capability_and_model_are_checked_before_allocation) ... ok
test_session_module_exists (test_source_session.SourceSessionTests.test_session_module_exists) ... ok
test_transport_timeout_is_recorded_without_faking_response_or_session (test_source_session.SourceSessionTests.test_transport_timeout_is_recorded_without_faking_response_or_session) ... ok
test_actual_udp_receiver_status_feeds_original_source_clock_and_reader (test_status_service.StatusServiceTests.test_actual_udp_receiver_status_feeds_original_source_clock_and_reader) ... ok
test_all_frozen_models_and_new_sid_allow_new_model_epoch_without_reusing_old_floor (test_status_service.StatusServiceTests.test_all_frozen_models_and_new_sid_allow_new_model_epoch_without_reusing_old_floor) ... ok
test_all_twelve_fields_required_exact_types_and_unknown_fields_rejected (test_status_service.StatusServiceTests.test_all_twelve_fields_required_exact_types_and_unknown_fields_rejected) ... ok
test_backend_error_and_untyped_sample_never_create_status_or_application (test_status_service.StatusServiceTests.test_backend_error_and_untyped_sample_never_create_status_or_application) ... ok
test_backend_returns_after_lease_expiry_no_status_or_stale_ack_is_minted (test_status_service.StatusServiceTests.test_backend_returns_after_lease_expiry_no_status_or_stale_ack_is_minted) ... ok
test_direct_service_requires_original_admission_and_typed_request (test_status_service.StatusServiceTests.test_direct_service_requires_original_admission_and_typed_request) ... ok
test_failed_open_after_field_validation_retries_original_error_without_read (test_status_service.StatusServiceTests.test_failed_open_after_field_validation_retries_original_error_without_read) ... ok
test_failed_open_snapshot_retained_no_grant_and_exact_attempt_not_resampled (test_status_service.StatusServiceTests.test_failed_open_snapshot_retained_no_grant_and_exact_attempt_not_resampled) ... ok
test_finite_evidence_reservation_refuses_before_backend_read (test_status_service.StatusServiceTests.test_finite_evidence_reservation_refuses_before_backend_read) ... ok
test_full_pending_retry_cache_rejects_open_before_read_or_sid_allocation (test_status_service.StatusServiceTests.test_full_pending_retry_cache_rejects_open_before_read_or_sid_allocation) ... ok
test_immutable_sample_strict_time_and_byte_bounds (test_status_service.StatusServiceTests.test_immutable_sample_strict_time_and_byte_bounds) ... ok
test_installed_backend_open_grant_uses_actual_model_step_not_interface_origin (test_status_service.StatusServiceTests.test_installed_backend_open_grant_uses_actual_model_step_not_interface_origin) ... ok
test_no_backend_can_be_created_or_implicitly_enabled (test_status_service.StatusServiceTests.test_no_backend_can_be_created_or_implicitly_enabled) ... ok
test_only_installed_status_capability_is_published_without_model_ready_claims (test_status_service.StatusServiceTests.test_only_installed_status_capability_is_published_without_model_ready_claims) ... ok
test_open_invalid_context_freshness_type_or_backend_failure_never_allocates (test_status_service.StatusServiceTests.test_open_invalid_context_freshness_type_or_backend_failure_never_allocates) ... ok
test_open_outliving_request_never_grants_even_with_fresh_model_sample (test_status_service.StatusServiceTests.test_open_outliving_request_never_grants_even_with_fresh_model_sample) ... ok
test_open_retry_preserves_original_grant_and_sample_without_new_sid (test_status_service.StatusServiceTests.test_open_retry_preserves_original_grant_and_sample_without_new_sid) ... ok
test_opening_sample_seeds_same_sid_model_floor_before_first_heartbeat (test_status_service.StatusServiceTests.test_opening_sample_seeds_same_sid_model_floor_before_first_heartbeat) ... ok
test_original_retry_uses_identical_cached_status_without_resampling_or_renewal (test_status_service.StatusServiceTests.test_original_retry_uses_identical_cached_status_without_resampling_or_renewal) ... ok
test_original_sample_identity_all_context_fields_must_match (test_status_service.StatusServiceTests.test_original_sample_identity_all_context_fields_must_match) ... ok
test_preview_open_checks_identity_roles_nonce_and_capacity_without_allocation (test_status_service.StatusServiceTests.test_preview_open_checks_identity_roles_nonce_and_capacity_without_allocation) ... ok
test_reentrant_backend_and_closed_service_do_not_lose_original_records (test_status_service.StatusServiceTests.test_reentrant_backend_and_closed_service_do_not_lose_original_records) ... ok
test_same_receiver_registry_and_backend_identity_cannot_be_replaced (test_status_service.StatusServiceTests.test_same_receiver_registry_and_backend_identity_cannot_be_replaced) ... ok
test_same_sid_model_step_and_sample_time_cannot_regress (test_status_service.StatusServiceTests.test_same_sid_model_step_and_sample_time_cannot_regress) ... ok
test_slow_backend_snapshot_expiry_is_checked_at_actual_completion_not_ingress (test_status_service.StatusServiceTests.test_slow_backend_snapshot_expiry_is_checked_at_actual_completion_not_ingress) ... ok
test_slow_open_allocates_lease_and_caches_reply_at_actual_completion (test_status_service.StatusServiceTests.test_slow_open_allocates_lease_and_caches_reply_at_actual_completion) ... ok
test_snapshot_half_open_deadline_future_and_frozen_240ms_freshness (test_status_service.StatusServiceTests.test_snapshot_half_open_deadline_future_and_frozen_240ms_freshness) ... ok
test_standard_heartbeat_status_exact_payload_and_original_correlation (test_status_service.StatusServiceTests.test_standard_heartbeat_status_exact_payload_and_original_correlation) ... ok
test_throwing_backend_retains_actual_completion_time_and_does_not_ack_expired_sid (test_status_service.StatusServiceTests.test_throwing_backend_retains_actual_completion_time_and_does_not_ack_expired_sid) ... ok
test_actual_validated_and_applied_control_renewals_keep_original_owner_bytes (test_target_evidence_recorder.TargetRecorderTests.test_actual_validated_and_applied_control_renewals_keep_original_owner_bytes) ... ok
test_close_reports_unsaved_target_records_without_claiming_remote_cleanup (test_target_evidence_recorder.TargetRecorderTests.test_close_reports_unsaved_target_records_without_claiming_remote_cleanup) ... ok
test_combined_assertion_and_target_profile_keeps_all_fourteen_streams (test_target_evidence_recorder.TargetRecorderTests.test_combined_assertion_and_target_profile_keeps_all_fourteen_streams) ... ok
test_exact_retirement_survives_actual_source_close_before_snapshot (test_target_evidence_recorder.TargetRecorderTests.test_exact_retirement_survives_actual_source_close_before_snapshot) ... ok
test_explicit_original_target_entry_required (test_target_evidence_recorder.TargetRecorderTests.test_explicit_original_target_entry_required) ... ok
test_installed_original_driver_target_replacement_refuses_snapshot (test_target_evidence_recorder.TargetRecorderTests.test_installed_original_driver_target_replacement_refuses_snapshot) ... ok
test_nested_mutable_tuple_is_not_silently_frozen_by_encoder (test_target_evidence_recorder.TargetRecorderTests.test_nested_mutable_tuple_is_not_silently_frozen_by_encoder) ... ok
test_original_producer_bindings_and_control_lease_bytes_roundtrip (test_target_evidence_recorder.TargetRecorderTests.test_original_producer_bindings_and_control_lease_bytes_roundtrip) ... ok
test_persistence_failure_retains_original_histories_and_reports_unsaved_rows (test_target_evidence_recorder.TargetRecorderTests.test_persistence_failure_retains_original_histories_and_reports_unsaved_rows) ... ok
test_removed_recording_attachment_cannot_allow_an_unrecorded_read (test_target_evidence_recorder.TargetRecorderTests.test_removed_recording_attachment_cannot_allow_an_unrecorded_read) ... ok
test_snapshot_capacity_failure_preserves_original_approval_history (test_target_evidence_recorder.TargetRecorderTests.test_snapshot_capacity_failure_preserves_original_approval_history) ... ok
test_success_failure_and_new_reads_during_write_are_lossless (test_target_evidence_recorder.TargetRecorderTests.test_success_failure_and_new_reads_during_write_are_lossless) ... ok
test_successful_controller_cannot_drop_or_corrupt_its_original_lease (test_target_evidence_recorder.TargetRecorderTests.test_successful_controller_cannot_drop_or_corrupt_its_original_lease) ... ok
test_tampered_epoch_ack_probe_or_request_correlation_is_rejected (test_target_evidence_recorder.TargetRecorderTests.test_tampered_epoch_ack_probe_or_request_correlation_is_rejected) ... ok
test_tampered_lifecycle_decision_and_required_status_fail_closed (test_target_evidence_recorder.TargetRecorderTests.test_tampered_lifecycle_decision_and_required_status_fail_closed) ... ok
test_target_backend_replacement_refuses_before_snapshot (test_target_evidence_recorder.TargetRecorderTests.test_target_backend_replacement_refuses_before_snapshot) ... ok
test_target_lock_refuses_snapshot_without_worker_or_getter (test_target_evidence_recorder.TargetRecorderTests.test_target_lock_refuses_snapshot_without_worker_or_getter) ... ok
test_uint64_times_remain_decimal_strings_without_precision_loss (test_target_evidence_recorder.TargetRecorderTests.test_uint64_times_remain_decimal_strings_without_precision_loss) ... ok
test_actual_persistence_matches_literal_command_resource_without_launch (test_tool_commands.CommandTests.test_actual_persistence_matches_literal_command_resource_without_launch) ... ok
test_can_microsecond_inexpressibility_is_rejected_without_rounding (test_tool_commands.CommandTests.test_can_microsecond_inexpressibility_is_rejected_without_rounding) ... ok
test_canplayer_stdout_pseudo_interface_cannot_replace_actual_send_channel (test_tool_commands.CommandTests.test_canplayer_stdout_pseudo_interface_cannot_replace_actual_send_channel) ... ok
test_canplayer_three_modes_exact_resource_explicit_mapping_one_round (test_tool_commands.CommandTests.test_canplayer_three_modes_exact_resource_explicit_mapping_one_round) ... ok
test_directory_is_absolute_new_literal_and_no_write_occurs (test_tool_commands.CommandTests.test_directory_is_absolute_new_literal_and_no_write_occurs) ... ok
test_first_channel_offset_is_retained_not_hidden_by_tool_start (test_tool_commands.CommandTests.test_first_channel_offset_is_retained_not_hidden_by_tool_start) ... ok
test_foreign_forged_released_or_extra_interfaces_never_prepare (test_tool_commands.CommandTests.test_foreign_forged_released_or_extra_interfaces_never_prepare) ... ok
test_four_can_channels_each_keep_mapping_file_hash_and_start_offset (test_tool_commands.CommandTests.test_four_can_channels_each_keep_mapping_file_hash_and_start_offset) ... ok
test_four_pcapng_channels_export_independent_full_pcap_commands (test_tool_commands.CommandTests.test_four_pcapng_channels_export_independent_full_pcap_commands) ... ok
test_local_reservation_validation_never_grants_or_releases (test_tool_commands.CommandTests.test_local_reservation_validation_never_grants_or_releases) ... ok
test_observation_uses_exact_formal_bidirectional_ids_without_send (test_tool_commands.CommandTests.test_observation_uses_exact_formal_bidirectional_ids_without_send) ... ok
test_observe_binding_is_bijective_formal_and_never_any (test_tool_commands.CommandTests.test_observe_binding_is_bijective_formal_and_never_any) ... ok
test_observe_rejects_wrong_branch_send_mode_and_released_token (test_tool_commands.CommandTests.test_observe_rejects_wrong_branch_send_mode_and_released_token) ... ok
test_preprocessed_rate_and_repeat_stay_upstream_not_tool_options (test_tool_commands.CommandTests.test_preprocessed_rate_and_repeat_stay_upstream_not_tool_options) ... ok
test_replay_rechecks_resource_instead_of_trusting_manifest_claims (test_tool_commands.CommandTests.test_replay_rechecks_resource_instead_of_trusting_manifest_claims) ... ok
test_replay_rejects_observer_other_branch_or_transport (test_tool_commands.CommandTests.test_replay_rejects_observer_other_branch_or_transport) ... ok
test_tcpreplay_three_modes_never_double_scales_or_loops (test_tool_commands.CommandTests.test_tcpreplay_three_modes_never_double_scales_or_loops) ... ok
test_actual_binary_stdout_stderr_exit_and_immutable_snapshot (test_tool_process.ProcessTests.test_actual_binary_stdout_stderr_exit_and_immutable_snapshot) ... ok
test_actual_creation_failure_is_retained_not_running (test_tool_process.ProcessTests.test_actual_creation_failure_is_retained_not_running) ... ok
test_actual_large_both_streams_are_drained_without_deadlock (test_tool_process.ProcessTests.test_actual_large_both_streams_are_drained_without_deadlock) ... ok
test_actual_timeout_kills_and_waits_for_direct_process (test_tool_process.ProcessTests.test_actual_timeout_kills_and_waits_for_direct_process) ... ok
test_descendant_held_pipe_is_failure_not_complete_cleanup (test_tool_process.ProcessTests.test_descendant_held_pipe_is_failure_not_complete_cleanup) ... ok
test_exit_observed_only_after_deadline_is_not_timely_success (test_tool_process.ProcessTests.test_exit_observed_only_after_deadline_is_not_timely_success) ... ok
test_failed_stop_retains_actual_live_handle_for_later_retry (test_tool_process.ProcessTests.test_failed_stop_retains_actual_live_handle_for_later_retry) ... ok
test_manual_stop_and_close_are_terminal_but_not_remote_cleanup (test_tool_process.ProcessTests.test_manual_stop_and_close_are_terminal_but_not_remote_cleanup) ... ok
test_natural_exit_with_late_pipe_eof_is_not_reported_as_stop (test_tool_process.ProcessTests.test_natural_exit_with_late_pipe_eof_is_not_reported_as_stop) ... ok
test_nonzero_exit_retains_actual_returncode_and_outputs (test_tool_process.ProcessTests.test_nonzero_exit_retains_actual_returncode_and_outputs) ... ok
test_original_deadline_still_applies_during_natural_exit_pipe_wait (test_tool_process.ProcessTests.test_original_deadline_still_applies_during_natural_exit_pipe_wait) ... ok
test_os_wait_failure_is_retained_and_can_be_retried (test_tool_process.ProcessTests.test_os_wait_failure_is_retained_and_can_be_retried) ... ok
test_output_limit_is_explicit_failure_not_silent_success (test_tool_process.ProcessTests.test_output_limit_is_explicit_failure_not_silent_success) ... ok
test_reader_start_failure_kills_actual_child_and_closes_unstarted_pipes (test_tool_process.ProcessTests.test_reader_start_failure_kills_actual_child_and_closes_unstarted_pipes) ... ok
test_shell_metacharacters_are_literal_arguments (test_tool_process.ProcessTests.test_shell_metacharacters_are_literal_arguments) ... ok
test_start_is_once_and_close_before_start_is_permanent (test_tool_process.ProcessTests.test_start_is_once_and_close_before_start_is_permanent) ... ok
test_stdout_and_stderr_share_one_limit (test_tool_process.ProcessTests.test_stdout_and_stderr_share_one_limit) ... ok
test_stop_after_already_completed_child_records_exit_not_invented_stop (test_tool_process.ProcessTests.test_stop_after_already_completed_child_records_exit_not_invented_stop) ... ok
test_strict_argv_paths_and_finite_integral_capacities (test_tool_process.ProcessTests.test_strict_argv_paths_and_finite_integral_capacities) ... ok
test_actual_executable_bytes_are_hashed_without_launch (test_tools.ToolTests.test_actual_executable_bytes_are_hashed_without_launch) ... ok
test_all_six_original_branches_map_only_to_frozen_api_rows (test_tools.ToolTests.test_all_six_original_branches_map_only_to_frozen_api_rows) ... ok
test_capacity_and_duplicate_run_cannot_evict_active_owner (test_tools.ToolTests.test_capacity_and_duplicate_run_cannot_evict_active_owner) ... ok
test_catalogue_changes_or_missing_duplicate_unknown_branches_are_rejected (test_tools.ToolTests.test_catalogue_changes_or_missing_duplicate_unknown_branches_are_rejected) ... ok
test_multichannel_conflict_is_atomic_across_branches (test_tools.ToolTests.test_multichannel_conflict_is_atomic_across_branches) ... ok
test_observer_never_holds_sender_reservation (test_tools.ToolTests.test_observer_never_holds_sender_reservation) ... ok
test_real_library_versions_and_executable_hashes_are_inspection_not_qualification (test_tools.ToolTests.test_real_library_versions_and_executable_hashes_are_inspection_not_qualification) ... ok
test_shadow_module_cannot_inherit_installed_distribution_version_or_execute (test_tools.ToolTests.test_shadow_module_cannot_inherit_installed_distribution_version_or_execute) ... ok
test_strict_ids_interfaces_modes_and_limits (test_tools.ToolTests.test_strict_ids_interfaces_modes_and_limits) ... ok
test_tokens_are_opaque_and_release_is_not_by_equal_fields (test_tools.ToolTests.test_tokens_are_opaque_and_release_is_not_by_equal_fields) ... ok
test_actual_socket_open_fragmented_input_and_cached_failure_feedback (test_udp.UDPTests.test_actual_socket_open_fragmented_input_and_cached_failure_feedback) ... ok
test_actual_udp_idle_poll_releases_owned_queue_without_model_execution (test_udp.UDPTests.test_actual_udp_idle_poll_releases_owned_queue_without_model_execution) ... ok
test_actual_wire_cleanup_remains_failure_until_all_real_consumers_exist (test_udp.UDPTests.test_actual_wire_cleanup_remains_failure_until_all_real_consumers_exist) ... ok
test_common_udp_and_source_packages_exist (test_udp.UDPTests.test_common_udp_and_source_packages_exist) ... ok
test_defined_port_roles_36100_36101_36102_use_actual_sockets (test_udp.UDPTests.test_defined_port_roles_36100_36101_36102_use_actual_sockets) ... ok
test_feedback_cache_expiry_cannot_rollback_highwater (test_udp.UDPTests.test_feedback_cache_expiry_cannot_rollback_highwater) ... ok
test_feedback_sequence_reuse_for_a_different_reply_is_rejected (test_udp.UDPTests.test_feedback_sequence_reuse_for_a_different_reply_is_rejected) ... ok
test_forward_acl_bad_crc_and_oversize_do_not_allocate (test_udp.UDPTests.test_forward_acl_bad_crc_and_oversize_do_not_allocate) ... ok
test_reliable_retries_are_identical_and_periodic_control_is_not_retried (test_udp.UDPTests.test_reliable_retries_are_identical_and_periodic_control_is_not_retried) ... ok
test_reverse_acl_and_transaction_filter_ignore_foreign_feedback (test_udp.UDPTests.test_reverse_acl_and_transaction_filter_ignore_foreign_feedback) ... ok
test_source_request_waits_for_terminal_and_gateway_idle_expires_session (test_udp.UDPTests.test_source_request_waits_for_terminal_and_gateway_idle_expires_session) ... ok
test_source_tracking_capacity_is_explicit_not_misreported_as_timeout (test_udp.UDPTests.test_source_tracking_capacity_is_explicit_not_misreported_as_timeout) ... ok
test_storage_library_does_not_enable_wire_resource_consumer (test_udp.UDPTests.test_storage_library_does_not_enable_wire_resource_consumer) ... ok
test_udp_close_preserves_receiver_shutdown_records_after_socket_release (test_udp.UDPTests.test_udp_close_preserves_receiver_shutdown_records_after_socket_release) ... ok
test_all_registered_numeric_bindings_and_array_elements_are_sampled (test_waveform.WaveformTests.test_all_registered_numeric_bindings_and_array_elements_are_sampled) ... ok
test_constant_is_complete_detached_stimulus_with_no_header_or_execution_claim (test_waveform.WaveformTests.test_constant_is_complete_detached_stimulus_with_no_header_or_execution_claim) ... ok
test_direct_sampler_requires_explicit_frozen_model_identity (test_waveform.WaveformTests.test_direct_sampler_requires_explicit_frozen_model_identity) ... ok
test_fixed_array_explicit_index_all_models_and_no_mutable_alias (test_waveform.WaveformTests.test_fixed_array_explicit_index_all_models_and_no_mutable_alias) ... ok
test_peak_between_samples_is_rejected_and_valid_short_interval_is_not (test_waveform.WaveformTests.test_peak_between_samples_is_rejected_and_valid_short_interval_is_not) ... ok
test_ramp_explicit_endpoint_negative_zero_is_not_recomputed_positive (test_waveform.WaveformTests.test_ramp_explicit_endpoint_negative_zero_is_not_recomputed_positive) ... ok
test_ramp_linear_formula_internal_and_outer_end_hold (test_waveform.WaveformTests.test_ramp_linear_formula_internal_and_outer_end_hold) ... ok
test_relative_step_changes_at_elapsed_boundary_and_holds_end (test_waveform.WaveformTests.test_relative_step_changes_at_elapsed_boundary_and_holds_end) ... ok
test_sine_and_ascending_descending_chirp_use_frozen_phase_formula (test_waveform.WaveformTests.test_sine_and_ascending_descending_chirp_use_frozen_phase_formula) ... ok
test_source_audit_enforces_wave_semantics_and_exposes_all_samplers (test_waveform.WaveformTests.test_source_audit_enforces_wave_semantics_and_exposes_all_samplers) ... ok
test_source_audit_preserves_original_number_types_and_negative_zero (test_waveform.WaveformTests.test_source_audit_preserves_original_number_types_and_negative_zero) ... ok
test_strict_steps_end_overflow_and_packed_signed_zero_preserved (test_waveform.WaveformTests.test_strict_steps_end_overflow_and_packed_signed_zero_preserved) ... ok
test_ten_times_sampling_boundary_both_chirp_ends_and_long_wave_no_expansion (test_waveform.WaveformTests.test_ten_times_sampling_boundary_both_chirp_ends_and_long_wave_no_expansion) ... ok
test_unregistered_bool_feedback_wrong_model_and_bad_event_types_rejected (test_waveform.WaveformTests.test_unregistered_bool_feedback_wrong_model_and_bad_event_types_rejected) ... ok

----------------------------------------------------------------------
Ran 1101 tests in 937.334s

OK
test_all_41_plan_items_have_common_and_linux_ownership (test_development_backlog.BacklogTests.test_all_41_plan_items_have_common_and_linux_ownership) ... ok
test_removed_or_duplicated_plan_item_cannot_pass_coverage (test_development_backlog.BacklogTests.test_removed_or_duplicated_plan_item_cannot_pass_coverage) ... ok
test_stage_closeout_is_append_only_and_linux_completion_requires_evidence (test_development_backlog.BacklogTests.test_stage_closeout_is_append_only_and_linux_completion_requires_evidence) ... ok

----------------------------------------------------------------------
Ran 3 tests in 0.012s

OK
test_all_field_rows_and_management_definitions_present (test_contract_single_file.SingleFileContractTests.test_all_field_rows_and_management_definitions_present) ... ok
test_all_original_artifacts_are_embedded_byte_exact (test_contract_single_file.SingleFileContractTests.test_all_original_artifacts_are_embedded_byte_exact) ... ok
test_all_schema_references_resolve_inside_document (test_contract_single_file.SingleFileContractTests.test_all_schema_references_resolve_inside_document) ... ok
test_missing_or_corrupt_snapshot_fails_verification (test_contract_single_file.SingleFileContractTests.test_missing_or_corrupt_snapshot_fails_verification) ... ok

----------------------------------------------------------------------
Ran 4 tests in 0.146s

OK
{
  "status": "SINGLE_FILE_CONTENT_VERIFIED",
  "embedded_sources": 14,
  "resolved_schema_references": 663,
  "business_messages": 59,
  "management_commands": 25,
  "golden_vectors": 85,
  "physical_channels": 56,
  "model_bindings": 97,
  "runtime_hardware_replacement": "NOT_VERIFIED_BY_THIS_CONSOLIDATION"
}
EXIT_CODE: 0


COMMAND: & './runtime/icd-venv/Scripts/python.exe' -X utf8 -m unittest discover -s tests -p test_static_contract.py -v
test_acceptance_directory_name_and_result_are_git_traceable (test_static_contract.RuntimeContractStaticTests.test_acceptance_directory_name_and_result_are_git_traceable) ... ok
test_acceptance_refuses_wrong_target_or_unconfirmed_lifecycle_event (test_static_contract.RuntimeContractStaticTests.test_acceptance_refuses_wrong_target_or_unconfirmed_lifecycle_event) ... ok
test_acceptance_submits_complete_task_4_mission_schema (test_static_contract.RuntimeContractStaticTests.test_acceptance_submits_complete_task_4_mission_schema) ... ok
test_actuator_commands_use_contract_bound_generic_setter (test_static_contract.RuntimeContractStaticTests.test_actuator_commands_use_contract_bound_generic_setter) ... ok
test_adapter_requires_explicit_ned_contract_not_aliases (test_static_contract.RuntimeContractStaticTests.test_adapter_requires_explicit_ned_contract_not_aliases) ... ok
test_bridge_does_not_fabricate_default_mission_or_nonfinite_values (test_static_contract.RuntimeContractStaticTests.test_bridge_does_not_fabricate_default_mission_or_nonfinite_values) ... ok
test_build_request_is_controlled_and_auditable (test_static_contract.RuntimeContractStaticTests.test_build_request_is_controlled_and_auditable) ... ok
test_build_validates_generated_abi_and_emits_no_defaults (test_static_contract.RuntimeContractStaticTests.test_build_validates_generated_abi_and_emits_no_defaults) ... ok
test_core_enables_realtime_scheduler_and_memory_lock (test_static_contract.RuntimeContractStaticTests.test_core_enables_realtime_scheduler_and_memory_lock) ... ok
test_core_has_fixed_state_receipts_and_lifecycle (test_static_contract.RuntimeContractStaticTests.test_core_has_fixed_state_receipts_and_lifecycle) ... ok
test_core_reserves_capacity_for_50_route_points_plus_landing (test_static_contract.RuntimeContractStaticTests.test_core_reserves_capacity_for_50_route_points_plus_landing) ... ok
test_mission_controller_is_independent_of_generated_model_globals (test_static_contract.RuntimeContractStaticTests.test_mission_controller_is_independent_of_generated_model_globals) ... ok
test_no_model_registry_or_hot_reload_implementation (test_static_contract.RuntimeContractStaticTests.test_no_model_registry_or_hot_reload_implementation) ... ok
test_one_command_ubuntu_acceptance_runner_exists (test_static_contract.RuntimeContractStaticTests.test_one_command_ubuntu_acceptance_runner_exists) ... ok
test_production_deploy_uses_systemd_and_health_gate (test_static_contract.RuntimeContractStaticTests.test_production_deploy_uses_systemd_and_health_gate) ... ok
test_python_only_location_of_ned_to_ue4_conversion (test_static_contract.RuntimeContractStaticTests.test_python_only_location_of_ned_to_ue4_conversion) ... ok
test_runtime_ends_once_when_controller_reports_landed (test_static_contract.RuntimeContractStaticTests.test_runtime_ends_once_when_controller_reports_landed) ... ok
test_target_toolchain_and_python_dependencies_are_pinned (test_static_contract.RuntimeContractStaticTests.test_target_toolchain_and_python_dependencies_are_pinned) ... ok
test_ue4_acceptance_contract_excludes_internal_acceleration_and_rate (test_static_contract.RuntimeContractStaticTests.test_ue4_acceptance_contract_excludes_internal_acceleration_and_rate) ... ok
test_v3_fixed_wing_uses_protocol_defined_tcp_roles (test_static_contract.RuntimeContractStaticTests.test_v3_fixed_wing_uses_protocol_defined_tcp_roles) ... ok

----------------------------------------------------------------------
Ran 20 tests in 0.018s

OK
EXIT_CODE: 0


COMMAND: & './runtime/icd-venv/Scripts/python.exe' -X utf8 -m unittest discover -s tests -p test_quadrotor_model_contract.py -v
test_acceptance_fixture_uses_internal_acceleration_contract (test_quadrotor_model_contract.QuadrotorModelContractTests.test_acceptance_fixture_uses_internal_acceleration_contract) ... ok
test_builder_rejects_missing_generated_parameter_and_confines_artifacts (test_quadrotor_model_contract.QuadrotorModelContractTests.test_builder_rejects_missing_generated_parameter_and_confines_artifacts) ... ok
test_contract_declares_all_generated_tunable_abi (test_quadrotor_model_contract.QuadrotorModelContractTests.test_contract_declares_all_generated_tunable_abi) ... ok
test_contract_declares_motor_mode_internal_rate_and_state_mapping (test_quadrotor_model_contract.QuadrotorModelContractTests.test_contract_declares_motor_mode_internal_rate_and_state_mapping) ... ok
test_environment_defaults_reach_generated_external_inputs_and_takeoff (test_quadrotor_model_contract.QuadrotorModelContractTests.test_environment_defaults_reach_generated_external_inputs_and_takeoff) ... ok
test_generator_is_fixed_step_exported_global_four_rotor_plant (test_quadrotor_model_contract.QuadrotorModelContractTests.test_generator_is_fixed_step_exported_global_four_rotor_plant) ... ok
test_matlab_validators_require_internal_acceleration_contract (test_quadrotor_model_contract.QuadrotorModelContractTests.test_matlab_validators_require_internal_acceleration_contract) ... ok

----------------------------------------------------------------------
Ran 7 tests in 0.005s

OK
EXIT_CODE: 0


COMMAND: & './runtime/icd-venv/Scripts/python.exe' -X utf8 -m unittest discover -s tests -p test_parameter_registry_static.py -v
test_analysis_emits_review_only_candidate_report (test_parameter_registry_static.ParameterRegistryStaticTests.test_analysis_emits_review_only_candidate_report) ... ok
test_runtime_query_returns_contract_metadata_and_current_value (test_parameter_registry_static.ParameterRegistryStaticTests.test_runtime_query_returns_contract_metadata_and_current_value) ... ok

----------------------------------------------------------------------
Ran 2 tests in 0.001s

OK
EXIT_CODE: 0


COMMAND: & './runtime/icd-venv/Scripts/python.exe' -X utf8 -m unittest discover -s tests -p test_generic_contract_templates.py -v
test_build_emits_surface_values_only_from_explicit_v3_mapping (test_generic_contract_templates.GenericContractTemplateTests.test_build_emits_surface_values_only_from_explicit_v3_mapping) ... ok
test_declares_v3_n_motor_and_fixed_wing_template_paths (test_generic_contract_templates.GenericContractTemplateTests.test_declares_v3_n_motor_and_fixed_wing_template_paths) ... ok
test_fixed_wing_cannot_select_quadrotor_demo_controller (test_generic_contract_templates.GenericContractTemplateTests.test_fixed_wing_cannot_select_quadrotor_demo_controller) ... ok
test_fixed_wing_template_declares_v3_phase_thresholds_without_fake_surfaces (test_generic_contract_templates.GenericContractTemplateTests.test_fixed_wing_template_declares_v3_phase_thresholds_without_fake_surfaces) ... ok
test_template_covers_sensor_rates_faults_and_complex_parameters (test_generic_contract_templates.GenericContractTemplateTests.test_template_covers_sensor_rates_faults_and_complex_parameters) ... ok

----------------------------------------------------------------------
Ran 5 tests in 0.001s

OK
EXIT_CODE: 0


COMMAND: & './runtime/icd-venv/Scripts/python.exe' -X utf8 -m pip check
No broken requirements found.
EXIT_CODE: 0


COMMAND: & './runtime/icd-venv/Scripts/python.exe' -X utf8 -m compileall -q input_simulator icd_gateway icd_runtime tests/icd_gateway tests/icd_runtime scripts/test_icd_runtime.py scripts/build_contract_single_file.py
EXIT_CODE: 0


COMMAND: & './runtime/icd-venv/Scripts/python.exe' -X utf8 -m icd_runtime --contract-dir docs/interfaces/baseline --expected-sha256 22163dc21526ceadd63260b3d5670404a1064c4301e52b2a80edcf41a4fe8a27
{
  "status": "OFFLINE_CODEC_PASS",
  "baseline_sha256": "22163dc21526ceadd63260b3d5670404a1064c4301e52b2a80edcf41a4fe8a27",
  "business_messages": 59,
  "business_transport_completions": 72,
  "golden_fragments": 85,
  "video_raw_fragments": 800,
  "pending_groups": 0,
  "reserved_payload_bytes": 0,
  "runtime_network_model_hardware_replacement": "NOT_EXECUTED"
}
EXIT_CODE: 0


METADATA_BOUNDS_RED

test_actual_view_metadata_cannot_escape_bounded_immutable_evidence (test_configuration_service.ConfigurationServiceTests.test_actual_view_metadata_cannot_escape_bounded_immutable_evidence) ... 
  test_actual_view_metadata_cannot_escape_bounded_immutable_evidence (test_configuration_service.ConfigurationServiceTests.test_actual_view_metadata_cannot_escape_bounded_immutable_evidence) (field='model_id') ... FAIL
  test_actual_view_metadata_cannot_escape_bounded_immutable_evidence (test_configuration_service.ConfigurationServiceTests.test_actual_view_metadata_cannot_escape_bounded_immutable_evidence) (field='state') ... FAIL
  test_actual_view_metadata_cannot_escape_bounded_immutable_evidence (test_configuration_service.ConfigurationServiceTests.test_actual_view_metadata_cannot_escape_bounded_immutable_evidence) (field='control_source') ... FAIL

======================================================================
FAIL: test_actual_view_metadata_cannot_escape_bounded_immutable_evidence (test_configuration_service.ConfigurationServiceTests.test_actual_view_metadata_cannot_escape_bounded_immutable_evidence) (field='model_id')
----------------------------------------------------------------------
Traceback (most recent call last):
  File "C:\Users\裴鹏飞\Desktop\hil_simulation\tests\icd_gateway\test_configuration_service.py", line 351, in test_actual_view_metadata_cannot_escape_bounded_immutable_evidence
    self.rejects('SCHEMA',lambda:replace(sample,view=view))
  File "C:\Users\裴鹏飞\Desktop\hil_simulation\tests\icd_gateway\common.py", line 24, in rejects
    with self.assertRaises(ICDError) as error:
         ^^^^^^^^^^^^^^^^^^^^^^^^^^^
AssertionError: ICDError not raised

======================================================================
FAIL: test_actual_view_metadata_cannot_escape_bounded_immutable_evidence (test_configuration_service.ConfigurationServiceTests.test_actual_view_metadata_cannot_escape_bounded_immutable_evidence) (field='state')
----------------------------------------------------------------------
Traceback (most recent call last):
  File "C:\Users\裴鹏飞\Desktop\hil_simulation\tests\icd_gateway\test_configuration_service.py", line 351, in test_actual_view_metadata_cannot_escape_bounded_immutable_evidence
    self.rejects('SCHEMA',lambda:replace(sample,view=view))
  File "C:\Users\裴鹏飞\Desktop\hil_simulation\tests\icd_gateway\common.py", line 24, in rejects
    with self.assertRaises(ICDError) as error:
         ^^^^^^^^^^^^^^^^^^^^^^^^^^^
AssertionError: ICDError not raised

======================================================================
FAIL: test_actual_view_metadata_cannot_escape_bounded_immutable_evidence (test_configuration_service.ConfigurationServiceTests.test_actual_view_metadata_cannot_escape_bounded_immutable_evidence) (field='control_source')
----------------------------------------------------------------------
Traceback (most recent call last):
  File "C:\Users\裴鹏飞\Desktop\hil_simulation\tests\icd_gateway\test_configuration_service.py", line 351, in test_actual_view_metadata_cannot_escape_bounded_immutable_evidence
    self.rejects('SCHEMA',lambda:replace(sample,view=view))
  File "C:\Users\裴鹏飞\Desktop\hil_simulation\tests\icd_gateway\common.py", line 24, in rejects
    with self.assertRaises(ICDError) as error:
         ^^^^^^^^^^^^^^^^^^^^^^^^^^^
AssertionError: ICDError not raised

----------------------------------------------------------------------
Ran 1 test in 0.614s

FAILED (failures=3)
EXIT_CODE: 1

FINAL_FIXED_SOURCE_RELATED_VERIFICATION

COMMAND: & './runtime/icd-venv/Scripts/python.exe' -X utf8 -m unittest discover -s tests/icd_gateway -p test_configuration_service.py -v
test_actual_udp_source_receives_original_configuration_consumer_applied (test_configuration_service.ConfigurationServiceTests.test_actual_udp_source_receives_original_configuration_consumer_applied) ... ok
test_actual_view_metadata_cannot_escape_bounded_immutable_evidence (test_configuration_service.ConfigurationServiceTests.test_actual_view_metadata_cannot_escape_bounded_immutable_evidence) ... ok
test_applied_configuration_state_and_input_readback_must_match_every_field (test_configuration_service.ConfigurationServiceTests.test_applied_configuration_state_and_input_readback_must_match_every_field) ... ok
test_busy_status_cannot_partially_close_installed_configuration_service (test_configuration_service.ConfigurationServiceTests.test_busy_status_cannot_partially_close_installed_configuration_service) ... ok
test_byte_budget_refuses_before_read_and_write (test_configuration_service.ConfigurationServiceTests.test_byte_budget_refuses_before_read_and_write) ... ok
test_complete_three_model_receipts_on_frozen_udp_transport (test_configuration_service.ConfigurationServiceTests.test_complete_three_model_receipts_on_frozen_udp_transport) ... ok
test_configuration_keeps_frozen_udp_only_transport (test_configuration_service.ConfigurationServiceTests.test_configuration_keeps_frozen_udp_only_transport) ... ok
test_context_and_receipt_are_strict_immutable_bounded_samples (test_configuration_service.ConfigurationServiceTests.test_context_and_receipt_are_strict_immutable_bounded_samples) ... ok
test_context_expiry_during_getter_cannot_write (test_configuration_service.ConfigurationServiceTests.test_context_expiry_during_getter_cannot_write) ... ok
test_context_from_another_requested_terrain_or_point_cannot_write (test_configuration_service.ConfigurationServiceTests.test_context_from_another_requested_terrain_or_point_cannot_write) ... ok
test_context_request_and_maximum_failed_receipt_are_reserved_before_getter (test_configuration_service.ConfigurationServiceTests.test_context_request_and_maximum_failed_receipt_are_reserved_before_getter) ... ok
test_default_receiver_does_not_publish_or_apply_configuration (test_configuration_service.ConfigurationServiceTests.test_default_receiver_does_not_publish_or_apply_configuration) ... ok
test_exact_retry_keeps_original_terminal_feedback_without_read_write_or_renewal (test_configuration_service.ConfigurationServiceTests.test_exact_retry_keeps_original_terminal_feedback_without_read_write_or_renewal) ... ok
test_failed_maximum_receipt_reservation_cannot_exceed_history_budget (test_configuration_service.ConfigurationServiceTests.test_failed_maximum_receipt_reservation_cannot_exceed_history_budget) ... ok
test_feedback_counter_limit_refuses_write (test_configuration_service.ConfigurationServiceTests.test_feedback_counter_limit_refuses_write) ... ok
test_forged_direct_configuration_completion_is_refused_outside_original_operation (test_configuration_service.ConfigurationServiceTests.test_forged_direct_configuration_completion_is_refused_outside_original_operation) ... ok
test_history_reservation_precedes_getter_and_preserves_first_record (test_configuration_service.ConfigurationServiceTests.test_history_reservation_precedes_getter_and_preserves_first_record) ... ok
test_installed_capability_is_only_consumer_not_hardware_qualification (test_configuration_service.ConfigurationServiceTests.test_installed_capability_is_only_consumer_not_hardware_qualification) ... ok
test_invalid_raw_readback_is_retained_and_failure_retry_never_rewrites (test_configuration_service.ConfigurationServiceTests.test_invalid_raw_readback_is_retained_and_failure_retry_never_rewrites) ... ok
test_invalid_semantics_reject_before_write_and_keep_context (test_configuration_service.ConfigurationServiceTests.test_invalid_semantics_reject_before_write_and_keep_context) ... ok
test_late_or_throwing_writer_retains_completion_without_claiming_no_effect (test_configuration_service.ConfigurationServiceTests.test_late_or_throwing_writer_retains_completion_without_claiming_no_effect) ... ok
test_missing_backend_and_unhashable_model_ids_are_typed_errors (test_configuration_service.ConfigurationServiceTests.test_missing_backend_and_unhashable_model_ids_are_typed_errors) ... ok
test_ordinary_session_layer_still_cannot_forge_consumer_applied (test_configuration_service.ConfigurationServiceTests.test_ordinary_session_layer_still_cannot_forge_consumer_applied) ... ok
test_owner_replacement_after_context_read_refuses_before_write (test_configuration_service.ConfigurationServiceTests.test_owner_replacement_after_context_read_refuses_before_write) ... ok
test_real_model_queue_pending_inputs_are_not_silently_discarded_for_configuration (test_configuration_service.ConfigurationServiceTests.test_real_model_queue_pending_inputs_are_not_silently_discarded_for_configuration) ... ok
test_receipt_state_control_boundary_and_future_sampling_fail_closed (test_configuration_service.ConfigurationServiceTests.test_receipt_state_control_boundary_and_future_sampling_fail_closed) ... ok
test_requested_terrain_origin_and_initial_point_reach_getter_before_write (test_configuration_service.ConfigurationServiceTests.test_requested_terrain_origin_and_initial_point_reach_getter_before_write) ... ok
test_throwing_getter_retains_original_error_and_actual_completion_without_write (test_configuration_service.ConfigurationServiceTests.test_throwing_getter_retains_original_error_and_actual_completion_without_write) ... ok
test_unsafe_initial_input_and_unresolved_terrain_cannot_write (test_configuration_service.ConfigurationServiceTests.test_unsafe_initial_input_and_unresolved_terrain_cannot_write) ... ok
test_wrong_original_request_or_receipt_identity_cannot_mint_applied (test_configuration_service.ConfigurationServiceTests.test_wrong_original_request_or_receipt_identity_cannot_mint_applied) ... ok

----------------------------------------------------------------------
Ran 30 tests in 19.167s

OK
EXIT_CODE: 0

COMMAND: & './runtime/icd-venv/Scripts/python.exe' -X utf8 -m unittest discover -s tests/icd_gateway -p test_status_service.py -v
test_actual_udp_receiver_status_feeds_original_source_clock_and_reader (test_status_service.StatusServiceTests.test_actual_udp_receiver_status_feeds_original_source_clock_and_reader) ... ok
test_all_frozen_models_and_new_sid_allow_new_model_epoch_without_reusing_old_floor (test_status_service.StatusServiceTests.test_all_frozen_models_and_new_sid_allow_new_model_epoch_without_reusing_old_floor) ... ok
test_all_twelve_fields_required_exact_types_and_unknown_fields_rejected (test_status_service.StatusServiceTests.test_all_twelve_fields_required_exact_types_and_unknown_fields_rejected) ... ok
test_backend_error_and_untyped_sample_never_create_status_or_application (test_status_service.StatusServiceTests.test_backend_error_and_untyped_sample_never_create_status_or_application) ... ok
test_backend_returns_after_lease_expiry_no_status_or_stale_ack_is_minted (test_status_service.StatusServiceTests.test_backend_returns_after_lease_expiry_no_status_or_stale_ack_is_minted) ... ok
test_direct_service_requires_original_admission_and_typed_request (test_status_service.StatusServiceTests.test_direct_service_requires_original_admission_and_typed_request) ... ok
test_failed_open_after_field_validation_retries_original_error_without_read (test_status_service.StatusServiceTests.test_failed_open_after_field_validation_retries_original_error_without_read) ... ok
test_failed_open_snapshot_retained_no_grant_and_exact_attempt_not_resampled (test_status_service.StatusServiceTests.test_failed_open_snapshot_retained_no_grant_and_exact_attempt_not_resampled) ... ok
test_finite_evidence_reservation_refuses_before_backend_read (test_status_service.StatusServiceTests.test_finite_evidence_reservation_refuses_before_backend_read) ... ok
test_full_pending_retry_cache_rejects_open_before_read_or_sid_allocation (test_status_service.StatusServiceTests.test_full_pending_retry_cache_rejects_open_before_read_or_sid_allocation) ... ok
test_immutable_sample_strict_time_and_byte_bounds (test_status_service.StatusServiceTests.test_immutable_sample_strict_time_and_byte_bounds) ... ok
test_installed_backend_open_grant_uses_actual_model_step_not_interface_origin (test_status_service.StatusServiceTests.test_installed_backend_open_grant_uses_actual_model_step_not_interface_origin) ... ok
test_no_backend_can_be_created_or_implicitly_enabled (test_status_service.StatusServiceTests.test_no_backend_can_be_created_or_implicitly_enabled) ... ok
test_only_installed_status_capability_is_published_without_model_ready_claims (test_status_service.StatusServiceTests.test_only_installed_status_capability_is_published_without_model_ready_claims) ... ok
test_open_invalid_context_freshness_type_or_backend_failure_never_allocates (test_status_service.StatusServiceTests.test_open_invalid_context_freshness_type_or_backend_failure_never_allocates) ... ok
test_open_outliving_request_never_grants_even_with_fresh_model_sample (test_status_service.StatusServiceTests.test_open_outliving_request_never_grants_even_with_fresh_model_sample) ... ok
test_open_retry_preserves_original_grant_and_sample_without_new_sid (test_status_service.StatusServiceTests.test_open_retry_preserves_original_grant_and_sample_without_new_sid) ... ok
test_opening_sample_seeds_same_sid_model_floor_before_first_heartbeat (test_status_service.StatusServiceTests.test_opening_sample_seeds_same_sid_model_floor_before_first_heartbeat) ... ok
test_original_retry_uses_identical_cached_status_without_resampling_or_renewal (test_status_service.StatusServiceTests.test_original_retry_uses_identical_cached_status_without_resampling_or_renewal) ... ok
test_original_sample_identity_all_context_fields_must_match (test_status_service.StatusServiceTests.test_original_sample_identity_all_context_fields_must_match) ... ok
test_preview_open_checks_identity_roles_nonce_and_capacity_without_allocation (test_status_service.StatusServiceTests.test_preview_open_checks_identity_roles_nonce_and_capacity_without_allocation) ... ok
test_reentrant_backend_and_closed_service_do_not_lose_original_records (test_status_service.StatusServiceTests.test_reentrant_backend_and_closed_service_do_not_lose_original_records) ... ok
test_same_receiver_registry_and_backend_identity_cannot_be_replaced (test_status_service.StatusServiceTests.test_same_receiver_registry_and_backend_identity_cannot_be_replaced) ... ok
test_same_sid_model_step_and_sample_time_cannot_regress (test_status_service.StatusServiceTests.test_same_sid_model_step_and_sample_time_cannot_regress) ... ok
test_slow_backend_snapshot_expiry_is_checked_at_actual_completion_not_ingress (test_status_service.StatusServiceTests.test_slow_backend_snapshot_expiry_is_checked_at_actual_completion_not_ingress) ... ok
test_slow_open_allocates_lease_and_caches_reply_at_actual_completion (test_status_service.StatusServiceTests.test_slow_open_allocates_lease_and_caches_reply_at_actual_completion) ... ok
test_snapshot_half_open_deadline_future_and_frozen_240ms_freshness (test_status_service.StatusServiceTests.test_snapshot_half_open_deadline_future_and_frozen_240ms_freshness) ... ok
test_standard_heartbeat_status_exact_payload_and_original_correlation (test_status_service.StatusServiceTests.test_standard_heartbeat_status_exact_payload_and_original_correlation) ... ok
test_throwing_backend_retains_actual_completion_time_and_does_not_ack_expired_sid (test_status_service.StatusServiceTests.test_throwing_backend_retains_actual_completion_time_and_does_not_ack_expired_sid) ... ok

----------------------------------------------------------------------
Ran 29 tests in 6883.200s

OK
EXIT_CODE: 0

COMMAND: & './runtime/icd-venv/Scripts/python.exe' -X utf8 -m unittest discover -s tests/icd_gateway -p test_receiver.py -v
test_acl_role_and_expiry_checks_precede_reassembly (test_receiver.ReceiverTests.test_acl_role_and_expiry_checks_precede_reassembly) ... ok
test_bad_open_identity_has_zero_session_failed_ack (test_receiver.ReceiverTests.test_bad_open_identity_has_zero_session_failed_ack) ... ok
test_common_receiver_exists (test_receiver.ReceiverTests.test_common_receiver_exists) ... ok
test_complete_retry_reemits_same_feedback_without_second_admission (test_receiver.ReceiverTests.test_complete_retry_reemits_same_feedback_without_second_admission) ... ok
test_different_value_reusing_sequence_is_failed_duplicate (test_receiver.ReceiverTests.test_different_value_reusing_sequence_is_failed_duplicate) ... ok
test_interleaved_fragmented_opens_are_isolated_by_authorized_grant (test_receiver.ReceiverTests.test_interleaved_fragmented_opens_are_isolated_by_authorized_grant) ... ok
test_missing_consumer_has_received_then_failed_and_no_application (test_receiver.ReceiverTests.test_missing_consumer_has_received_then_failed_and_no_application) ... ok
test_open_is_source_transparent_and_does_not_claim_model_readiness (test_receiver.ReceiverTests.test_open_is_source_transparent_and_does_not_claim_model_readiness) ... ok
test_partial_groups_expire_even_without_traffic_and_session_shutdown_frees (test_receiver.ReceiverTests.test_partial_groups_expire_even_without_traffic_and_session_shutdown_frees) ... ok

----------------------------------------------------------------------
Ran 9 tests in 5.160s

OK
EXIT_CODE: 0

COMMAND: & './runtime/icd-venv/Scripts/python.exe' -X utf8 -m unittest discover -s tests/icd_gateway -p test_session.py -v
test_common_gateway_package_exists (test_session.AvailabilityTests.test_common_gateway_package_exists) ... ok
test_actual_8192_retry_cache_eviction_preserves_high_water_mark (test_session.SessionTests.test_actual_8192_retry_cache_eviction_preserves_high_water_mark) ... ok
test_cache_expiry_does_not_reset_session_sequence (test_session.SessionTests.test_cache_expiry_does_not_reset_session_sequence) ... ok
test_capacity_and_pending_duplicate_never_allocate_second_session (test_session.SessionTests.test_capacity_and_pending_duplicate_never_allocate_second_session) ... ok
test_cross_link_complete_duplicate_replays_original_failure_once (test_session.SessionTests.test_cross_link_complete_duplicate_replays_original_failure_once) ... ok
test_duplicate_complete_grant_identity_cannot_split_session_ownership (test_session.SessionTests.test_duplicate_complete_grant_identity_cannot_split_session_ownership) ... ok
test_expired_or_revoked_session_cannot_write_and_ids_are_not_reused (test_session.SessionTests.test_expired_or_revoked_session_cannot_write_and_ids_are_not_reused) ... ok
test_feedback_counter_and_response_bounds (test_session.SessionTests.test_feedback_counter_and_response_bounds) ... ok
test_fixed_lease_and_only_fresh_heartbeat_renewal (test_session.SessionTests.test_fixed_lease_and_only_fresh_heartbeat_renewal) ... ok
test_grants_and_request_identity_are_not_mutable_aliases (test_session.SessionTests.test_grants_and_request_identity_are_not_mutable_aliases) ... ok
test_open_requires_exact_identity_and_granted_roles (test_session.SessionTests.test_open_requires_exact_identity_and_granted_roles) ... ok
test_same_sequence_different_value_or_transaction_is_rejected (test_session.SessionTests.test_same_sequence_different_value_or_transaction_is_rejected) ... ok
test_unregistered_link_and_role_rejected_before_fragment_allocation (test_session.SessionTests.test_unregistered_link_and_role_rejected_before_fragment_allocation) ... ok

----------------------------------------------------------------------
Ran 13 tests in 17.932s

OK
EXIT_CODE: 0

COMMAND: & './runtime/icd-venv/Scripts/python.exe' -X utf8 -m unittest discover -s tests/icd_gateway -p test_udp.py -v
test_actual_socket_open_fragmented_input_and_cached_failure_feedback (test_udp.UDPTests.test_actual_socket_open_fragmented_input_and_cached_failure_feedback) ... ok
test_actual_udp_idle_poll_releases_owned_queue_without_model_execution (test_udp.UDPTests.test_actual_udp_idle_poll_releases_owned_queue_without_model_execution) ... ok
test_actual_wire_cleanup_remains_failure_until_all_real_consumers_exist (test_udp.UDPTests.test_actual_wire_cleanup_remains_failure_until_all_real_consumers_exist) ... ok
test_common_udp_and_source_packages_exist (test_udp.UDPTests.test_common_udp_and_source_packages_exist) ... ok
test_defined_port_roles_36100_36101_36102_use_actual_sockets (test_udp.UDPTests.test_defined_port_roles_36100_36101_36102_use_actual_sockets) ... ok
test_feedback_cache_expiry_cannot_rollback_highwater (test_udp.UDPTests.test_feedback_cache_expiry_cannot_rollback_highwater) ... ok
test_feedback_sequence_reuse_for_a_different_reply_is_rejected (test_udp.UDPTests.test_feedback_sequence_reuse_for_a_different_reply_is_rejected) ... ok
test_forward_acl_bad_crc_and_oversize_do_not_allocate (test_udp.UDPTests.test_forward_acl_bad_crc_and_oversize_do_not_allocate) ... ok
test_reliable_retries_are_identical_and_periodic_control_is_not_retried (test_udp.UDPTests.test_reliable_retries_are_identical_and_periodic_control_is_not_retried) ... ok
test_reverse_acl_and_transaction_filter_ignore_foreign_feedback (test_udp.UDPTests.test_reverse_acl_and_transaction_filter_ignore_foreign_feedback) ... ok
test_source_request_waits_for_terminal_and_gateway_idle_expires_session (test_udp.UDPTests.test_source_request_waits_for_terminal_and_gateway_idle_expires_session) ... ok
test_source_tracking_capacity_is_explicit_not_misreported_as_timeout (test_udp.UDPTests.test_source_tracking_capacity_is_explicit_not_misreported_as_timeout) ... ok
test_storage_library_does_not_enable_wire_resource_consumer (test_udp.UDPTests.test_storage_library_does_not_enable_wire_resource_consumer) ... ok
test_udp_close_preserves_receiver_shutdown_records_after_socket_release (test_udp.UDPTests.test_udp_close_preserves_receiver_shutdown_records_after_socket_release) ... ok

----------------------------------------------------------------------
Ran 14 tests in 11.108s

OK
EXIT_CODE: 0

COMMAND: & './runtime/icd-venv/Scripts/python.exe' -X utf8 -m unittest discover -s tests/icd_gateway -p test_source_session.py -v
test_real_grant_header_feeds_replay_and_actual_resource_exchange (test_source_session.ActualResourceSessionTests.test_real_grant_header_feeds_replay_and_actual_resource_exchange) ... WARNING: No libpcap provider available ! pcap won't be used
ok
test_claim_blocks_manual_tx_and_feedback_read_after_construction (test_source_session.ActualSourceSessionTests.test_claim_blocks_manual_tx_and_feedback_read_after_construction) ... ok
test_opening_transaction_follows_prior_manual_transport_use (test_source_session.ActualSourceSessionTests.test_opening_transaction_follows_prior_manual_transport_use) ... ok
test_real_receiver_grant_used_and_missing_capability_stops_before_tx (test_source_session.ActualSourceSessionTests.test_real_receiver_grant_used_and_missing_capability_stops_before_tx) ... ok
test_real_receiver_rejects_wrong_identity_without_local_grant (test_source_session.ActualSourceSessionTests.test_real_receiver_rejects_wrong_identity_without_local_grant) ... ok
test_real_transport_rejects_new_manager_and_delayed_old_grant (test_source_session.ActualSourceSessionTests.test_real_transport_rejects_new_manager_and_delayed_old_grant) ... ok
test_clock_status_nonce_and_request_type_are_correlated (test_source_session.FeedbackCorrelationTests.test_clock_status_nonce_and_request_type_are_correlated) ... ok
test_status_is_only_a_heartbeat_response (test_source_session.FeedbackCorrelationTests.test_status_is_only_a_heartbeat_response) ... ok
test_unrelated_status_clock_feedback_is_not_an_ack (test_source_session.FeedbackCorrelationTests.test_unrelated_status_clock_feedback_is_not_an_ack) ... ok
test_backward_or_bool_source_mono_is_rejected_without_send (test_source_session.SourceSessionTests.test_backward_or_bool_source_mono_is_rejected_without_send) ... ok
test_bad_target_and_counter_wrap_reject (test_source_session.SourceSessionTests.test_bad_target_and_counter_wrap_reject) ... ok
test_clock_failure_after_reply_keeps_untrusted_exchange_record (test_source_session.SourceSessionTests.test_clock_failure_after_reply_keeps_untrusted_exchange_record) ... ok
test_conservative_lease_starts_before_exchange_not_on_late_reply (test_source_session.SourceSessionTests.test_conservative_lease_starts_before_exchange_not_on_late_reply) ... ok
test_explicit_transaction_reservation_never_collides_with_auto_counter (test_source_session.SourceSessionTests.test_explicit_transaction_reservation_never_collides_with_auto_counter) ... ok
test_failed_heartbeat_and_ordinary_feedback_do_not_renew_lease (test_source_session.SourceSessionTests.test_failed_heartbeat_and_ordinary_feedback_do_not_renew_lease) ... ok
test_heartbeat_uses_actual_last_feedback_and_explicit_sender_step (test_source_session.SourceSessionTests.test_heartbeat_uses_actual_last_feedback_and_explicit_sender_step) ... ok
test_invalid_constructor_limits_identity_and_roles_reject (test_source_session.SourceSessionTests.test_invalid_constructor_limits_identity_and_roles_reject) ... ok
test_invalid_payload_does_not_consume_sequence_or_send (test_source_session.SourceSessionTests.test_invalid_payload_does_not_consume_sequence_or_send) ... ok
test_local_abandon_is_not_a_remote_close_reset_or_clear_queues (test_source_session.SourceSessionTests.test_local_abandon_is_not_a_remote_close_reset_or_clear_queues) ... ok
test_one_counter_owner_per_transport_even_after_local_close (test_source_session.SourceSessionTests.test_one_counter_owner_per_transport_even_after_local_close) ... ok
test_open_after_the_entire_lease_cannot_create_a_live_local_session (test_source_session.SourceSessionTests.test_open_after_the_entire_lease_cannot_create_a_live_local_session) ... ok
test_open_captures_actual_grant_and_allocates_global_fresh_headers (test_source_session.SourceSessionTests.test_open_captures_actual_grant_and_allocates_global_fresh_headers) ... ok
test_open_validates_both_baselines_roles_sid_and_model (test_source_session.SourceSessionTests.test_open_validates_both_baselines_roles_sid_and_model) ... ok
test_record_capacity_rejects_before_send_and_drain_does_not_clear_session (test_source_session.SourceSessionTests.test_record_capacity_rejects_before_send_and_drain_does_not_clear_session) ... ok
test_records_and_capabilities_are_immutable_detached (test_source_session.SourceSessionTests.test_records_and_capabilities_are_immutable_detached) ... ok
test_reopen_requires_explicit_local_abandon_and_never_reuses_nonce_or_sid (test_source_session.SourceSessionTests.test_reopen_requires_explicit_local_abandon_and_never_reuses_nonce_or_sid) ... ok
test_request_keeps_real_failed_feedback_without_manufacturing_stage (test_source_session.SourceSessionTests.test_request_keeps_real_failed_feedback_without_manufacturing_stage) ... ok
test_request_payload_detaches_from_callers_during_transport_exchange (test_source_session.SourceSessionTests.test_request_payload_detaches_from_callers_during_transport_exchange) ... ok
test_roles_capability_and_model_are_checked_before_allocation (test_source_session.SourceSessionTests.test_roles_capability_and_model_are_checked_before_allocation) ... ok
test_session_module_exists (test_source_session.SourceSessionTests.test_session_module_exists) ... ok
test_transport_timeout_is_recorded_without_faking_response_or_session (test_source_session.SourceSessionTests.test_transport_timeout_is_recorded_without_faking_response_or_session) ... ok

----------------------------------------------------------------------
Ran 31 tests in 6.280s

OK
EXIT_CODE: 0

COMMAND: & './runtime/icd-venv/Scripts/python.exe' -X utf8 -m unittest discover -s tests/icd_gateway -p test_resource_udp.py -v
test_actual_chunk_hash_error_is_storage_not_application_failure (test_resource_udp.ResourceUDPTests.test_actual_chunk_hash_error_is_storage_not_application_failure) ... ok
test_actual_multichunk_udp_file_and_capabilities (test_resource_udp.ResourceUDPTests.test_actual_multichunk_udp_file_and_capabilities) ... ok
test_bounded_records_leave_original_worker_results_until_drain (test_resource_udp.ResourceUDPTests.test_bounded_records_leave_original_worker_results_until_drain) ... ok
test_capacity_failure_has_no_second_original_job (test_resource_udp.ResourceUDPTests.test_capacity_failure_has_no_second_original_job) ... ok
test_changed_duplicate_never_creates_a_new_job (test_resource_udp.ResourceUDPTests.test_changed_duplicate_never_creates_a_new_job) ... ok
test_idle_feedback_and_terminal_duplicate_keep_original_result (test_resource_udp.ResourceUDPTests.test_idle_feedback_and_terminal_duplicate_keep_original_result) ... ok
test_model_and_terrain_do_not_bypass_missing_actual_state_gate (test_resource_udp.ResourceUDPTests.test_model_and_terrain_do_not_bypass_missing_actual_state_gate) ... ok
test_pending_duplicate_and_retire_do_not_block_on_actual_file_io (test_resource_udp.ResourceUDPTests.test_pending_duplicate_and_retire_do_not_block_on_actual_file_io) ... ok
test_retired_result_retained_without_live_session_feedback (test_resource_udp.ResourceUDPTests.test_retired_result_retained_without_live_session_feedback) ... ok

----------------------------------------------------------------------
Ran 9 tests in 5.917s

OK
EXIT_CODE: 0

COMMAND: & './runtime/icd-venv/Scripts/python.exe' -X utf8 -m unittest discover -s tests/icd_gateway -p test_resource_worker.py -v
test_actual_udp_overhead_and_no_burst_reservations (test_resource_worker.ResourceBudgetTests.test_actual_udp_overhead_and_no_burst_reservations) ... ok
test_background_rate_cannot_exceed_frozen_policy (test_resource_worker.ResourceBudgetTests.test_background_rate_cannot_exceed_frozen_policy) ... ok
test_background_wire_budget_exists (test_resource_worker.ResourceBudgetTests.test_background_wire_budget_exists) ... ok
test_actual_background_file_and_original_outcome (test_resource_worker.ResourceWorkerTests.test_actual_background_file_and_original_outcome) ... ok
test_actual_background_worker_exists (test_resource_worker.ResourceWorkerTests.test_actual_background_worker_exists) ... ok
test_cancelled_session_cleans_actual_staging_and_keeps_originals (test_resource_worker.ResourceWorkerTests.test_cancelled_session_cleans_actual_staging_and_keeps_originals) ... ok
test_cleanup_failure_shutdown_preserves_aborted_and_unfinished_originals (test_resource_worker.ResourceWorkerTests.test_cleanup_failure_shutdown_preserves_aborted_and_unfinished_originals) ... ok
test_expired_nonfinal_write_aborts_only_its_owned_resource (test_resource_worker.ResourceWorkerTests.test_expired_nonfinal_write_aborts_only_its_owned_resource) ... ok
test_failed_thread_start_releases_owned_root_and_does_not_attach_worker (test_resource_worker.ResourceWorkerTests.test_failed_thread_start_releases_owned_root_and_does_not_attach_worker) ... ok
test_foreign_expired_same_hash_job_does_not_kill_worker_or_abort_owner (test_resource_worker.ResourceWorkerTests.test_foreign_expired_same_hash_job_does_not_kill_worker_or_abort_owner) ... ok
test_future_wire_budget_rejection_never_claims_or_mutates_original (test_resource_worker.ResourceWorkerTests.test_future_wire_budget_rejection_never_claims_or_mutates_original) ... ok
test_invalid_worker_limits_are_rejected_before_lifetime_claim (test_resource_worker.ResourceWorkerTests.test_invalid_worker_limits_are_rejected_before_lifetime_claim) ... ok
test_original_message_byte_capacity_and_invalid_limits (test_resource_worker.ResourceWorkerTests.test_original_message_byte_capacity_and_invalid_limits) ... ok
test_original_request_cannot_be_claimed_twice (test_resource_worker.ResourceWorkerTests.test_original_request_cannot_be_claimed_twice) ... ok
test_registry_close_waits_for_owned_worker_and_retains_shutdown (test_resource_worker.ResourceWorkerTests.test_registry_close_waits_for_owned_worker_and_retains_shutdown) ... ok
test_registry_retire_cancels_owned_upload_without_manual_worker_sync (test_resource_worker.ResourceWorkerTests.test_registry_retire_cancels_owned_upload_without_manual_worker_sync) ... ok
test_restricted_resource_submit_requires_actual_model_state_before_claim (test_resource_worker.ResourceWorkerTests.test_restricted_resource_submit_requires_actual_model_state_before_claim) ... ok
test_result_capacity_is_reserved_until_released (test_resource_worker.ResourceWorkerTests.test_result_capacity_is_reserved_until_released) ... ok
test_store_has_one_worker_lifetime_and_no_caller_file_io (test_resource_worker.ResourceWorkerTests.test_store_has_one_worker_lifetime_and_no_caller_file_io) ... ok
test_timed_out_abort_drain_can_be_retried_without_losing_originals (test_resource_worker.ResourceWorkerTests.test_timed_out_abort_drain_can_be_retried_without_losing_originals) ... ok

----------------------------------------------------------------------
Ran 20 tests in 13.045s

OK
EXIT_CODE: 0

COMMAND: & './runtime/icd-venv/Scripts/python.exe' -X utf8 -m unittest discover -s tests/icd_gateway -p test_retirement.py -v
test_both_messages_require_all_nine_operations_and_no_success_is_claimed (test_retirement.CleanupGuardTests.test_both_messages_require_all_nine_operations_and_no_success_is_claimed) ... ok
test_cleanup_accepts_safety_boundary_in_all_states_including_failed (test_retirement.CleanupGuardTests.test_cleanup_accepts_safety_boundary_in_all_states_including_failed) ... ok
test_false_missing_extra_and_non_boolean_cleanup_fields_are_rejected (test_retirement.CleanupGuardTests.test_false_missing_extra_and_non_boolean_cleanup_fields_are_rejected) ... ok
test_model_cleanup_running_and_frozen_targets_obey_actual_boundary (test_retirement.CleanupGuardTests.test_model_cleanup_running_and_frozen_targets_obey_actual_boundary) ... ok
test_session_close_preserves_each_explicit_reason_and_rejects_other_messages (test_retirement.CleanupGuardTests.test_session_close_preserves_each_explicit_reason_and_rejects_other_messages) ... ok
test_session_close_uses_actual_service_boundary_not_future_or_late_header_target (test_retirement.CleanupGuardTests.test_session_close_uses_actual_service_boundary_not_future_or_late_header_target) ... ok
test_failed_maintenance_clock_preflight_does_not_delete_any_resource (test_retirement.RetirementTests.test_failed_maintenance_clock_preflight_does_not_delete_any_resource) ... ok
test_idle_queue_maintenance_preserves_original_rejections_and_other_session (test_retirement.RetirementTests.test_idle_queue_maintenance_preserves_original_rejections_and_other_session) ... ok
test_idle_revoke_releases_fragments_even_without_pending_model_input (test_retirement.RetirementTests.test_idle_revoke_releases_fragments_even_without_pending_model_input) ... ok
test_implicit_ingress_maintenance_keeps_original_rejection_until_drained (test_retirement.RetirementTests.test_implicit_ingress_maintenance_keeps_original_rejection_until_drained) ... ok
test_inactive_cleanup_preserves_pending_pre_session_zero_until_shutdown (test_retirement.RetirementTests.test_inactive_cleanup_preserves_pending_pre_session_zero_until_shutdown) ... ok
test_maintenance_capacity_is_local_strict_and_cannot_expand_protocol_limits (test_retirement.RetirementTests.test_maintenance_capacity_is_local_strict_and_cannot_expand_protocol_limits) ... ok
test_maintenance_mailbox_full_refuses_deletion_until_prior_records_drained (test_retirement.RetirementTests.test_maintenance_mailbox_full_refuses_deletion_until_prior_records_drained) ... ok
test_maintenance_preview_is_read_only_and_its_sessions_are_strict (test_retirement.RetirementTests.test_maintenance_preview_is_read_only_and_its_sessions_are_strict) ... ok
test_reassembler_inactive_filter_is_strict_and_clear_preserves_clock (test_retirement.RetirementTests.test_reassembler_inactive_filter_is_strict_and_clear_preserves_clock) ... ok
test_receiver_close_clears_revoked_fragments_and_returns_all_original_inputs (test_retirement.RetirementTests.test_receiver_close_clears_revoked_fragments_and_returns_all_original_inputs) ... ok
test_receiver_idle_expiry_releases_queue_without_a_model_step (test_retirement.RetirementTests.test_receiver_idle_expiry_releases_queue_without_a_model_step) ... ok
test_receiver_retirement_releases_only_named_fragments_and_queue (test_retirement.RetirementTests.test_receiver_retirement_releases_only_named_fragments_and_queue) ... ok
test_registry_shutdown_returns_discarded_inputs_and_is_permanent (test_retirement.RetirementTests.test_registry_shutdown_returns_discarded_inputs_and_is_permanent) ... ok
test_registry_without_model_queue_retirement_and_maintenance_still_work (test_retirement.RetirementTests.test_registry_without_model_queue_retirement_and_maintenance_still_work) ... ok
test_retired_feedback_is_retained_but_cannot_admit_retry_or_open_again (test_retirement.RetirementTests.test_retired_feedback_is_retained_but_cannot_admit_retry_or_open_again) ... ok
test_retirement_identity_is_strict_and_cannot_delete_another_session (test_retirement.RetirementTests.test_retirement_identity_is_strict_and_cannot_delete_another_session) ... ok
test_retirement_preserves_model_step_and_does_not_reclaim_old_admission (test_retirement.RetirementTests.test_retirement_preserves_model_step_and_does_not_reclaim_old_admission) ... ok
test_retirement_releases_only_its_owned_queue_and_retains_original_input (test_retirement.RetirementTests.test_retirement_releases_only_its_owned_queue_and_retains_original_input) ... ok
test_shutdown_inputs_survive_implicit_close_and_can_be_drained_once (test_retirement.RetirementTests.test_shutdown_inputs_survive_implicit_close_and_can_be_drained_once) ... ok
test_shutdown_keeps_prior_maintenance_separate_from_remaining_queue (test_retirement.RetirementTests.test_shutdown_keeps_prior_maintenance_separate_from_remaining_queue) ... ok
test_wire_cleanup_without_consumers_is_failure_and_not_local_retirement (test_retirement.RetirementTests.test_wire_cleanup_without_consumers_is_failure_and_not_local_retirement) ... ok

----------------------------------------------------------------------
Ran 27 tests in 14.576s

OK
EXIT_CODE: 0

COMMAND: & './runtime/icd-venv/Scripts/python.exe' -X utf8 -m unittest discover -s tests/icd_runtime -p test_*.py -v
test_mutated_fixtures_cannot_pass_by_rewriting_local_manifest (test_cli.CLITests.test_mutated_fixtures_cannot_pass_by_rewriting_local_manifest) ... ok
test_no_platform_specific_behavior_or_qa_imports (test_cli.CLITests.test_no_platform_specific_behavior_or_qa_imports) ... ok
test_offline_common_cli_checks_all_goldens_and_no_runtime_claim (test_cli.CLITests.test_offline_common_cli_checks_all_goldens_and_no_runtime_claim) ... ok
test_wrong_pinned_baseline_exits_nonzero (test_cli.CLITests.test_wrong_pinned_baseline_exits_nonzero) ... ok
test_runtime_is_a_real_separate_package (test_contract_payload.AvailabilityTest.test_runtime_is_a_real_separate_package) ... ok
test_baseline_and_all_59_fixtures_without_mutation (test_contract_payload.ContractPayloadTests.test_baseline_and_all_59_fixtures_without_mutation) ... ok
test_date_time_fields_reject_invalid_calendar_values (test_contract_payload.ContractPayloadTests.test_date_time_fields_reject_invalid_calendar_values) ... ok
test_each_frozen_component_tamper_is_rejected (test_contract_payload.ContractPayloadTests.test_each_frozen_component_tamper_is_rejected) ... ok
test_external_expected_hash_is_mandatory_and_not_trusted_from_file (test_contract_payload.ContractPayloadTests.test_external_expected_hash_is_mandatory_and_not_trusted_from_file) ... ok
test_ieee754_exact_large_numbers_are_not_uint64_fields (test_contract_payload.ContractPayloadTests.test_ieee754_exact_large_numbers_are_not_uint64_fields) ... ok
test_missing_unknown_types_arrays_and_nonfinite_rejected (test_contract_payload.ContractPayloadTests.test_missing_unknown_types_arrays_and_nonfinite_rejected) ... ok
test_packed_layout_offsets_boolean_and_enum_codes (test_contract_payload.ContractPayloadTests.test_packed_layout_offsets_boolean_and_enum_codes) ... ok
test_session_open_and_nonzero_session_header_rules (test_contract_payload.ContractPayloadTests.test_session_open_and_nonzero_session_header_rules) ... ok
test_strict_json_rejects_ambiguous_and_noncanonical_input (test_contract_payload.ContractPayloadTests.test_strict_json_rejects_ambiguous_and_noncanonical_input) ... ok
test_uint64_string_overflow_is_rejected (test_contract_payload.ContractPayloadTests.test_uint64_string_overflow_is_rejected) ... ok
test_unknown_id_direction_and_wrong_model_rejected (test_contract_payload.ContractPayloadTests.test_unknown_id_direction_and_wrong_model_rejected) ... ok
test_bounded_common_reassembly_exists (test_reassembly.ReassemblyAvailabilityTests.test_bounded_common_reassembly_exists) ... ok
test_64_slots_per_channel_no_eviction (test_reassembly.ReassemblyTests.test_64_slots_per_channel_no_eviction) ... ok
test_all_transports_reassemble_in_reverse_order (test_reassembly.ReassemblyTests.test_all_transports_reassemble_in_reverse_order) ... ok
test_can_timeout_is_20ms (test_reassembly.ReassemblyTests.test_can_timeout_is_20ms) ... ok
test_channel_half_groups_cannot_be_spliced (test_reassembly.ReassemblyTests.test_channel_half_groups_cannot_be_spliced) ... ok
test_clock_cannot_go_backwards_and_terminal_entries_expire (test_reassembly.ReassemblyTests.test_clock_cannot_go_backwards_and_terminal_entries_expire) ... ok
test_completed_retransmission_cannot_emit_second_completion (test_reassembly.ReassemblyTests.test_completed_retransmission_cannot_emit_second_completion) ... ok
test_conflict_invalidates_whole_group_and_blocks_restart (test_reassembly.ReassemblyTests.test_conflict_invalidates_whole_group_and_blocks_restart) ... ok
test_decoded_fragment_metadata_cannot_bypass_reservation_limits (test_reassembly.ReassemblyTests.test_decoded_fragment_metadata_cannot_bypass_reservation_limits) ... ok
test_explicit_session_dedup_owner_can_reassemble_complete_retries (test_reassembly.ReassemblyTests.test_explicit_session_dedup_owner_can_reassemble_complete_retries) ... ok
test_global_8mib_reservation_is_enforced (test_reassembly.ReassemblyTests.test_global_8mib_reservation_is_enforced) ... ok
test_header_inconsistency_invalidates_group (test_reassembly.ReassemblyTests.test_header_inconsistency_invalidates_group) ... ok
test_identical_duplicate_never_extends_fixed_deadline (test_reassembly.ReassemblyTests.test_identical_duplicate_never_extends_fixed_deadline) ... ok
test_pre_session_namespace_cannot_partition_established_business (test_reassembly.ReassemblyTests.test_pre_session_namespace_cannot_partition_established_business) ... ok
test_pre_session_namespaces_share_channel_capacity (test_reassembly.ReassemblyTests.test_pre_session_namespaces_share_channel_capacity) ... ok
test_reassembled_invalid_payload_is_rejected_not_returned (test_reassembly.ReassemblyTests.test_reassembled_invalid_payload_is_rejected_not_returned) ... ok
test_session_discard_frees_only_its_groups_and_terminal_entries (test_reassembly.ReassemblyTests.test_session_discard_frees_only_its_groups_and_terminal_entries) ... ok
test_terminal_cache_overflow_evicts_oldest_at_8192_entries (test_reassembly.ReassemblyTests.test_terminal_cache_overflow_evicts_oldest_at_8192_entries) ... ok
test_unauthorized_direction_or_channel_never_allocates (test_reassembly.ReassemblyTests.test_unauthorized_direction_or_channel_never_allocates) ... ok
test_unknown_channel_and_wrong_medium_never_allocate (test_reassembly.ReassemblyTests.test_unknown_channel_and_wrong_medium_never_allocate) ... ok
test_video_complete_frame_hash_and_four_frame_capacity (test_reassembly.ReassemblyTests.test_video_complete_frame_hash_and_four_frame_capacity) ... ok
test_all_45_input_stimuli_and_model_gate (test_source_contract.SourceContractTests.test_all_45_input_stimuli_and_model_gate) ... ok
test_all_ten_event_branches_use_frozen_closed_definitions (test_source_contract.SourceContractTests.test_all_ten_event_branches_use_frozen_closed_definitions) ... ok
test_complete_source_structure_is_unchanged (test_source_contract.SourceContractTests.test_complete_source_structure_is_unchanged) ... ok
test_component_hashes_are_actual_read_only_copies (test_source_contract.SourceContractTests.test_component_hashes_are_actual_read_only_copies) ... ok
test_decimal_time_cannot_use_trailing_newline_to_bypass_range (test_source_contract.SourceContractTests.test_decimal_time_cannot_use_trailing_newline_to_bypass_range) ... ok
test_decimal_uint64_limit_is_preserved_for_replay (test_source_contract.SourceContractTests.test_decimal_uint64_limit_is_preserved_for_replay) ... ok
test_definition_names_are_a_closed_allowlist (test_source_contract.SourceContractTests.test_definition_names_are_a_closed_allowlist) ... ok
test_each_source_required_field_and_unknown_key_are_rejected (test_source_contract.SourceContractTests.test_each_source_required_field_and_unknown_key_are_rejected) ... ok
test_source_validation_entry_points_exist (test_source_contract.SourceContractTests.test_source_validation_entry_points_exist) ... ok
test_stimulus_cannot_include_session_header_or_feedback (test_source_contract.SourceContractTests.test_stimulus_cannot_include_session_header_or_feedback) ... ok
test_common_video_framing_exists (test_video.VideoAvailabilityTests.test_common_video_framing_exists) ... ok
test_h264_h265_fragment_shapes_and_capacity (test_video.VideoTests.test_h264_h265_fragment_shapes_and_capacity) ... ok
test_invalid_raw_size_codec_header_and_empty_data (test_video.VideoTests.test_invalid_raw_size_codec_header_and_empty_data) ... ok
test_raw_800_fragments_and_all_existing_video_goldens (test_video.VideoTests.test_raw_800_fragments_and_all_existing_video_goldens) ... ok
test_reject_crc_version_flags_reserved_and_fragment_length (test_video.VideoTests.test_reject_crc_version_flags_reserved_and_fragment_length) ... ok
test_wire_codec_exists (test_wire.WireAvailabilityTests.test_wire_codec_exists) ... ok
test_all_business_golden_fragments_byte_exact (test_wire.WireTests.test_all_business_golden_fragments_byte_exact) ... ok
test_can_transport_attributes_and_padding_rejected (test_wire.WireTests.test_can_transport_attributes_and_padding_rejected) ... ok
test_crc_and_truncation_rejected (test_wire.WireTests.test_crc_and_truncation_rejected) ... ok
test_crc_reference_check_values (test_wire.WireTests.test_crc_reference_check_values) ... ok
test_decode_every_logical_message_fragment (test_wire.WireTests.test_decode_every_logical_message_fragment) ... ok
test_integral_json_header_numbers_encode_without_struct_errors (test_wire.WireTests.test_integral_json_header_numbers_encode_without_struct_errors) ... ok
test_json_cannot_be_sent_over_can_and_no_unknown_transport (test_wire.WireTests.test_json_cannot_be_sent_over_can_and_no_unknown_transport) ... ok
test_udp_65536_byte_capacity_requires_a_576_byte_final_chunk (test_wire.WireTests.test_udp_65536_byte_capacity_requires_a_576_byte_final_chunk) ... ok
test_udp_fragment_indexes_counts_and_payload_lengths (test_wire.WireTests.test_udp_fragment_indexes_counts_and_payload_lengths) ... ok
test_udp_magic_version_flags_reserved_and_ids (test_wire.WireTests.test_udp_magic_version_flags_reserved_and_ids) ... ok
test_wire_headers_checked_before_payload_reassembly (test_wire.WireTests.test_wire_headers_checked_before_payload_reassembly) ... ok
test_every_formal_fragment_retains_payload_layout (test_wire_rewrite.RewriteTests.test_every_formal_fragment_retains_payload_layout) ... ok
test_invalid_original_or_header_never_rewritten (test_wire_rewrite.RewriteTests.test_invalid_original_or_header_never_rewritten) ... ok
test_rewrite_exists (test_wire_rewrite.RewriteTests.test_rewrite_exists) ... ok

----------------------------------------------------------------------
Ran 67 tests in 27.242s

OK
EXIT_CODE: 0

COMMAND: & './runtime/icd-venv/Scripts/python.exe' -X utf8 -m unittest discover -s tests -p test_development_backlog.py -v
test_all_41_plan_items_have_common_and_linux_ownership (test_development_backlog.BacklogTests.test_all_41_plan_items_have_common_and_linux_ownership) ... ok
test_removed_or_duplicated_plan_item_cannot_pass_coverage (test_development_backlog.BacklogTests.test_removed_or_duplicated_plan_item_cannot_pass_coverage) ... ok
test_stage_closeout_is_append_only_and_linux_completion_requires_evidence (test_development_backlog.BacklogTests.test_stage_closeout_is_append_only_and_linux_completion_requires_evidence) ... ok

----------------------------------------------------------------------
Ran 3 tests in 0.012s

OK
EXIT_CODE: 0

COMMAND: & './runtime/icd-venv/Scripts/python.exe' -X utf8 -m unittest discover -s tests -p test_contract_single_file.py -v
test_all_field_rows_and_management_definitions_present (test_contract_single_file.SingleFileContractTests.test_all_field_rows_and_management_definitions_present) ... ok
test_all_original_artifacts_are_embedded_byte_exact (test_contract_single_file.SingleFileContractTests.test_all_original_artifacts_are_embedded_byte_exact) ... ok
test_all_schema_references_resolve_inside_document (test_contract_single_file.SingleFileContractTests.test_all_schema_references_resolve_inside_document) ... ok
test_missing_or_corrupt_snapshot_fails_verification (test_contract_single_file.SingleFileContractTests.test_missing_or_corrupt_snapshot_fails_verification) ... ok

----------------------------------------------------------------------
Ran 4 tests in 0.146s

OK
EXIT_CODE: 0

COMMAND: & './runtime/icd-venv/Scripts/python.exe' -X utf8 -m unittest discover -s tests -p test_static_contract.py -v
test_acceptance_directory_name_and_result_are_git_traceable (test_static_contract.RuntimeContractStaticTests.test_acceptance_directory_name_and_result_are_git_traceable) ... ok
test_acceptance_refuses_wrong_target_or_unconfirmed_lifecycle_event (test_static_contract.RuntimeContractStaticTests.test_acceptance_refuses_wrong_target_or_unconfirmed_lifecycle_event) ... ok
test_acceptance_submits_complete_task_4_mission_schema (test_static_contract.RuntimeContractStaticTests.test_acceptance_submits_complete_task_4_mission_schema) ... ok
test_actuator_commands_use_contract_bound_generic_setter (test_static_contract.RuntimeContractStaticTests.test_actuator_commands_use_contract_bound_generic_setter) ... ok
test_adapter_requires_explicit_ned_contract_not_aliases (test_static_contract.RuntimeContractStaticTests.test_adapter_requires_explicit_ned_contract_not_aliases) ... ok
test_bridge_does_not_fabricate_default_mission_or_nonfinite_values (test_static_contract.RuntimeContractStaticTests.test_bridge_does_not_fabricate_default_mission_or_nonfinite_values) ... ok
test_build_request_is_controlled_and_auditable (test_static_contract.RuntimeContractStaticTests.test_build_request_is_controlled_and_auditable) ... ok
test_build_validates_generated_abi_and_emits_no_defaults (test_static_contract.RuntimeContractStaticTests.test_build_validates_generated_abi_and_emits_no_defaults) ... ok
test_core_enables_realtime_scheduler_and_memory_lock (test_static_contract.RuntimeContractStaticTests.test_core_enables_realtime_scheduler_and_memory_lock) ... ok
test_core_has_fixed_state_receipts_and_lifecycle (test_static_contract.RuntimeContractStaticTests.test_core_has_fixed_state_receipts_and_lifecycle) ... ok
test_core_reserves_capacity_for_50_route_points_plus_landing (test_static_contract.RuntimeContractStaticTests.test_core_reserves_capacity_for_50_route_points_plus_landing) ... ok
test_mission_controller_is_independent_of_generated_model_globals (test_static_contract.RuntimeContractStaticTests.test_mission_controller_is_independent_of_generated_model_globals) ... ok
test_no_model_registry_or_hot_reload_implementation (test_static_contract.RuntimeContractStaticTests.test_no_model_registry_or_hot_reload_implementation) ... ok
test_one_command_ubuntu_acceptance_runner_exists (test_static_contract.RuntimeContractStaticTests.test_one_command_ubuntu_acceptance_runner_exists) ... ok
test_production_deploy_uses_systemd_and_health_gate (test_static_contract.RuntimeContractStaticTests.test_production_deploy_uses_systemd_and_health_gate) ... ok
test_python_only_location_of_ned_to_ue4_conversion (test_static_contract.RuntimeContractStaticTests.test_python_only_location_of_ned_to_ue4_conversion) ... ok
test_runtime_ends_once_when_controller_reports_landed (test_static_contract.RuntimeContractStaticTests.test_runtime_ends_once_when_controller_reports_landed) ... ok
test_target_toolchain_and_python_dependencies_are_pinned (test_static_contract.RuntimeContractStaticTests.test_target_toolchain_and_python_dependencies_are_pinned) ... ok
test_ue4_acceptance_contract_excludes_internal_acceleration_and_rate (test_static_contract.RuntimeContractStaticTests.test_ue4_acceptance_contract_excludes_internal_acceleration_and_rate) ... ok
test_v3_fixed_wing_uses_protocol_defined_tcp_roles (test_static_contract.RuntimeContractStaticTests.test_v3_fixed_wing_uses_protocol_defined_tcp_roles) ... ok

----------------------------------------------------------------------
Ran 20 tests in 0.017s

OK
EXIT_CODE: 0

COMMAND: & './runtime/icd-venv/Scripts/python.exe' -X utf8 -m unittest discover -s tests -p test_quadrotor_model_contract.py -v
test_acceptance_fixture_uses_internal_acceleration_contract (test_quadrotor_model_contract.QuadrotorModelContractTests.test_acceptance_fixture_uses_internal_acceleration_contract) ... ok
test_builder_rejects_missing_generated_parameter_and_confines_artifacts (test_quadrotor_model_contract.QuadrotorModelContractTests.test_builder_rejects_missing_generated_parameter_and_confines_artifacts) ... ok
test_contract_declares_all_generated_tunable_abi (test_quadrotor_model_contract.QuadrotorModelContractTests.test_contract_declares_all_generated_tunable_abi) ... ok
test_contract_declares_motor_mode_internal_rate_and_state_mapping (test_quadrotor_model_contract.QuadrotorModelContractTests.test_contract_declares_motor_mode_internal_rate_and_state_mapping) ... ok
test_environment_defaults_reach_generated_external_inputs_and_takeoff (test_quadrotor_model_contract.QuadrotorModelContractTests.test_environment_defaults_reach_generated_external_inputs_and_takeoff) ... ok
test_generator_is_fixed_step_exported_global_four_rotor_plant (test_quadrotor_model_contract.QuadrotorModelContractTests.test_generator_is_fixed_step_exported_global_four_rotor_plant) ... ok
test_matlab_validators_require_internal_acceleration_contract (test_quadrotor_model_contract.QuadrotorModelContractTests.test_matlab_validators_require_internal_acceleration_contract) ... ok

----------------------------------------------------------------------
Ran 7 tests in 0.005s

OK
EXIT_CODE: 0

COMMAND: & './runtime/icd-venv/Scripts/python.exe' -X utf8 -m unittest discover -s tests -p test_parameter_registry_static.py -v
test_analysis_emits_review_only_candidate_report (test_parameter_registry_static.ParameterRegistryStaticTests.test_analysis_emits_review_only_candidate_report) ... ok
test_runtime_query_returns_contract_metadata_and_current_value (test_parameter_registry_static.ParameterRegistryStaticTests.test_runtime_query_returns_contract_metadata_and_current_value) ... ok

----------------------------------------------------------------------
Ran 2 tests in 0.001s

OK
EXIT_CODE: 0

COMMAND: & './runtime/icd-venv/Scripts/python.exe' -X utf8 -m unittest discover -s tests -p test_generic_contract_templates.py -v
test_build_emits_surface_values_only_from_explicit_v3_mapping (test_generic_contract_templates.GenericContractTemplateTests.test_build_emits_surface_values_only_from_explicit_v3_mapping) ... ok
test_declares_v3_n_motor_and_fixed_wing_template_paths (test_generic_contract_templates.GenericContractTemplateTests.test_declares_v3_n_motor_and_fixed_wing_template_paths) ... ok
test_fixed_wing_cannot_select_quadrotor_demo_controller (test_generic_contract_templates.GenericContractTemplateTests.test_fixed_wing_cannot_select_quadrotor_demo_controller) ... ok
test_fixed_wing_template_declares_v3_phase_thresholds_without_fake_surfaces (test_generic_contract_templates.GenericContractTemplateTests.test_fixed_wing_template_declares_v3_phase_thresholds_without_fake_surfaces) ... ok
test_template_covers_sensor_rates_faults_and_complex_parameters (test_generic_contract_templates.GenericContractTemplateTests.test_template_covers_sensor_rates_faults_and_complex_parameters) ... ok

----------------------------------------------------------------------
Ran 5 tests in 0.001s

OK
EXIT_CODE: 0

COMMAND: & './runtime/icd-venv/Scripts/python.exe' -X utf8 scripts/build_contract_single_file.py --check
{
  "status": "SINGLE_FILE_CONTENT_VERIFIED",
  "embedded_sources": 14,
  "resolved_schema_references": 663,
  "business_messages": 59,
  "management_commands": 25,
  "golden_vectors": 85,
  "physical_channels": 56,
  "model_bindings": 97,
  "runtime_hardware_replacement": "NOT_VERIFIED_BY_THIS_CONSOLIDATION"
}
EXIT_CODE: 0

COMMAND: & './runtime/icd-venv/Scripts/python.exe' -X utf8 -m pip check
No broken requirements found.
EXIT_CODE: 0

COMMAND: & './runtime/icd-venv/Scripts/python.exe' -X utf8 -m compileall -q input_simulator icd_gateway icd_runtime tests/icd_gateway tests/icd_runtime scripts/test_icd_runtime.py scripts/build_contract_single_file.py
EXIT_CODE: 0

COMMAND: & './runtime/icd-venv/Scripts/python.exe' -X utf8 -m icd_runtime --contract-dir docs/interfaces/baseline --expected-sha256 22163dc21526ceadd63260b3d5670404a1064c4301e52b2a80edcf41a4fe8a27
{
  "status": "OFFLINE_CODEC_PASS",
  "baseline_sha256": "22163dc21526ceadd63260b3d5670404a1064c4301e52b2a80edcf41a4fe8a27",
  "business_messages": 59,
  "business_transport_completions": 72,
  "golden_fragments": 85,
  "video_raw_fragments": 800,
  "pending_groups": 0,
  "reserved_payload_bytes": 0,
  "runtime_network_model_hardware_replacement": "NOT_EXECUTED"
}
EXIT_CODE: 0

POST_DOCUMENT_DUPLICATE_GUARDS_NOT_ADDED_TO_290
COMMAND: & './runtime/icd-venv/Scripts/python.exe' -X utf8 -m unittest discover -s tests -p test_development_backlog.py -v
test_all_41_plan_items_have_common_and_linux_ownership (test_development_backlog.BacklogTests.test_all_41_plan_items_have_common_and_linux_ownership) ... ok
test_removed_or_duplicated_plan_item_cannot_pass_coverage (test_development_backlog.BacklogTests.test_removed_or_duplicated_plan_item_cannot_pass_coverage) ... ok
test_stage_closeout_is_append_only_and_linux_completion_requires_evidence (test_development_backlog.BacklogTests.test_stage_closeout_is_append_only_and_linux_completion_requires_evidence) ... ok

----------------------------------------------------------------------
Ran 3 tests in 0.013s

OK
EXIT_CODE: 0

COMMAND: & './runtime/icd-venv/Scripts/python.exe' -X utf8 -m unittest discover -s tests -p test_contract_single_file.py -v
test_all_field_rows_and_management_definitions_present (test_contract_single_file.SingleFileContractTests.test_all_field_rows_and_management_definitions_present) ... ok
test_all_original_artifacts_are_embedded_byte_exact (test_contract_single_file.SingleFileContractTests.test_all_original_artifacts_are_embedded_byte_exact) ... ok
test_all_schema_references_resolve_inside_document (test_contract_single_file.SingleFileContractTests.test_all_schema_references_resolve_inside_document) ... ok
test_missing_or_corrupt_snapshot_fails_verification (test_contract_single_file.SingleFileContractTests.test_missing_or_corrupt_snapshot_fails_verification) ... ok

----------------------------------------------------------------------
Ran 4 tests in 0.147s

OK
EXIT_CODE: 0

COMMAND: & './runtime/icd-venv/Scripts/python.exe' -X utf8 scripts/build_contract_single_file.py --check
{
  "status": "SINGLE_FILE_CONTENT_VERIFIED",
  "embedded_sources": 14,
  "resolved_schema_references": 663,
  "business_messages": 59,
  "management_commands": 25,
  "golden_vectors": 85,
  "physical_channels": 56,
  "model_bindings": 97,
  "runtime_hardware_replacement": "NOT_VERIFIED_BY_THIS_CONSOLIDATION"
}
EXIT_CODE: 0
