WARNING: No libpcap provider available ! pcap won't be used
test_action_owner_busy_or_replaced_fails_without_worker_or_reclaim (test_scenario_evidence_recorder.ScenarioRecorderTests.test_action_owner_busy_or_replaced_fails_without_worker_or_reclaim) ... ok
test_actions_continue_after_verified_segment_and_plan_saved_once (test_scenario_evidence_recorder.ScenarioRecorderTests.test_actions_continue_after_verified_segment_and_plan_saved_once) ... ok
test_actual_controller_records_and_named_cleanup_are_saved_not_qualified (test_scenario_evidence_recorder.ScenarioRecorderTests.test_actual_controller_records_and_named_cleanup_are_saved_not_qualified) ... ok
test_closed_run_record_fields_handles_and_bytes_are_lossless (test_scenario_evidence_recorder.ScenarioRecorderTests.test_closed_run_record_fields_handles_and_bytes_are_lossless) ... ok
test_count_and_byte_limits_do_not_reclaim_or_allocate_worker (test_scenario_evidence_recorder.ScenarioRecorderTests.test_count_and_byte_limits_do_not_reclaim_or_allocate_worker) ... ok
test_equal_action_record_replacement_refuses_all_stream_commit (test_scenario_evidence_recorder.ScenarioRecorderTests.test_equal_action_record_replacement_refuses_all_stream_commit) ... ok
test_persisted_plan_keeps_exact_original_identity_and_resource_bytes (test_scenario_evidence_recorder.ScenarioRecorderTests.test_persisted_plan_keeps_exact_original_identity_and_resource_bytes) ... ok
test_replaced_plan_is_rejected_before_action_allocation_or_tx (test_scenario_evidence_recorder.ScenarioRecorderTests.test_replaced_plan_is_rejected_before_action_allocation_or_tx) ... ok
test_required_original_scenario_recording_entry (test_scenario_evidence_recorder.ScenarioRecorderTests.test_required_original_scenario_recording_entry) ... ok
test_saved_history_cannot_be_replaced_before_next_segment (test_scenario_evidence_recorder.ScenarioRecorderTests.test_saved_history_cannot_be_replaced_before_next_segment) ... ok
test_scenario_rows_cannot_be_downgraded_to_native_only_format (test_scenario_evidence_recorder.ScenarioRecorderTests.test_scenario_rows_cannot_be_downgraded_to_native_only_format) ... ok
test_unconsumed_eth_terminal_feedback_keeps_same_job_until_action_poll (test_scenario_evidence_recorder.ScenarioRecorderTests.test_unconsumed_eth_terminal_feedback_keeps_same_job_until_action_poll) ... ok

----------------------------------------------------------------------
Ran 12 tests in 22.928s

OK
WARNING: No libpcap provider available ! pcap won't be used
test_all_nine_incremental_receipts_are_bounded_and_survive_failure (test_scenario_execution.ScenarioExecutionTests.test_all_nine_incremental_receipts_are_bounded_and_survive_failure) ... ok
test_begin_failure_record_names_original_attempted_event (test_scenario_execution.ScenarioExecutionTests.test_begin_failure_record_names_original_attempted_event) ... ok
test_cleanup_exception_record_is_distinct_from_prior_run_failure (test_scenario_execution.ScenarioExecutionTests.test_cleanup_exception_record_is_distinct_from_prior_run_failure) ... ok
test_cleanup_missing_one_of_nine_fields_never_local_stopped (test_scenario_execution.ScenarioExecutionTests.test_cleanup_missing_one_of_nine_fields_never_local_stopped) ... ok
test_cleanup_unknown_error_is_normalized_to_frozen_resource (test_scenario_execution.ScenarioExecutionTests.test_cleanup_unknown_error_is_normalized_to_frozen_resource) ... ok
test_complete_budget_rejects_million_actions_before_any_driver_call (test_scenario_execution.ScenarioExecutionTests.test_complete_budget_rejects_million_actions_before_any_driver_call) ... ok
test_completed_short_root_does_not_timeout_while_long_root_is_pending (test_scenario_execution.ScenarioExecutionTests.test_completed_short_root_does_not_timeout_while_long_root_is_pending) ... ok
test_driver_non_icd_exception_is_recorded_and_cleanup_runs (test_scenario_execution.ScenarioExecutionTests.test_driver_non_icd_exception_is_recorded_and_cleanup_runs) ... ok
test_driver_reentrancy_is_rejected_without_second_execution (test_scenario_execution.ScenarioExecutionTests.test_driver_reentrancy_is_rejected_without_second_execution) ... ok
test_each_root_assertion_deadline_is_enforced_independently (test_scenario_execution.ScenarioExecutionTests.test_each_root_assertion_deadline_is_enforced_independently) ... ok
test_end_waits_for_outstanding_assert_operation_before_cleanup (test_scenario_execution.ScenarioExecutionTests.test_end_waits_for_outstanding_assert_operation_before_cleanup) ... ok
test_event_assertions_do_not_start_as_root_assertions_before_their_events (test_scenario_execution.ScenarioExecutionTests.test_event_assertions_do_not_start_as_root_assertions_before_their_events) ... ok
test_failure_reaches_cleanup_without_starting_later_events (test_scenario_execution.ScenarioExecutionTests.test_failure_reaches_cleanup_without_starting_later_events) ... ok
test_foreign_progress_handle_is_rejected_and_cleanup_requested (test_scenario_execution.ScenarioExecutionTests.test_foreign_progress_handle_is_rejected_and_cleanup_requested) ... ok
test_forged_compiled_plan_and_unknown_progress_are_not_trusted (test_scenario_execution.ScenarioExecutionTests.test_forged_compiled_plan_and_unknown_progress_are_not_trusted) ... ok
test_incremental_cleanup_pending_receipts_are_retained_once (test_scenario_execution.ScenarioExecutionTests.test_incremental_cleanup_pending_receipts_are_retained_once) ... ok
test_incremental_cleanup_requires_all_nine_receipts (test_scenario_execution.ScenarioExecutionTests.test_incremental_cleanup_requires_all_nine_receipts) ... ok
test_missing_driver_and_preflight_rejection_never_start_or_dispatch (test_scenario_execution.ScenarioExecutionTests.test_missing_driver_and_preflight_rejection_never_start_or_dispatch) ... ok
test_pending_limit_fails_before_next_begin_without_partial_overwrite (test_scenario_execution.ScenarioExecutionTests.test_pending_limit_fails_before_next_begin_without_partial_overwrite) ... ok
test_periodic_and_waveform_sampling_uses_original_order_without_duplication (test_scenario_execution.ScenarioExecutionTests.test_periodic_and_waveform_sampling_uses_original_order_without_duplication) ... ok
test_poll_exception_preserves_original_failed_handle_not_cancellation (test_scenario_execution.ScenarioExecutionTests.test_poll_exception_preserves_original_failed_handle_not_cancellation) ... ok
test_root_assertions_and_same_original_complete_stimulus_are_retained (test_scenario_execution.ScenarioExecutionTests.test_root_assertions_and_same_original_complete_stimulus_are_retained) ... ok
test_root_assertions_must_finish_before_cleanup (test_scenario_execution.ScenarioExecutionTests.test_root_assertions_must_finish_before_cleanup) ... ok
test_same_handle_for_two_operations_is_rejected (test_scenario_execution.ScenarioExecutionTests.test_same_handle_for_two_operations_is_rejected) ... ok
test_skip_model_step_fails_without_catchup_or_new_handle (test_scenario_execution.ScenarioExecutionTests.test_skip_model_step_fails_without_catchup_or_new_handle) ... ok
test_stop_cleanup_once_and_does_not_reexecute_or_claim_remote_safety (test_scenario_execution.ScenarioExecutionTests.test_stop_cleanup_once_and_does_not_reexecute_or_claim_remote_safety) ... ok
test_strict_step_types_backwards_and_second_start (test_scenario_execution.ScenarioExecutionTests.test_strict_step_types_backwards_and_second_start) ... ok
test_successful_stop_retains_local_cancellation_and_nine_cleanup_receipts (test_scenario_execution.ScenarioExecutionTests.test_successful_stop_retains_local_cancellation_and_nine_cleanup_receipts) ... ok
test_ten_original_event_kinds_and_replay_negative_fields_not_changed (test_scenario_execution.ScenarioExecutionTests.test_ten_original_event_kinds_and_replay_negative_fields_not_changed) ... ok
test_terminal_records_keep_original_runtime_handle_correlation (test_scenario_execution.ScenarioExecutionTests.test_terminal_records_keep_original_runtime_handle_correlation) ... ok
test_unhashable_adapter_error_code_cannot_escape_failure_recording (test_scenario_execution.ScenarioExecutionTests.test_unhashable_adapter_error_code_cannot_escape_failure_recording) ... ok
test_wait_blocks_same_step_following_until_original_handle_completes (test_scenario_execution.ScenarioExecutionTests.test_wait_blocks_same_step_following_until_original_handle_completes) ... ok
test_wait_does_not_rewrite_overdue_absolute_steps_after_release (test_scenario_execution.ScenarioExecutionTests.test_wait_does_not_rewrite_overdue_absolute_steps_after_release) ... ok
test_wait_timeout_is_enforced_even_if_driver_stays_pending (test_scenario_execution.ScenarioExecutionTests.test_wait_timeout_is_enforced_even_if_driver_stays_pending) ... ok

----------------------------------------------------------------------
Ran 34 tests in 18.001s

OK
WARNING: No libpcap provider available ! pcap won't be used
test_actual_original_native_tx_and_feedback_inside_controller (test_scenario_driver.ScenarioDriverTests.test_actual_original_native_tx_and_feedback_inside_controller) ... ok
test_bad_local_cleanup_clock_still_attempts_remote_cleanup (test_scenario_driver.ScenarioDriverTests.test_bad_local_cleanup_clock_still_attempts_remote_cleanup) ... ok
test_cleanup_accumulates_original_incremental_receipts (test_scenario_driver.ScenarioDriverTests.test_cleanup_accumulates_original_incremental_receipts) ... ok
test_cleanup_can_confirm_actual_original_source_close (test_scenario_driver.ScenarioDriverTests.test_cleanup_can_confirm_actual_original_source_close) ... ok
test_cleanup_deadline_clock_failure_is_local_not_remote (test_scenario_driver.ScenarioDriverTests.test_cleanup_deadline_clock_failure_is_local_not_remote) ... ok
test_cleanup_error_history_stays_bounded_and_invalid_receipts_are_closed (test_scenario_driver.ScenarioDriverTests.test_cleanup_error_history_stays_bounded_and_invalid_receipts_are_closed) ... ok
test_cleanup_has_local_monotonic_deadline (test_scenario_driver.ScenarioDriverTests.test_cleanup_has_local_monotonic_deadline) ... ok
test_cleanup_provider_session_change_cannot_count_new_receipts (test_scenario_driver.ScenarioDriverTests.test_cleanup_provider_session_change_cannot_count_new_receipts) ... ok
test_cleanup_session_change_before_poll_never_calls_remote (test_scenario_driver.ScenarioDriverTests.test_cleanup_session_change_before_poll_never_calls_remote) ... ok
test_cleanup_stale_session_stops_local_without_remote_begin (test_scenario_driver.ScenarioDriverTests.test_cleanup_stale_session_stops_local_without_remote_begin) ... ok
test_cleanup_starts_remote_even_when_local_stop_needs_retry (test_scenario_driver.ScenarioDriverTests.test_cleanup_starts_remote_even_when_local_stop_needs_retry) ... ok
test_cleanup_synchronous_original_close_can_deliver_final_receipt (test_scenario_driver.ScenarioDriverTests.test_cleanup_synchronous_original_close_can_deliver_final_receipt) ... ok
test_closing_another_sid_cannot_confirm_original_cleanup (test_scenario_driver.ScenarioDriverTests.test_closing_another_sid_cannot_confirm_original_cleanup) ... ok
test_delegate_begin_failure_is_not_retried (test_scenario_driver.ScenarioDriverTests.test_delegate_begin_failure_is_not_retried) ... ok
test_empty_provider_handle_cannot_be_wrapped_as_valid_action (test_scenario_driver.ScenarioDriverTests.test_empty_provider_handle_cannot_be_wrapped_as_valid_action) ... ok
test_empty_provider_handle_cannot_be_wrapped_as_valid_root_assertion (test_scenario_driver.ScenarioDriverTests.test_empty_provider_handle_cannot_be_wrapped_as_valid_root_assertion) ... ok
test_explicit_none_step_cannot_start_remote_cleanup (test_scenario_driver.ScenarioDriverTests.test_explicit_none_step_cannot_start_remote_cleanup) ... ok
test_finite_handle_budget_and_reentry_are_rejected (test_scenario_driver.ScenarioDriverTests.test_finite_handle_budget_and_reentry_are_rejected) ... ok
test_forged_root_assertion_metadata_is_rejected_before_service_begin (test_scenario_driver.ScenarioDriverTests.test_forged_root_assertion_metadata_is_rejected_before_service_begin) ... ok
test_frozen_model_native_target_must_equal_actual_current_step (test_scenario_driver.ScenarioDriverTests.test_frozen_model_native_target_must_equal_actual_current_step) ... ok
test_missing_receipt_never_becomes_complete (test_scenario_driver.ScenarioDriverTests.test_missing_receipt_never_becomes_complete) ... ok
test_missing_services_or_status_never_allocates_or_transmits (test_scenario_driver.ScenarioDriverTests.test_missing_services_or_status_never_allocates_or_transmits) ... ok
test_partition_preserves_original_nonnative_link_and_plan (test_scenario_driver.ScenarioDriverTests.test_partition_preserves_original_nonnative_link_and_plan) ... ok
test_remote_terminal_receipt_is_not_repolled_while_local_recovery_pending (test_scenario_driver.ScenarioDriverTests.test_remote_terminal_receipt_is_not_repolled_while_local_recovery_pending) ... ok
test_service_begin_session_change_retains_attempt_without_retry (test_scenario_driver.ScenarioDriverTests.test_service_begin_session_change_retains_attempt_without_retry) ... ok
test_service_poll_exception_retains_context_and_separate_remote_error (test_scenario_driver.ScenarioDriverTests.test_service_poll_exception_retains_context_and_separate_remote_error) ... ok
test_service_poll_session_change_cannot_cache_completion (test_scenario_driver.ScenarioDriverTests.test_service_poll_session_change_cannot_cache_completion) ... ok
test_strict_observed_step_target_and_action_before_native_allocation (test_scenario_driver.ScenarioDriverTests.test_strict_observed_step_target_and_action_before_native_allocation) ... ok
test_whole_plan_service_preflight_failure_precedes_native_send (test_scenario_driver.ScenarioDriverTests.test_whole_plan_service_preflight_failure_precedes_native_send) ... ok
test_wrapped_original_handles_reject_forged_or_foreign_progress (test_scenario_driver.ScenarioDriverTests.test_wrapped_original_handles_reject_forged_or_foreign_progress) ... ok
test_wrong_kind_on_native_link_remains_service_event (test_scenario_driver.ScenarioDriverTests.test_wrong_kind_on_native_link_remains_service_event) ... ok

----------------------------------------------------------------------
Ran 31 tests in 54.386s

OK
WARNING: No libpcap provider available ! pcap won't be used
test_can_only_plan_still_requires_common_original_reservation_book (test_native_scenario_actions.NativeScenarioActionTests.test_can_only_plan_still_requires_common_original_reservation_book) ... ok
test_elapsed_original_can_validity_fails_without_late_application_claim (test_native_scenario_actions.NativeScenarioActionTests.test_elapsed_original_can_validity_fails_without_late_application_claim) ... ok
test_empty_native_poll_does_not_create_failed_observations (test_native_scenario_actions.NativeScenarioActionTests.test_empty_native_poll_does_not_create_failed_observations) ... ok
test_expired_grant_or_unpublished_capability_reject_without_tx (test_native_scenario_actions.NativeScenarioActionTests.test_expired_grant_or_unpublished_capability_reject_without_tx) ... ok
test_failed_post_allocation_preparation_has_owned_recoverable_context (test_native_scenario_actions.NativeScenarioActionTests.test_failed_post_allocation_preparation_has_owned_recoverable_context) ... ok
test_finite_run_budgets_preflight_before_original_input_allocation (test_native_scenario_actions.NativeScenarioActionTests.test_finite_run_budgets_preflight_before_original_input_allocation) ... ok
test_forged_action_duplicate_begin_and_foreign_handle_reject (test_native_scenario_actions.NativeScenarioActionTests.test_forged_action_duplicate_begin_and_foreign_handle_reject) ... ok
test_intermediate_ack_is_not_completion_and_terminal_is_remote_claim_only (test_native_scenario_actions.NativeScenarioActionTests.test_intermediate_ack_is_not_completion_and_terminal_is_remote_claim_only) ... ok
test_invalid_original_contract_is_a_closed_error_not_attribute_failure (test_native_scenario_actions.NativeScenarioActionTests.test_invalid_original_contract_is_a_closed_error_not_attribute_failure) ... ok
test_local_can_reclaim_survives_detach_and_new_dispatcher (test_native_scenario_actions.NativeScenarioActionTests.test_local_can_reclaim_survives_detach_and_new_dispatcher) ... ok
test_local_can_reclaim_survives_failed_and_completed_shared_close (test_native_scenario_actions.NativeScenarioActionTests.test_local_can_reclaim_survives_failed_and_completed_shared_close) ... ok
test_local_reclaim_failure_is_not_hidden_by_remote_terminal_claim (test_native_scenario_actions.NativeScenarioActionTests.test_local_reclaim_failure_is_not_hidden_by_remote_terminal_claim) ... ok
test_missing_original_send_branch_never_falls_back (test_native_scenario_actions.NativeScenarioActionTests.test_missing_original_send_branch_never_falls_back) ... ok
test_native_can_and_scapy_preserve_original_stimulus_sid_and_feedback (test_native_scenario_actions.NativeScenarioActionTests.test_native_can_and_scapy_preserve_original_stimulus_sid_and_feedback) ... ok
test_original_record_drain_cannot_turn_pending_request_into_success (test_native_scenario_actions.NativeScenarioActionTests.test_original_record_drain_cannot_turn_pending_request_into_success) ... ok
test_original_selected_protocol_must_declare_every_scheduled_can_message (test_native_scenario_actions.NativeScenarioActionTests.test_original_selected_protocol_must_declare_every_scheduled_can_message) ... ok
test_original_wave_periodic_and_fault_values_are_not_replaced (test_native_scenario_actions.NativeScenarioActionTests.test_original_wave_periodic_and_fault_values_are_not_replaced) ... ok
test_other_event_handlers_are_not_claimed_as_implemented (test_native_scenario_actions.NativeScenarioActionTests.test_other_event_handlers_are_not_claimed_as_implemented) ... ok
test_partial_native_send_failure_is_retained_not_retried (test_native_scenario_actions.NativeScenarioActionTests.test_partial_native_send_failure_is_retained_not_retried) ... ok
test_pending_limit_rejects_before_second_original_allocation (test_native_scenario_actions.NativeScenarioActionTests.test_pending_limit_rejects_before_second_original_allocation) ... ok
test_plain_udp_is_not_used_as_original_ethgen (test_native_scenario_actions.NativeScenarioActionTests.test_plain_udp_is_not_used_as_original_ethgen) ... ok
test_preflight_checks_native_actions_without_allocation_or_transmission (test_native_scenario_actions.NativeScenarioActionTests.test_preflight_checks_native_actions_without_allocation_or_transmission) ... ok
test_reentry_rejects_before_allocating_another_event (test_native_scenario_actions.NativeScenarioActionTests.test_reentry_rejects_before_allocating_another_event) ... ok
test_standalone_original_scapy_does_not_require_an_unrelated_can_backend (test_native_scenario_actions.NativeScenarioActionTests.test_standalone_original_scapy_does_not_require_an_unrelated_can_backend) ... ok
test_stop_cancels_only_owned_groups_preserving_shared_backends (test_native_scenario_actions.NativeScenarioActionTests.test_stop_cancels_only_owned_groups_preserving_shared_backends) ... ok
test_stop_still_cancels_udp_group_after_begin_poll_failure (test_native_scenario_actions.NativeScenarioActionTests.test_stop_still_cancels_udp_group_after_begin_poll_failure) ... ok
test_strict_original_steps_and_explicit_target_no_counter_on_rejection (test_native_scenario_actions.NativeScenarioActionTests.test_strict_original_steps_and_explicit_target_no_counter_on_rejection) ... ok
test_typed_action_metadata_cannot_use_equal_bool_values (test_native_scenario_actions.NativeScenarioActionTests.test_typed_action_metadata_cannot_use_equal_bool_values) ... ok

----------------------------------------------------------------------
Ran 28 tests in 36.114s

OK
WARNING: No libpcap provider available ! pcap won't be used
test_actual_can_records_and_original_source_roundtrip_without_drain (test_native_evidence_archive.NativeArchiveTests.test_actual_can_records_and_original_source_roundtrip_without_drain) ... ok
test_actual_closed_original_owners_can_still_be_archived (test_native_evidence_archive.NativeArchiveTests.test_actual_closed_original_owners_can_still_be_archived) ... ok
test_actual_scapy_opening_l2_records_are_not_dropped (test_native_evidence_archive.NativeArchiveTests.test_actual_scapy_opening_l2_records_are_not_dropped) ... ok
test_all_four_actual_can_senders_keep_their_original_channels (test_native_evidence_archive.NativeArchiveTests.test_all_four_actual_can_senders_keep_their_original_channels) ... ok
test_can_timestamp_negative_zero_and_nan_bits_are_retained_exactly (test_native_evidence_archive.NativeArchiveTests.test_can_timestamp_negative_zero_and_nan_bits_are_retained_exactly) ... ok
test_closed_native_field_domains_and_original_integer_metadata (test_native_evidence_archive.NativeArchiveTests.test_closed_native_field_domains_and_original_integer_metadata) ... ok
test_exact_native_count_and_complete_byte_bounds (test_native_evidence_archive.NativeArchiveTests.test_exact_native_count_and_complete_byte_bounds) ... ok
test_native_snapshot_locks_and_wrong_owner_fail_without_reclaim (test_native_evidence_archive.NativeArchiveTests.test_native_snapshot_locks_and_wrong_owner_fail_without_reclaim) ... ok
test_old_format_cannot_claim_native_rows_and_tampered_flags_fail (test_native_evidence_archive.NativeArchiveTests.test_old_format_cannot_claim_native_rows_and_tampered_flags_fail) ... ok
test_replaced_native_sender_list_cannot_drop_original_records (test_native_evidence_archive.NativeArchiveTests.test_replaced_native_sender_list_cannot_drop_original_records) ... ok
test_required_native_archive_api_exists (test_native_evidence_archive.NativeArchiveTests.test_required_native_archive_api_exists) ... ok

----------------------------------------------------------------------
Ran 11 tests in 16.952s

OK
WARNING: No libpcap provider available ! pcap won't be used
test_actual_scapy_two_segments_reclaim_l2_bytes_and_readback_close (test_native_evidence_recorder.NativeRecorderTests.test_actual_scapy_two_segments_reclaim_l2_bytes_and_readback_close) ... ok
test_all_five_actual_streams_share_original_can_scapy_actions_and_persistent_readback (test_native_evidence_recorder.NativeRecorderTests.test_all_five_actual_streams_share_original_can_scapy_actions_and_persistent_readback) ... ok
test_all_native_locks_reject_flush_without_allocating_worker (test_native_evidence_recorder.NativeRecorderTests.test_all_native_locks_reject_flush_without_allocating_worker) ... ok
test_all_native_side_drains_are_blocked_but_send_is_not (test_native_evidence_recorder.NativeRecorderTests.test_all_native_side_drains_are_blocked_but_send_is_not) ... ok
test_four_sender_prefixes_remain_valid_when_first_channel_appends (test_native_evidence_recorder.NativeRecorderTests.test_four_sender_prefixes_remain_valid_when_first_channel_appends) ... ok
test_native_accounting_failure_reclaims_no_other_stream (test_native_evidence_recorder.NativeRecorderTests.test_native_accounting_failure_reclaims_no_other_stream) ... ok
test_native_backend_close_does_not_lose_final_records (test_native_evidence_recorder.NativeRecorderTests.test_native_backend_close_does_not_lose_final_records) ... ok
test_native_sending_continues_while_real_writer_is_busy_and_prefix_only_reclaimed (test_native_evidence_recorder.NativeRecorderTests.test_native_sending_continues_while_real_writer_is_busy_and_prefix_only_reclaimed) ... ok
test_recording_cannot_adopt_replaced_sender_binding_before_tx (test_native_evidence_recorder.NativeRecorderTests.test_recording_cannot_adopt_replaced_sender_binding_before_tx) ... ok
test_required_native_continuous_recorder (test_native_evidence_recorder.NativeRecorderTests.test_required_native_continuous_recorder) ... ok
test_scapy_prefix_accounting_failure_retains_source_and_l2 (test_native_evidence_recorder.NativeRecorderTests.test_scapy_prefix_accounting_failure_retains_source_and_l2) ... ok
test_writer_failure_retains_native_bytes_and_unpersisted_counts (test_native_evidence_recorder.NativeRecorderTests.test_writer_failure_retains_native_bytes_and_unpersisted_counts) ... ok

----------------------------------------------------------------------
Ran 12 tests in 25.571s

OK
test_actual_bad_crc_and_full_oversize_datagrams_are_saved_byte_exact (test_evidence_archive.ArchiveTests.test_actual_bad_crc_and_full_oversize_datagrams_are_saved_byte_exact) ... ok
test_actual_new_directory_readback_and_existing_directory_not_overwritten (test_evidence_archive.ArchiveTests.test_actual_new_directory_readback_and_existing_directory_not_overwritten) ... ok
test_actual_snapshot_roundtrips_all_original_records_without_drain_or_qualification (test_evidence_archive.ArchiveTests.test_actual_snapshot_roundtrips_all_original_records_without_drain_or_qualification) ... ok
test_closed_inbox_and_dispatcher_failure_records_remain_archivable (test_evidence_archive.ArchiveTests.test_closed_inbox_and_dispatcher_failure_records_remain_archivable) ... ok
test_corrupt_readback_never_publishes_manifest (test_evidence_archive.ArchiveTests.test_corrupt_readback_never_publishes_manifest) ... ok
test_directory_inventory_rejects_extra_entry_without_unbounded_scan (test_evidence_archive.ArchiveTests.test_directory_inventory_rejects_extra_entry_without_unbounded_scan) ... ok
test_exact_record_and_byte_bounds_and_strict_limit_types (test_evidence_archive.ArchiveTests.test_exact_record_and_byte_bounds_and_strict_limit_types) ... ok
test_explicit_run_identity_is_not_a_path_or_current_authorization (test_evidence_archive.ArchiveTests.test_explicit_run_identity_is_not_a_path_or_current_authorization) ... ok
test_foreign_inbox_rejected_before_snapshot (test_evidence_archive.ArchiveTests.test_foreign_inbox_rejected_before_snapshot) ... ok
test_fsync_or_publication_failure_retains_incomplete_directory_and_memory (test_evidence_archive.ArchiveTests.test_fsync_or_publication_failure_retains_incomplete_directory_and_memory) ... ok
test_invalid_archive_cannot_create_owned_directory (test_evidence_archive.ArchiveTests.test_invalid_archive_cannot_create_owned_directory) ... ok
test_local_source_close_keeps_failed_history_archivable_without_live_grant (test_evidence_archive.ArchiveTests.test_local_source_close_keeps_failed_history_archivable_without_live_grant) ... ok
test_no_inbox_snapshot_never_invents_missing_original_rx (test_evidence_archive.ArchiveTests.test_no_inbox_snapshot_never_invents_missing_original_rx) ... ok
test_readback_size_limit_and_record_limit_are_fail_closed (test_evidence_archive.ArchiveTests.test_readback_size_limit_and_record_limit_are_fail_closed) ... ok
test_rehashed_unknown_record_fields_and_bad_base64_are_not_accepted (test_evidence_archive.ArchiveTests.test_rehashed_unknown_record_fields_and_bad_base64_are_not_accepted) ... ok
test_snapshot_is_detached_immutable_and_keeps_new_records_out (test_evidence_archive.ArchiveTests.test_snapshot_is_detached_immutable_and_keeps_new_records_out) ... ok
test_source_and_dispatcher_owner_locks_reject_concurrent_snapshot (test_evidence_archive.ArchiveTests.test_source_and_dispatcher_owner_locks_reject_concurrent_snapshot) ... ok
test_symbolic_archive_file_rejected_before_reading_contents (test_evidence_archive.ArchiveTests.test_symbolic_archive_file_rejected_before_reading_contents) ... ok
test_tampered_missing_or_extra_files_and_wrong_baseline_fail_readback (test_evidence_archive.ArchiveTests.test_tampered_missing_or_extra_files_and_wrong_baseline_fail_readback) ... ok
test_uint64_strings_and_packed_negative_zero_bytes_not_normalized (test_evidence_archive.ArchiveTests.test_uint64_strings_and_packed_negative_zero_bytes_not_normalized) ... ok

----------------------------------------------------------------------
Ran 20 tests in 12.896s

OK
test_actual_background_persistence_reclaims_only_saved_original_prefix (test_evidence_recorder.RecorderTests.test_actual_background_persistence_reclaims_only_saved_original_prefix) ... ok
test_chain_capacity_and_uncommitted_tail_fail_closed (test_evidence_recorder.RecorderTests.test_chain_capacity_and_uncommitted_tail_fail_closed) ... ok
test_chain_rejects_missing_reordered_or_rehashed_foreign_identity_counts_and_flags (test_evidence_recorder.RecorderTests.test_chain_rejects_missing_reordered_or_rehashed_foreign_identity_counts_and_flags) ... ok
test_chain_trusted_anchor_types_are_strict_and_missing_half_anchor_rejected (test_evidence_recorder.RecorderTests.test_chain_trusted_anchor_types_are_strict_and_missing_half_anchor_rejected) ... ok
test_close_checkpoint_and_reader_are_included_in_total_byte_budget (test_evidence_recorder.RecorderTests.test_close_checkpoint_and_reader_are_included_in_total_byte_budget) ... ok
test_close_owner_busy_after_checkpoint_retries_detach_without_rewriting (test_evidence_recorder.RecorderTests.test_close_owner_busy_after_checkpoint_retries_detach_without_rewriting) ... ok
test_closed_checkpoint_strict_counts_flags_and_hash_reject_even_matching_pending (test_evidence_recorder.RecorderTests.test_closed_checkpoint_strict_counts_flags_and_hash_reject_even_matching_pending) ... ok
test_closed_recording_checkpoint_failure_keeps_memory_and_explicit_close_error (test_evidence_recorder.RecorderTests.test_closed_recording_checkpoint_failure_keeps_memory_and_explicit_close_error) ... ok
test_deleted_final_segment_requires_trusted_count_tip_or_local_close_anchor (test_evidence_recorder.RecorderTests.test_deleted_final_segment_requires_trusted_count_tip_or_local_close_anchor) ... ok
test_duplicate_owner_invalid_limits_and_existing_root_do_not_replace_recording (test_evidence_recorder.RecorderTests.test_duplicate_owner_invalid_limits_and_existing_root_do_not_replace_recording) ... ok
test_equal_record_replacement_after_snapshot_is_not_a_trusted_identity_prefix (test_evidence_recorder.RecorderTests.test_equal_record_replacement_after_snapshot_is_not_a_trusted_identity_prefix) ... ok
test_limits_fail_before_worker_start_or_any_reclaim (test_evidence_recorder.RecorderTests.test_limits_fail_before_worker_start_or_any_reclaim) ... ok
test_local_close_reports_unsaved_records_and_releases_only_local_drain_guard (test_evidence_recorder.RecorderTests.test_local_close_reports_unsaved_records_and_releases_only_local_drain_guard) ... ok
test_maximum_segments_rejects_later_flush_without_losing_new_rx (test_evidence_recorder.RecorderTests.test_maximum_segments_rejects_later_flush_without_losing_new_rx) ... ok
test_original_recorder_prevents_replacing_closed_dispatcher_until_detached (test_evidence_recorder.RecorderTests.test_original_recorder_prevents_replacing_closed_dispatcher_until_detached) ... ok
test_owner_busy_after_worker_completion_can_retry_same_job_without_rewrite (test_evidence_recorder.RecorderTests.test_owner_busy_after_worker_completion_can_retry_same_job_without_rewrite) ... ok
test_readback_tampering_before_reclaim_never_deletes_original_records (test_evidence_recorder.RecorderTests.test_readback_tampering_before_reclaim_never_deletes_original_records) ... ok
test_record_ownership_blocks_all_three_side_drain_paths (test_evidence_recorder.RecorderTests.test_record_ownership_blocks_all_three_side_drain_paths) ... ok
test_saved_prefix_identity_mutation_refuses_atomic_reclaim (test_evidence_recorder.RecorderTests.test_saved_prefix_identity_mutation_refuses_atomic_reclaim) ... ok
test_single_pending_job_and_strict_close_timeout_types (test_evidence_recorder.RecorderTests.test_single_pending_job_and_strict_close_timeout_types) ... ok
test_successful_reclaim_frees_exact_record_bytes_not_context_or_pending_reservations (test_evidence_recorder.RecorderTests.test_successful_reclaim_frees_exact_record_bytes_not_context_or_pending_reservations) ... ok
test_thread_start_failure_preserves_records_and_retains_explicit_failure (test_evidence_recorder.RecorderTests.test_thread_start_failure_preserves_records_and_retains_explicit_failure) ... ok
test_timeout_close_retains_actual_thread_handle_and_original_owner_until_retry (test_evidence_recorder.RecorderTests.test_timeout_close_retains_actual_thread_handle_and_original_owner_until_retry) ... ok
test_two_actual_segments_have_continuous_counts_hash_and_original_bytes (test_evidence_recorder.RecorderTests.test_two_actual_segments_have_continuous_counts_hash_and_original_bytes) ... ok
test_writer_failure_keeps_original_records_and_incomplete_owned_directory (test_evidence_recorder.RecorderTests.test_writer_failure_keeps_original_records_and_incomplete_owned_directory) ... ok

----------------------------------------------------------------------
Ran 25 tests in 18.901s

OK
WARNING: No libpcap provider available ! pcap won't be used
test_actual_original_can_and_udp_share_sid_counters_and_feedback (test_native_tools.NativeToolTests.test_actual_original_can_and_udp_share_sid_counters_and_feedback) ... ok
test_all_four_original_can_channels_share_one_actual_grant (test_native_tools.NativeToolTests.test_all_four_original_can_channels_share_one_actual_grant) ... ok
test_all_local_close_preserves_session_dispatcher_and_send_reservation (test_native_tools.NativeToolTests.test_all_local_close_preserves_session_dispatcher_and_send_reservation) ... ok
test_cancel_only_the_exact_owned_udp_group_before_native_tx (test_native_tools.NativeToolTests.test_cancel_only_the_exact_owned_udp_group_before_native_tx) ... ok
test_closed_dispatcher_does_not_release_source_before_native_cleanup (test_native_tools.NativeToolTests.test_closed_dispatcher_does_not_release_source_before_native_cleanup) ... ok
test_copied_old_scope_cannot_bypass_current_native_lock (test_native_tools.NativeToolTests.test_copied_old_scope_cannot_bypass_current_native_lock) ... ok
test_cross_link_heartbeat_transaction_floor_and_standard_model_observation (test_native_tools.NativeToolTests.test_cross_link_heartbeat_transaction_floor_and_standard_model_observation) ... ok
test_deferred_udp_first_attempt_cannot_send_after_newer_can (test_native_tools.NativeToolTests.test_deferred_udp_first_attempt_cannot_send_after_newer_can) ... ok
test_detached_cleanup_keeps_records_counters_and_rejects_send_or_reentry (test_native_tools.NativeToolTests.test_detached_cleanup_keeps_records_counters_and_rejects_send_or_reentry) ... ok
test_direct_native_and_source_apis_cannot_bypass_dispatcher (test_native_tools.NativeToolTests.test_direct_native_and_source_apis_cannot_bypass_dispatcher) ... ok
test_direct_selected_sender_and_builder_reentry_reject_before_mutation (test_native_tools.NativeToolTests.test_direct_selected_sender_and_builder_reentry_reject_before_mutation) ... ok
test_discard_after_retirement_reclaims_only_local_original_plan (test_native_tools.NativeToolTests.test_discard_after_retirement_reclaims_only_local_original_plan) ... ok
test_dispatcher_replacement_waits_for_native_coordinator_cleanup (test_native_tools.NativeToolTests.test_dispatcher_replacement_waits_for_native_coordinator_cleanup) ... ok
test_failed_close_keeps_same_native_handle_for_retry (test_native_tools.NativeToolTests.test_failed_close_keeps_same_native_handle_for_retry) ... ok
test_failed_coordinator_close_blocks_original_udp_transmission (test_native_tools.NativeToolTests.test_failed_coordinator_close_blocks_original_udp_transmission) ... ok
test_inflight_can_plan_requires_retirement_before_discard (test_native_tools.NativeToolTests.test_inflight_can_plan_requires_retirement_before_discard) ... ok
test_newer_can_first_tx_prevents_older_pending_udp_first_tx (test_native_tools.NativeToolTests.test_newer_can_first_tx_prevents_older_pending_udp_first_tx) ... ok
test_newer_udp_first_tx_prevents_older_prepared_can_first_tx (test_native_tools.NativeToolTests.test_newer_udp_first_tx_prevents_older_prepared_can_first_tx) ... ok
test_nonblocking_native_poll_empty_is_not_a_failure (test_native_tools.NativeToolTests.test_nonblocking_native_poll_empty_is_not_a_failure) ... ok
test_nonfresh_input_allocation_and_invalid_sender_list_reject (test_native_tools.NativeToolTests.test_nonfresh_input_allocation_and_invalid_sender_list_reject) ... ok
test_original_recorder_cannot_be_bypassed_for_native_evidence (test_native_tools.NativeToolTests.test_original_recorder_cannot_be_bypassed_for_native_evidence) ... ok
test_original_udp_retry_is_not_a_new_first_tx_after_can (test_native_tools.NativeToolTests.test_original_udp_retry_is_not_a_new_first_tx_after_can) ... ok
test_other_channel_cannot_discard_shared_builder_inflight_plan (test_native_tools.NativeToolTests.test_other_channel_cannot_discard_shared_builder_inflight_plan) ... ok
test_owned_udp_cancel_allowed_after_expiry_or_failed_close (test_native_tools.NativeToolTests.test_owned_udp_cancel_allowed_after_expiry_or_failed_close) ... ok
test_reentry_and_other_thread_cannot_get_delegated_tool_authority (test_native_tools.NativeToolTests.test_reentry_and_other_thread_cannot_get_delegated_tool_authority) ... ok
test_source_and_dispatcher_busy_do_not_allocate_or_send (test_native_tools.NativeToolTests.test_source_and_dispatcher_busy_do_not_allocate_or_send) ... ok
test_unregistered_or_forged_original_instances_and_plans_reject (test_native_tools.NativeToolTests.test_unregistered_or_forged_original_instances_and_plans_reject) ... ok

----------------------------------------------------------------------
Ran 27 tests in 32.449s

OK
WARNING: No libpcap provider available ! pcap won't be used
test_actual_corrupt_native_frame_kept_and_not_applied (test_can_signal.CANSignalTests.test_actual_corrupt_native_frame_kept_and_not_applied) ... ok
test_actual_original_can_group_and_immutable_attempts (test_can_signal.CANSignalTests.test_actual_original_can_group_and_immutable_attempts) ... ok
test_all_eleven_inputs_all_models_original_full_groups (test_can_signal.CANSignalTests.test_all_eleven_inputs_all_models_original_full_groups) ... ok
test_all_four_formal_can_channels_map_original_library_groups (test_can_signal.CANSignalTests.test_all_four_formal_can_channels_map_original_library_groups) ... ok
test_attached_dispatcher_prevents_send_close_and_bypass (test_can_signal.CANSignalTests.test_attached_dispatcher_prevents_send_close_and_bypass) ... ok
test_bus_failure_keeps_original_attempt_and_does_not_retry (test_can_signal.CANSignalTests.test_bus_failure_keeps_original_attempt_and_does_not_retry) ... ok
test_cached_heartbeat_renews_at_acceptance_not_later_delivery (test_can_signal.CANSignalTests.test_cached_heartbeat_renews_at_acceptance_not_later_delivery) ... ok
test_capacity_checked_for_whole_group_before_first_tx (test_can_signal.CANSignalTests.test_capacity_checked_for_whole_group_before_first_tx) ... ok
test_close_failure_retries_same_actual_bus (test_can_signal.CANSignalTests.test_close_failure_retries_same_actual_bus) ... ok
test_close_retry_stops_original_periodic_task_after_shutdown_flag_set (test_can_signal.CANSignalTests.test_close_retry_stops_original_periodic_task_after_shutdown_flag_set) ... ok
test_current_role_capability_and_released_token_checked_before_tx (test_can_signal.CANSignalTests.test_current_role_capability_and_released_token_checked_before_tx) ... ok
test_discarded_actual_pending_plan_can_retire_without_forged_identity (test_can_signal.CANSignalTests.test_discarded_actual_pending_plan_can_retire_without_forged_identity) ... ok
test_drain_preserves_complete_tx_context_and_counter_order (test_can_signal.CANSignalTests.test_drain_preserves_complete_tx_context_and_counter_order) ... ok
test_factory_revocation_keeps_opened_native_bus_owned_until_close (test_can_signal.CANSignalTests.test_factory_revocation_keeps_opened_native_bus_owned_until_close) ... ok
test_fresh_actual_heartbeat_status_renews_from_original_tx_only (test_can_signal.CANSignalTests.test_fresh_actual_heartbeat_status_renews_from_original_tx_only) ... ok
test_full_tx_pool_requires_reserved_failure_slot_before_send (test_can_signal.CANSignalTests.test_full_tx_pool_requires_reserved_failure_slot_before_send) ... ok
test_heartbeat_transaction_cannot_be_reused_after_retirement (test_can_signal.CANSignalTests.test_heartbeat_transaction_cannot_be_reused_after_retirement) ... ok
test_held_session_operation_blocks_other_thread_send_and_close (test_can_signal.CANSignalTests.test_held_session_operation_blocks_other_thread_send_and_close) ... ok
test_invalid_native_metadata_keeps_original_received_wire_bytes (test_can_signal.CANSignalTests.test_invalid_native_metadata_keeps_original_received_wire_bytes) ... ok
test_local_close_preserves_records_reservation_without_remote_safety (test_can_signal.CANSignalTests.test_local_close_preserves_records_reservation_without_remote_safety) ... ok
test_local_retire_frees_capacity_not_wire_authorization_or_reservation (test_can_signal.CANSignalTests.test_local_retire_frees_capacity_not_wire_authorization_or_reservation) ... ok
test_missing_socketcan_default_never_falls_back (test_can_signal.CANSignalTests.test_missing_socketcan_default_never_falls_back) ... ok
test_native_feedback_for_other_pending_group_is_retained_not_lost (test_can_signal.CANSignalTests.test_native_feedback_for_other_pending_group_is_retained_not_lost) ... ok
test_native_receive_failure_retains_bounded_original_request_evidence (test_can_signal.CANSignalTests.test_native_receive_failure_retains_bounded_original_request_evidence) ... ok
test_native_socketcan_close_retry_keeps_original_bcm_and_raw_cleanup (test_can_signal.CANSignalTests.test_native_socketcan_close_retry_keeps_original_bcm_and_raw_cleanup) ... socket.CMSG_SPACE not available on this platform
ok
test_non_none_backend_return_records_unknown_result_and_fails (test_can_signal.CANSignalTests.test_non_none_backend_return_records_unknown_result_and_fails) ... ok
test_one_native_feedback_owner_per_reservation_and_actual_bus (test_can_signal.CANSignalTests.test_one_native_feedback_owner_per_reservation_and_actual_bus) ... ok
test_original_role_revocation_after_native_tx_retains_actual_attempt (test_can_signal.CANSignalTests.test_original_role_revocation_after_native_tx_retains_actual_attempt) ... ok
test_partial_group_expiry_before_next_frame_records_group_failure (test_can_signal.CANSignalTests.test_partial_group_expiry_before_next_frame_records_group_failure) ... ok
test_post_tx_expiry_retains_actual_queued_frame (test_can_signal.CANSignalTests.test_post_tx_expiry_retains_actual_queued_frame) ... ok
test_receive_delay_expiry_does_not_allocate_half_group (test_can_signal.CANSignalTests.test_receive_delay_expiry_does_not_allocate_half_group) ... ok
test_released_reservation_does_not_free_still_open_native_backend (test_can_signal.CANSignalTests.test_released_reservation_does_not_free_still_open_native_backend) ... ok
test_replacement_builder_does_not_reset_session_can_transmit_sequence_floor (test_can_signal.CANSignalTests.test_replacement_builder_does_not_reset_session_can_transmit_sequence_floor) ... ok
test_replacement_builder_preserves_session_heartbeat_transaction_history (test_can_signal.CANSignalTests.test_replacement_builder_preserves_session_heartbeat_transaction_history) ... ok
test_rx_timeout_and_expired_lease_do_not_create_applied (test_can_signal.CANSignalTests.test_rx_timeout_and_expired_lease_do_not_create_applied) ... ok
test_second_sender_cannot_replay_attempt_after_success_or_partial_failure (test_can_signal.CANSignalTests.test_second_sender_cannot_replay_attempt_after_success_or_partial_failure) ... ok
test_sender_replacement_after_close_keeps_shared_attempt_history (test_can_signal.CANSignalTests.test_sender_replacement_after_close_keeps_shared_attempt_history) ... ok
test_signed_zero_original_can_bytes_not_normalized (test_can_signal.CANSignalTests.test_signed_zero_original_can_bytes_not_normalized) ... ok
test_standard_can_feedback_matches_actual_full_tx_and_global_highwater (test_can_signal.CANSignalTests.test_standard_can_feedback_matches_actual_full_tx_and_global_highwater) ... ok
test_strict_limits_timeouts_and_original_binding (test_can_signal.CANSignalTests.test_strict_limits_timeouts_and_original_binding) ... ok
test_untransmitted_or_forged_plan_cannot_read_or_send (test_can_signal.CANSignalTests.test_untransmitted_or_forged_plan_cannot_read_or_send) ... ok

----------------------------------------------------------------------
Ran 41 tests in 29.052s

OK
WARNING: No libpcap provider available ! pcap won't be used
test_actual_record_is_immutable_and_drain_cannot_overlap_tx (test_scapy_source.ScapySourceTests.test_actual_record_is_immutable_and_drain_cannot_overlap_tx) ... ok
test_actual_scapy_complete_frame_and_standard_grant_no_udp_fallback (test_scapy_source.ScapySourceTests.test_actual_scapy_complete_frame_and_standard_grant_no_udp_fallback) ... ok
test_actual_scapy_resource_fragments_keep_original_no_burst_pacing (test_scapy_source.ScapySourceTests.test_actual_scapy_resource_fragments_keep_original_no_burst_pacing) ... ok
test_all_four_formal_eth_mappings_keep_same_standard_contract (test_scapy_source.ScapySourceTests.test_all_four_formal_eth_mappings_keep_same_standard_contract) ... ok
test_bounded_bytes_fail_before_actual_call_and_limits_are_strict (test_scapy_source.ScapySourceTests.test_bounded_bytes_fail_before_actual_call_and_limits_are_strict) ... ok
test_bounded_l2_records_fail_before_send_and_keep_original_prefix (test_scapy_source.ScapySourceTests.test_bounded_l2_records_fail_before_send_and_keep_original_prefix) ... ok
test_close_failure_retries_same_original_pcap_handle (test_scapy_source.ScapySourceTests.test_close_failure_retries_same_original_pcap_handle) ... ok
test_close_retains_records_reservation_and_does_not_report_remote_cleanup (test_scapy_source.ScapySourceTests.test_close_retains_records_reservation_and_does_not_report_remote_cleanup) ... ok
test_constructor_backend_failure_closes_both_udp_sockets (test_scapy_source.ScapySourceTests.test_constructor_backend_failure_closes_both_udp_sockets) ... ok
test_cooperative_original_dispatcher_uses_scapy_and_matching_feedback (test_scapy_source.ScapySourceTests.test_cooperative_original_dispatcher_uses_scapy_and_matching_feedback) ... ok
test_direct_send_and_close_cannot_bypass_attached_dispatcher (test_scapy_source.ScapySourceTests.test_direct_send_and_close_cannot_bypass_attached_dispatcher) ... ok
test_direct_send_and_close_cannot_bypass_session_operation (test_scapy_source.ScapySourceTests.test_direct_send_and_close_cannot_bypass_session_operation) ... ok
test_existing_prepared_bytes_remain_owned_after_later_allocation (test_scapy_source.ScapySourceTests.test_existing_prepared_bytes_remain_owned_after_later_allocation) ... ok
test_expired_grant_rejected_before_send (test_scapy_source.ScapySourceTests.test_expired_grant_rejected_before_send) ... ok
test_explicit_transaction_gap_and_header_mutation_are_not_allocations (test_scapy_source.ScapySourceTests.test_explicit_transaction_gap_and_header_mutation_are_not_allocations) ... ok
test_invalid_backend_return_is_not_success (test_scapy_source.ScapySourceTests.test_invalid_backend_return_is_not_success) ... ok
test_l2_record_drain_rejected_while_original_recorder_attached (test_scapy_source.ScapySourceTests.test_l2_record_drain_rejected_while_original_recorder_attached) ... ok
test_missing_original_l2_backend_never_falls_back (test_scapy_source.ScapySourceTests.test_missing_original_l2_backend_never_falls_back) ... ok
test_no_live_standard_grant_cannot_send_regular_input (test_scapy_source.ScapySourceTests.test_no_live_standard_grant_cannot_send_regular_input) ... ok
test_original_recorded_udp_dispatch_bytes_still_match_outer_frames (test_scapy_source.ScapySourceTests.test_original_recorded_udp_dispatch_bytes_still_match_outer_frames) ... ok
test_post_send_expiry_keeps_actual_transmitted_bytes_and_failure (test_scapy_source.ScapySourceTests.test_post_send_expiry_keeps_actual_transmitted_bytes_and_failure) ... ok
test_released_local_token_cannot_transmit_and_is_not_automatically_reacquired (test_scapy_source.ScapySourceTests.test_released_local_token_cannot_transmit_and_is_not_automatically_reacquired) ... ok
test_role_and_capability_and_sid_are_checked_at_actual_tx (test_scapy_source.ScapySourceTests.test_role_and_capability_and_sid_are_checked_at_actual_tx) ... ok
test_short_write_is_recorded_not_success_and_no_retry_fallback (test_scapy_source.ScapySourceTests.test_short_write_is_recorded_not_success_and_no_retry_fallback) ... ok
test_signed_zero_remains_original_wire_bytes (test_scapy_source.ScapySourceTests.test_signed_zero_remains_original_wire_bytes) ... ok
test_socket_error_retains_complete_attempt_and_dispatch_failure (test_scapy_source.ScapySourceTests.test_socket_error_retains_complete_attempt_and_dispatch_failure) ... ok
test_source_rejects_foreign_reservation_branch_mapping_and_bad_mac (test_scapy_source.ScapySourceTests.test_source_rejects_foreign_reservation_branch_mapping_and_bad_mac) ... ok
test_successful_original_pcap_close_is_not_repeated (test_scapy_source.ScapySourceTests.test_successful_original_pcap_close_is_not_repeated) ... ok

----------------------------------------------------------------------
Ran 28 tests in 15.980s

OK
test_real_grant_header_feeds_replay_and_actual_resource_exchange (test_source_session.ActualResourceSessionTests.test_real_grant_header_feeds_replay_and_actual_resource_exchange) ... WARNING: No libpcap provider available ! pcap won't be used
ok
test_claim_blocks_manual_tx_and_feedback_read_after_construction (test_source_session.ActualSourceSessionTests.test_claim_blocks_manual_tx_and_feedback_read_after_construction) ... ok
test_opening_transaction_follows_prior_manual_transport_use (test_source_session.ActualSourceSessionTests.test_opening_transaction_follows_prior_manual_transport_use) ... ok
test_real_receiver_grant_used_and_missing_capability_stops_before_tx (test_source_session.ActualSourceSessionTests.test_real_receiver_grant_used_and_missing_capability_stops_before_tx) ... ok
test_real_receiver_rejects_wrong_identity_without_local_grant (test_source_session.ActualSourceSessionTests.test_real_receiver_rejects_wrong_identity_without_local_grant) ... ok
test_real_transport_rejects_new_manager_and_delayed_old_grant (test_source_session.ActualSourceSessionTests.test_real_transport_rejects_new_manager_and_delayed_old_grant) ... ok
test_clock_status_nonce_and_request_type_are_correlated (test_source_session.FeedbackCorrelationTests.test_clock_status_nonce_and_request_type_are_correlated) ... ok
test_status_is_only_a_heartbeat_response (test_source_session.FeedbackCorrelationTests.test_status_is_only_a_heartbeat_response) ... ok
test_unrelated_status_clock_feedback_is_not_an_ack (test_source_session.FeedbackCorrelationTests.test_unrelated_status_clock_feedback_is_not_an_ack) ... ok
test_backward_or_bool_source_mono_is_rejected_without_send (test_source_session.SourceSessionTests.test_backward_or_bool_source_mono_is_rejected_without_send) ... ok
test_bad_target_and_counter_wrap_reject (test_source_session.SourceSessionTests.test_bad_target_and_counter_wrap_reject) ... ok
test_clock_failure_after_reply_keeps_untrusted_exchange_record (test_source_session.SourceSessionTests.test_clock_failure_after_reply_keeps_untrusted_exchange_record) ... ok
test_conservative_lease_starts_before_exchange_not_on_late_reply (test_source_session.SourceSessionTests.test_conservative_lease_starts_before_exchange_not_on_late_reply) ... ok
test_explicit_transaction_reservation_never_collides_with_auto_counter (test_source_session.SourceSessionTests.test_explicit_transaction_reservation_never_collides_with_auto_counter) ... ok
test_failed_heartbeat_and_ordinary_feedback_do_not_renew_lease (test_source_session.SourceSessionTests.test_failed_heartbeat_and_ordinary_feedback_do_not_renew_lease) ... ok
test_heartbeat_uses_actual_last_feedback_and_explicit_sender_step (test_source_session.SourceSessionTests.test_heartbeat_uses_actual_last_feedback_and_explicit_sender_step) ... ok
test_invalid_constructor_limits_identity_and_roles_reject (test_source_session.SourceSessionTests.test_invalid_constructor_limits_identity_and_roles_reject) ... ok
test_invalid_payload_does_not_consume_sequence_or_send (test_source_session.SourceSessionTests.test_invalid_payload_does_not_consume_sequence_or_send) ... ok
test_local_abandon_is_not_a_remote_close_reset_or_clear_queues (test_source_session.SourceSessionTests.test_local_abandon_is_not_a_remote_close_reset_or_clear_queues) ... ok
test_one_counter_owner_per_transport_even_after_local_close (test_source_session.SourceSessionTests.test_one_counter_owner_per_transport_even_after_local_close) ... ok
test_open_after_the_entire_lease_cannot_create_a_live_local_session (test_source_session.SourceSessionTests.test_open_after_the_entire_lease_cannot_create_a_live_local_session) ... ok
test_open_captures_actual_grant_and_allocates_global_fresh_headers (test_source_session.SourceSessionTests.test_open_captures_actual_grant_and_allocates_global_fresh_headers) ... ok
test_open_validates_both_baselines_roles_sid_and_model (test_source_session.SourceSessionTests.test_open_validates_both_baselines_roles_sid_and_model) ... ok
test_record_capacity_rejects_before_send_and_drain_does_not_clear_session (test_source_session.SourceSessionTests.test_record_capacity_rejects_before_send_and_drain_does_not_clear_session) ... ok
test_records_and_capabilities_are_immutable_detached (test_source_session.SourceSessionTests.test_records_and_capabilities_are_immutable_detached) ... ok
test_reopen_requires_explicit_local_abandon_and_never_reuses_nonce_or_sid (test_source_session.SourceSessionTests.test_reopen_requires_explicit_local_abandon_and_never_reuses_nonce_or_sid) ... ok
test_request_keeps_real_failed_feedback_without_manufacturing_stage (test_source_session.SourceSessionTests.test_request_keeps_real_failed_feedback_without_manufacturing_stage) ... ok
test_request_payload_detaches_from_callers_during_transport_exchange (test_source_session.SourceSessionTests.test_request_payload_detaches_from_callers_during_transport_exchange) ... ok
test_roles_capability_and_model_are_checked_before_allocation (test_source_session.SourceSessionTests.test_roles_capability_and_model_are_checked_before_allocation) ... ok
test_session_module_exists (test_source_session.SourceSessionTests.test_session_module_exists) ... ok
test_transport_timeout_is_recorded_without_faking_response_or_session (test_source_session.SourceSessionTests.test_transport_timeout_is_recorded_without_faking_response_or_session) ... ok

----------------------------------------------------------------------
Ran 31 tests in 6.283s

OK
test_large_earlier_group_is_admitted_before_later_small_group (test_dispatch.ActualResourceDispatchTests.test_large_earlier_group_is_admitted_before_later_small_group) ... ok
test_lost_unadmitted_earlier_sequence_is_failed_not_silently_renumbered (test_dispatch.ActualResourceDispatchTests.test_lost_unadmitted_earlier_sequence_is_failed_not_silently_renumbered) ... ok
test_two_actual_worker_resources_interleaved_complete_without_model_claim (test_dispatch.ActualResourceDispatchTests.test_two_actual_worker_resources_interleaved_complete_without_model_claim) ... ok
test_actual_multi_inflight_out_of_order_feedback_and_terminal_records (test_dispatch.DispatcherTests.test_actual_multi_inflight_out_of_order_feedback_and_terminal_records) ... ok
test_auto_heartbeat_late_tick_rejected_not_catchup_and_records_are_immutable (test_dispatch.DispatcherTests.test_auto_heartbeat_late_tick_rejected_not_catchup_and_records_are_immutable) ... ok
test_capacity_before_allocation_and_local_close_releases_binding_not_remote_session (test_dispatch.DispatcherTests.test_capacity_before_allocation_and_local_close_releases_binding_not_remote_session) ... ok
test_clock_failure_after_actual_tx_keeps_wire_and_progress (test_dispatch.DispatcherTests.test_clock_failure_after_actual_tx_keeps_wire_and_progress) ... ok
test_clock_failure_still_cancels_locally_without_inventing_timestamp (test_dispatch.DispatcherTests.test_clock_failure_still_cancels_locally_without_inventing_timestamp) ... ok
test_deferred_heartbeat_checks_actual_tx_deadline (test_dispatch.DispatcherTests.test_deferred_heartbeat_checks_actual_tx_deadline) ... ok
test_final_resource_late_actual_feedback_is_retained_but_not_complete (test_dispatch.DispatcherTests.test_final_resource_late_actual_feedback_is_retained_but_not_complete) ... ok
test_heartbeat_keeps_conservative_session_live_during_resource_wait (test_dispatch.DispatcherTests.test_heartbeat_keeps_conservative_session_live_during_resource_wait) ... ok
test_lease_expiry_after_actual_tx_keeps_wire_but_fails_run (test_dispatch.DispatcherTests.test_lease_expiry_after_actual_tx_keeps_wire_but_fails_run) ... ok
test_lease_expiry_inside_poll_stops_before_actual_tx (test_dispatch.DispatcherTests.test_lease_expiry_inside_poll_stops_before_actual_tx) ... ok
test_nonfinal_resource_feedback_during_paced_retry_is_not_lost (test_dispatch.DispatcherTests.test_nonfinal_resource_feedback_during_paced_retry_is_not_lost) ... ok
test_received_is_not_terminal_and_unrelated_heartbeat_can_complete (test_dispatch.DispatcherTests.test_received_is_not_terminal_and_unrelated_heartbeat_can_complete) ... ok
test_record_capacity_preserves_existing_and_rejects_before_sequence (test_dispatch.DispatcherTests.test_record_capacity_preserves_existing_and_rejects_before_sequence) ... ok
test_reliable_four_original_attempts_periodic_one_and_timeout (test_dispatch.DispatcherTests.test_reliable_four_original_attempts_periodic_one_and_timeout) ... ok
test_interleaved_same_transaction_ack_matches_original_sequence (test_dispatch.MatchingTests.test_interleaved_same_transaction_ack_matches_original_sequence) ... ok
test_matching_list_is_bounded_strict_and_unique (test_dispatch.MatchingTests.test_matching_list_is_bounded_strict_and_unique) ... ok
test_matured_resource_reservations_do_not_burst_after_delayed_poll (test_dispatch.MatchingTests.test_matured_resource_reservations_do_not_burst_after_delayed_poll) ... ok
test_nonblocking_typed_feedback_does_not_drop_other_pending_request (test_dispatch.MatchingTests.test_nonblocking_typed_feedback_does_not_drop_other_pending_request) ... ok

----------------------------------------------------------------------
Ran 21 tests in 13.663s

OK
WARNING: No libpcap provider available ! pcap won't be used
test_action_owner_busy_or_replaced_fails_without_worker_or_reclaim (test_scenario_evidence_recorder.ScenarioRecorderTests.test_action_owner_busy_or_replaced_fails_without_worker_or_reclaim) ... ok
test_actions_continue_after_verified_segment_and_plan_saved_once (test_scenario_evidence_recorder.ScenarioRecorderTests.test_actions_continue_after_verified_segment_and_plan_saved_once) ... ok
test_actual_controller_records_and_named_cleanup_are_saved_not_qualified (test_scenario_evidence_recorder.ScenarioRecorderTests.test_actual_controller_records_and_named_cleanup_are_saved_not_qualified) ... ok
test_closed_run_record_fields_handles_and_bytes_are_lossless (test_scenario_evidence_recorder.ScenarioRecorderTests.test_closed_run_record_fields_handles_and_bytes_are_lossless) ... ok
test_count_and_byte_limits_do_not_reclaim_or_allocate_worker (test_scenario_evidence_recorder.ScenarioRecorderTests.test_count_and_byte_limits_do_not_reclaim_or_allocate_worker) ... ok
test_equal_action_record_replacement_refuses_all_stream_commit (test_scenario_evidence_recorder.ScenarioRecorderTests.test_equal_action_record_replacement_refuses_all_stream_commit) ... ok
test_persisted_plan_keeps_exact_original_identity_and_resource_bytes (test_scenario_evidence_recorder.ScenarioRecorderTests.test_persisted_plan_keeps_exact_original_identity_and_resource_bytes) ... ok
test_replaced_plan_is_rejected_before_action_allocation_or_tx (test_scenario_evidence_recorder.ScenarioRecorderTests.test_replaced_plan_is_rejected_before_action_allocation_or_tx) ... ok
test_required_original_scenario_recording_entry (test_scenario_evidence_recorder.ScenarioRecorderTests.test_required_original_scenario_recording_entry) ... ok
test_required_plan_and_event_identifiers_cannot_be_null (test_scenario_evidence_recorder.ScenarioRecorderTests.test_required_plan_and_event_identifiers_cannot_be_null) ... ok
test_saved_history_cannot_be_replaced_before_next_segment (test_scenario_evidence_recorder.ScenarioRecorderTests.test_saved_history_cannot_be_replaced_before_next_segment) ... ok
test_scenario_rows_cannot_be_downgraded_to_native_only_format (test_scenario_evidence_recorder.ScenarioRecorderTests.test_scenario_rows_cannot_be_downgraded_to_native_only_format) ... ok
test_unconsumed_eth_terminal_feedback_keeps_same_job_until_action_poll (test_scenario_evidence_recorder.ScenarioRecorderTests.test_unconsumed_eth_terminal_feedback_keeps_same_job_until_action_poll) ... ok

----------------------------------------------------------------------
Ran 13 tests in 24.784s

OK
WARNING: No libpcap provider available ! pcap won't be used
test_all_nine_incremental_receipts_are_bounded_and_survive_failure (test_scenario_execution.ScenarioExecutionTests.test_all_nine_incremental_receipts_are_bounded_and_survive_failure) ... ok
test_begin_failure_record_names_original_attempted_event (test_scenario_execution.ScenarioExecutionTests.test_begin_failure_record_names_original_attempted_event) ... ok
test_cleanup_exception_record_is_distinct_from_prior_run_failure (test_scenario_execution.ScenarioExecutionTests.test_cleanup_exception_record_is_distinct_from_prior_run_failure) ... ok
test_cleanup_missing_one_of_nine_fields_never_local_stopped (test_scenario_execution.ScenarioExecutionTests.test_cleanup_missing_one_of_nine_fields_never_local_stopped) ... ok
test_cleanup_unknown_error_is_normalized_to_frozen_resource (test_scenario_execution.ScenarioExecutionTests.test_cleanup_unknown_error_is_normalized_to_frozen_resource) ... ok
test_complete_budget_rejects_million_actions_before_any_driver_call (test_scenario_execution.ScenarioExecutionTests.test_complete_budget_rejects_million_actions_before_any_driver_call) ... ok
test_completed_short_root_does_not_timeout_while_long_root_is_pending (test_scenario_execution.ScenarioExecutionTests.test_completed_short_root_does_not_timeout_while_long_root_is_pending) ... ok
test_driver_non_icd_exception_is_recorded_and_cleanup_runs (test_scenario_execution.ScenarioExecutionTests.test_driver_non_icd_exception_is_recorded_and_cleanup_runs) ... ok
test_driver_reentrancy_is_rejected_without_second_execution (test_scenario_execution.ScenarioExecutionTests.test_driver_reentrancy_is_rejected_without_second_execution) ... ok
test_each_root_assertion_deadline_is_enforced_independently (test_scenario_execution.ScenarioExecutionTests.test_each_root_assertion_deadline_is_enforced_independently) ... ok
test_end_waits_for_outstanding_assert_operation_before_cleanup (test_scenario_execution.ScenarioExecutionTests.test_end_waits_for_outstanding_assert_operation_before_cleanup) ... ok
test_event_assertions_do_not_start_as_root_assertions_before_their_events (test_scenario_execution.ScenarioExecutionTests.test_event_assertions_do_not_start_as_root_assertions_before_their_events) ... ok
test_failure_reaches_cleanup_without_starting_later_events (test_scenario_execution.ScenarioExecutionTests.test_failure_reaches_cleanup_without_starting_later_events) ... ok
test_foreign_progress_handle_is_rejected_and_cleanup_requested (test_scenario_execution.ScenarioExecutionTests.test_foreign_progress_handle_is_rejected_and_cleanup_requested) ... ok
test_forged_compiled_plan_and_unknown_progress_are_not_trusted (test_scenario_execution.ScenarioExecutionTests.test_forged_compiled_plan_and_unknown_progress_are_not_trusted) ... ok
test_incremental_cleanup_pending_receipts_are_retained_once (test_scenario_execution.ScenarioExecutionTests.test_incremental_cleanup_pending_receipts_are_retained_once) ... ok
test_incremental_cleanup_requires_all_nine_receipts (test_scenario_execution.ScenarioExecutionTests.test_incremental_cleanup_requires_all_nine_receipts) ... ok
test_missing_driver_and_preflight_rejection_never_start_or_dispatch (test_scenario_execution.ScenarioExecutionTests.test_missing_driver_and_preflight_rejection_never_start_or_dispatch) ... ok
test_pending_limit_fails_before_next_begin_without_partial_overwrite (test_scenario_execution.ScenarioExecutionTests.test_pending_limit_fails_before_next_begin_without_partial_overwrite) ... ok
test_periodic_and_waveform_sampling_uses_original_order_without_duplication (test_scenario_execution.ScenarioExecutionTests.test_periodic_and_waveform_sampling_uses_original_order_without_duplication) ... ok
test_poll_exception_preserves_original_failed_handle_not_cancellation (test_scenario_execution.ScenarioExecutionTests.test_poll_exception_preserves_original_failed_handle_not_cancellation) ... ok
test_root_assertions_and_same_original_complete_stimulus_are_retained (test_scenario_execution.ScenarioExecutionTests.test_root_assertions_and_same_original_complete_stimulus_are_retained) ... ok
test_root_assertions_must_finish_before_cleanup (test_scenario_execution.ScenarioExecutionTests.test_root_assertions_must_finish_before_cleanup) ... ok
test_same_handle_for_two_operations_is_rejected (test_scenario_execution.ScenarioExecutionTests.test_same_handle_for_two_operations_is_rejected) ... ok
test_skip_model_step_fails_without_catchup_or_new_handle (test_scenario_execution.ScenarioExecutionTests.test_skip_model_step_fails_without_catchup_or_new_handle) ... ok
test_stop_cleanup_once_and_does_not_reexecute_or_claim_remote_safety (test_scenario_execution.ScenarioExecutionTests.test_stop_cleanup_once_and_does_not_reexecute_or_claim_remote_safety) ... ok
test_strict_step_types_backwards_and_second_start (test_scenario_execution.ScenarioExecutionTests.test_strict_step_types_backwards_and_second_start) ... ok
test_successful_stop_retains_local_cancellation_and_nine_cleanup_receipts (test_scenario_execution.ScenarioExecutionTests.test_successful_stop_retains_local_cancellation_and_nine_cleanup_receipts) ... ok
test_ten_original_event_kinds_and_replay_negative_fields_not_changed (test_scenario_execution.ScenarioExecutionTests.test_ten_original_event_kinds_and_replay_negative_fields_not_changed) ... ok
test_terminal_records_keep_original_runtime_handle_correlation (test_scenario_execution.ScenarioExecutionTests.test_terminal_records_keep_original_runtime_handle_correlation) ... ok
test_unhashable_adapter_error_code_cannot_escape_failure_recording (test_scenario_execution.ScenarioExecutionTests.test_unhashable_adapter_error_code_cannot_escape_failure_recording) ... ok
test_wait_blocks_same_step_following_until_original_handle_completes (test_scenario_execution.ScenarioExecutionTests.test_wait_blocks_same_step_following_until_original_handle_completes) ... ok
test_wait_does_not_rewrite_overdue_absolute_steps_after_release (test_scenario_execution.ScenarioExecutionTests.test_wait_does_not_rewrite_overdue_absolute_steps_after_release) ... ok
test_wait_timeout_is_enforced_even_if_driver_stays_pending (test_scenario_execution.ScenarioExecutionTests.test_wait_timeout_is_enforced_even_if_driver_stays_pending) ... ok

----------------------------------------------------------------------
Ran 34 tests in 18.161s

OK
WARNING: No libpcap provider available ! pcap won't be used
test_actual_original_native_tx_and_feedback_inside_controller (test_scenario_driver.ScenarioDriverTests.test_actual_original_native_tx_and_feedback_inside_controller) ... ok
test_bad_local_cleanup_clock_still_attempts_remote_cleanup (test_scenario_driver.ScenarioDriverTests.test_bad_local_cleanup_clock_still_attempts_remote_cleanup) ... ok
test_cleanup_accumulates_original_incremental_receipts (test_scenario_driver.ScenarioDriverTests.test_cleanup_accumulates_original_incremental_receipts) ... ok
test_cleanup_can_confirm_actual_original_source_close (test_scenario_driver.ScenarioDriverTests.test_cleanup_can_confirm_actual_original_source_close) ... ok
test_cleanup_deadline_clock_failure_is_local_not_remote (test_scenario_driver.ScenarioDriverTests.test_cleanup_deadline_clock_failure_is_local_not_remote) ... ok
test_cleanup_error_history_stays_bounded_and_invalid_receipts_are_closed (test_scenario_driver.ScenarioDriverTests.test_cleanup_error_history_stays_bounded_and_invalid_receipts_are_closed) ... ok
test_cleanup_has_local_monotonic_deadline (test_scenario_driver.ScenarioDriverTests.test_cleanup_has_local_monotonic_deadline) ... ok
test_cleanup_provider_session_change_cannot_count_new_receipts (test_scenario_driver.ScenarioDriverTests.test_cleanup_provider_session_change_cannot_count_new_receipts) ... ok
test_cleanup_session_change_before_poll_never_calls_remote (test_scenario_driver.ScenarioDriverTests.test_cleanup_session_change_before_poll_never_calls_remote) ... ok
test_cleanup_stale_session_stops_local_without_remote_begin (test_scenario_driver.ScenarioDriverTests.test_cleanup_stale_session_stops_local_without_remote_begin) ... ok
test_cleanup_starts_remote_even_when_local_stop_needs_retry (test_scenario_driver.ScenarioDriverTests.test_cleanup_starts_remote_even_when_local_stop_needs_retry) ... ok
test_cleanup_synchronous_original_close_can_deliver_final_receipt (test_scenario_driver.ScenarioDriverTests.test_cleanup_synchronous_original_close_can_deliver_final_receipt) ... ok
test_closing_another_sid_cannot_confirm_original_cleanup (test_scenario_driver.ScenarioDriverTests.test_closing_another_sid_cannot_confirm_original_cleanup) ... ok
test_delegate_begin_failure_is_not_retried (test_scenario_driver.ScenarioDriverTests.test_delegate_begin_failure_is_not_retried) ... ok
test_empty_provider_handle_cannot_be_wrapped_as_valid_action (test_scenario_driver.ScenarioDriverTests.test_empty_provider_handle_cannot_be_wrapped_as_valid_action) ... ok
test_empty_provider_handle_cannot_be_wrapped_as_valid_root_assertion (test_scenario_driver.ScenarioDriverTests.test_empty_provider_handle_cannot_be_wrapped_as_valid_root_assertion) ... ok
test_explicit_none_step_cannot_start_remote_cleanup (test_scenario_driver.ScenarioDriverTests.test_explicit_none_step_cannot_start_remote_cleanup) ... ok
test_finite_handle_budget_and_reentry_are_rejected (test_scenario_driver.ScenarioDriverTests.test_finite_handle_budget_and_reentry_are_rejected) ... ok
test_forged_root_assertion_metadata_is_rejected_before_service_begin (test_scenario_driver.ScenarioDriverTests.test_forged_root_assertion_metadata_is_rejected_before_service_begin) ... ok
test_frozen_model_native_target_must_equal_actual_current_step (test_scenario_driver.ScenarioDriverTests.test_frozen_model_native_target_must_equal_actual_current_step) ... ok
test_missing_receipt_never_becomes_complete (test_scenario_driver.ScenarioDriverTests.test_missing_receipt_never_becomes_complete) ... ok
test_missing_services_or_status_never_allocates_or_transmits (test_scenario_driver.ScenarioDriverTests.test_missing_services_or_status_never_allocates_or_transmits) ... ok
test_partition_preserves_original_nonnative_link_and_plan (test_scenario_driver.ScenarioDriverTests.test_partition_preserves_original_nonnative_link_and_plan) ... ok
test_remote_terminal_receipt_is_not_repolled_while_local_recovery_pending (test_scenario_driver.ScenarioDriverTests.test_remote_terminal_receipt_is_not_repolled_while_local_recovery_pending) ... ok
test_service_begin_session_change_retains_attempt_without_retry (test_scenario_driver.ScenarioDriverTests.test_service_begin_session_change_retains_attempt_without_retry) ... ok
test_service_poll_exception_retains_context_and_separate_remote_error (test_scenario_driver.ScenarioDriverTests.test_service_poll_exception_retains_context_and_separate_remote_error) ... ok
test_service_poll_session_change_cannot_cache_completion (test_scenario_driver.ScenarioDriverTests.test_service_poll_session_change_cannot_cache_completion) ... ok
test_strict_observed_step_target_and_action_before_native_allocation (test_scenario_driver.ScenarioDriverTests.test_strict_observed_step_target_and_action_before_native_allocation) ... ok
test_whole_plan_service_preflight_failure_precedes_native_send (test_scenario_driver.ScenarioDriverTests.test_whole_plan_service_preflight_failure_precedes_native_send) ... ok
test_wrapped_original_handles_reject_forged_or_foreign_progress (test_scenario_driver.ScenarioDriverTests.test_wrapped_original_handles_reject_forged_or_foreign_progress) ... ok
test_wrong_kind_on_native_link_remains_service_event (test_scenario_driver.ScenarioDriverTests.test_wrong_kind_on_native_link_remains_service_event) ... ok

----------------------------------------------------------------------
Ran 31 tests in 54.744s

OK
WARNING: No libpcap provider available ! pcap won't be used
test_can_only_plan_still_requires_common_original_reservation_book (test_native_scenario_actions.NativeScenarioActionTests.test_can_only_plan_still_requires_common_original_reservation_book) ... ok
test_elapsed_original_can_validity_fails_without_late_application_claim (test_native_scenario_actions.NativeScenarioActionTests.test_elapsed_original_can_validity_fails_without_late_application_claim) ... ok
test_empty_native_poll_does_not_create_failed_observations (test_native_scenario_actions.NativeScenarioActionTests.test_empty_native_poll_does_not_create_failed_observations) ... ok
test_expired_grant_or_unpublished_capability_reject_without_tx (test_native_scenario_actions.NativeScenarioActionTests.test_expired_grant_or_unpublished_capability_reject_without_tx) ... ok
test_failed_post_allocation_preparation_has_owned_recoverable_context (test_native_scenario_actions.NativeScenarioActionTests.test_failed_post_allocation_preparation_has_owned_recoverable_context) ... ok
test_finite_run_budgets_preflight_before_original_input_allocation (test_native_scenario_actions.NativeScenarioActionTests.test_finite_run_budgets_preflight_before_original_input_allocation) ... ok
test_forged_action_duplicate_begin_and_foreign_handle_reject (test_native_scenario_actions.NativeScenarioActionTests.test_forged_action_duplicate_begin_and_foreign_handle_reject) ... ok
test_intermediate_ack_is_not_completion_and_terminal_is_remote_claim_only (test_native_scenario_actions.NativeScenarioActionTests.test_intermediate_ack_is_not_completion_and_terminal_is_remote_claim_only) ... ok
test_invalid_original_contract_is_a_closed_error_not_attribute_failure (test_native_scenario_actions.NativeScenarioActionTests.test_invalid_original_contract_is_a_closed_error_not_attribute_failure) ... ok
test_local_can_reclaim_survives_detach_and_new_dispatcher (test_native_scenario_actions.NativeScenarioActionTests.test_local_can_reclaim_survives_detach_and_new_dispatcher) ... ok
test_local_can_reclaim_survives_failed_and_completed_shared_close (test_native_scenario_actions.NativeScenarioActionTests.test_local_can_reclaim_survives_failed_and_completed_shared_close) ... ok
test_local_reclaim_failure_is_not_hidden_by_remote_terminal_claim (test_native_scenario_actions.NativeScenarioActionTests.test_local_reclaim_failure_is_not_hidden_by_remote_terminal_claim) ... ok
test_missing_original_send_branch_never_falls_back (test_native_scenario_actions.NativeScenarioActionTests.test_missing_original_send_branch_never_falls_back) ... ok
test_native_can_and_scapy_preserve_original_stimulus_sid_and_feedback (test_native_scenario_actions.NativeScenarioActionTests.test_native_can_and_scapy_preserve_original_stimulus_sid_and_feedback) ... ok
test_original_record_drain_cannot_turn_pending_request_into_success (test_native_scenario_actions.NativeScenarioActionTests.test_original_record_drain_cannot_turn_pending_request_into_success) ... ok
test_original_selected_protocol_must_declare_every_scheduled_can_message (test_native_scenario_actions.NativeScenarioActionTests.test_original_selected_protocol_must_declare_every_scheduled_can_message) ... ok
test_original_wave_periodic_and_fault_values_are_not_replaced (test_native_scenario_actions.NativeScenarioActionTests.test_original_wave_periodic_and_fault_values_are_not_replaced) ... ok
test_other_event_handlers_are_not_claimed_as_implemented (test_native_scenario_actions.NativeScenarioActionTests.test_other_event_handlers_are_not_claimed_as_implemented) ... ok
test_partial_native_send_failure_is_retained_not_retried (test_native_scenario_actions.NativeScenarioActionTests.test_partial_native_send_failure_is_retained_not_retried) ... ok
test_pending_limit_rejects_before_second_original_allocation (test_native_scenario_actions.NativeScenarioActionTests.test_pending_limit_rejects_before_second_original_allocation) ... ok
test_plain_udp_is_not_used_as_original_ethgen (test_native_scenario_actions.NativeScenarioActionTests.test_plain_udp_is_not_used_as_original_ethgen) ... ok
test_preflight_checks_native_actions_without_allocation_or_transmission (test_native_scenario_actions.NativeScenarioActionTests.test_preflight_checks_native_actions_without_allocation_or_transmission) ... ok
test_reentry_rejects_before_allocating_another_event (test_native_scenario_actions.NativeScenarioActionTests.test_reentry_rejects_before_allocating_another_event) ... ok
test_standalone_original_scapy_does_not_require_an_unrelated_can_backend (test_native_scenario_actions.NativeScenarioActionTests.test_standalone_original_scapy_does_not_require_an_unrelated_can_backend) ... ok
test_stop_cancels_only_owned_groups_preserving_shared_backends (test_native_scenario_actions.NativeScenarioActionTests.test_stop_cancels_only_owned_groups_preserving_shared_backends) ... ok
test_stop_still_cancels_udp_group_after_begin_poll_failure (test_native_scenario_actions.NativeScenarioActionTests.test_stop_still_cancels_udp_group_after_begin_poll_failure) ... ok
test_strict_original_steps_and_explicit_target_no_counter_on_rejection (test_native_scenario_actions.NativeScenarioActionTests.test_strict_original_steps_and_explicit_target_no_counter_on_rejection) ... ok
test_typed_action_metadata_cannot_use_equal_bool_values (test_native_scenario_actions.NativeScenarioActionTests.test_typed_action_metadata_cannot_use_equal_bool_values) ... ok

----------------------------------------------------------------------
Ran 28 tests in 36.325s

OK
WARNING: No libpcap provider available ! pcap won't be used
test_actual_can_records_and_original_source_roundtrip_without_drain (test_native_evidence_archive.NativeArchiveTests.test_actual_can_records_and_original_source_roundtrip_without_drain) ... ok
test_actual_closed_original_owners_can_still_be_archived (test_native_evidence_archive.NativeArchiveTests.test_actual_closed_original_owners_can_still_be_archived) ... ok
test_actual_scapy_opening_l2_records_are_not_dropped (test_native_evidence_archive.NativeArchiveTests.test_actual_scapy_opening_l2_records_are_not_dropped) ... ok
test_all_four_actual_can_senders_keep_their_original_channels (test_native_evidence_archive.NativeArchiveTests.test_all_four_actual_can_senders_keep_their_original_channels) ... ok
test_can_timestamp_negative_zero_and_nan_bits_are_retained_exactly (test_native_evidence_archive.NativeArchiveTests.test_can_timestamp_negative_zero_and_nan_bits_are_retained_exactly) ... ok
test_closed_native_field_domains_and_original_integer_metadata (test_native_evidence_archive.NativeArchiveTests.test_closed_native_field_domains_and_original_integer_metadata) ... ok
test_exact_native_count_and_complete_byte_bounds (test_native_evidence_archive.NativeArchiveTests.test_exact_native_count_and_complete_byte_bounds) ... ok
test_native_snapshot_locks_and_wrong_owner_fail_without_reclaim (test_native_evidence_archive.NativeArchiveTests.test_native_snapshot_locks_and_wrong_owner_fail_without_reclaim) ... ok
test_old_format_cannot_claim_native_rows_and_tampered_flags_fail (test_native_evidence_archive.NativeArchiveTests.test_old_format_cannot_claim_native_rows_and_tampered_flags_fail) ... ok
test_replaced_native_sender_list_cannot_drop_original_records (test_native_evidence_archive.NativeArchiveTests.test_replaced_native_sender_list_cannot_drop_original_records) ... ok
test_required_native_archive_api_exists (test_native_evidence_archive.NativeArchiveTests.test_required_native_archive_api_exists) ... ok

----------------------------------------------------------------------
Ran 11 tests in 17.044s

OK
WARNING: No libpcap provider available ! pcap won't be used
test_actual_scapy_two_segments_reclaim_l2_bytes_and_readback_close (test_native_evidence_recorder.NativeRecorderTests.test_actual_scapy_two_segments_reclaim_l2_bytes_and_readback_close) ... ok
test_all_five_actual_streams_share_original_can_scapy_actions_and_persistent_readback (test_native_evidence_recorder.NativeRecorderTests.test_all_five_actual_streams_share_original_can_scapy_actions_and_persistent_readback) ... ok
test_all_native_locks_reject_flush_without_allocating_worker (test_native_evidence_recorder.NativeRecorderTests.test_all_native_locks_reject_flush_without_allocating_worker) ... ok
test_all_native_side_drains_are_blocked_but_send_is_not (test_native_evidence_recorder.NativeRecorderTests.test_all_native_side_drains_are_blocked_but_send_is_not) ... ok
test_four_sender_prefixes_remain_valid_when_first_channel_appends (test_native_evidence_recorder.NativeRecorderTests.test_four_sender_prefixes_remain_valid_when_first_channel_appends) ... ok
test_native_accounting_failure_reclaims_no_other_stream (test_native_evidence_recorder.NativeRecorderTests.test_native_accounting_failure_reclaims_no_other_stream) ... ok
test_native_backend_close_does_not_lose_final_records (test_native_evidence_recorder.NativeRecorderTests.test_native_backend_close_does_not_lose_final_records) ... ok
test_native_sending_continues_while_real_writer_is_busy_and_prefix_only_reclaimed (test_native_evidence_recorder.NativeRecorderTests.test_native_sending_continues_while_real_writer_is_busy_and_prefix_only_reclaimed) ... ok
test_recording_cannot_adopt_replaced_sender_binding_before_tx (test_native_evidence_recorder.NativeRecorderTests.test_recording_cannot_adopt_replaced_sender_binding_before_tx) ... ok
test_required_native_continuous_recorder (test_native_evidence_recorder.NativeRecorderTests.test_required_native_continuous_recorder) ... ok
test_scapy_prefix_accounting_failure_retains_source_and_l2 (test_native_evidence_recorder.NativeRecorderTests.test_scapy_prefix_accounting_failure_retains_source_and_l2) ... ok
test_writer_failure_retains_native_bytes_and_unpersisted_counts (test_native_evidence_recorder.NativeRecorderTests.test_writer_failure_retains_native_bytes_and_unpersisted_counts) ... ok

----------------------------------------------------------------------
Ran 12 tests in 25.335s

OK
test_actual_bad_crc_and_full_oversize_datagrams_are_saved_byte_exact (test_evidence_archive.ArchiveTests.test_actual_bad_crc_and_full_oversize_datagrams_are_saved_byte_exact) ... ok
test_actual_new_directory_readback_and_existing_directory_not_overwritten (test_evidence_archive.ArchiveTests.test_actual_new_directory_readback_and_existing_directory_not_overwritten) ... ok
test_actual_snapshot_roundtrips_all_original_records_without_drain_or_qualification (test_evidence_archive.ArchiveTests.test_actual_snapshot_roundtrips_all_original_records_without_drain_or_qualification) ... ok
test_closed_inbox_and_dispatcher_failure_records_remain_archivable (test_evidence_archive.ArchiveTests.test_closed_inbox_and_dispatcher_failure_records_remain_archivable) ... ok
test_corrupt_readback_never_publishes_manifest (test_evidence_archive.ArchiveTests.test_corrupt_readback_never_publishes_manifest) ... ok
test_directory_inventory_rejects_extra_entry_without_unbounded_scan (test_evidence_archive.ArchiveTests.test_directory_inventory_rejects_extra_entry_without_unbounded_scan) ... ok
test_exact_record_and_byte_bounds_and_strict_limit_types (test_evidence_archive.ArchiveTests.test_exact_record_and_byte_bounds_and_strict_limit_types) ... ok
test_explicit_run_identity_is_not_a_path_or_current_authorization (test_evidence_archive.ArchiveTests.test_explicit_run_identity_is_not_a_path_or_current_authorization) ... ok
test_foreign_inbox_rejected_before_snapshot (test_evidence_archive.ArchiveTests.test_foreign_inbox_rejected_before_snapshot) ... ok
test_fsync_or_publication_failure_retains_incomplete_directory_and_memory (test_evidence_archive.ArchiveTests.test_fsync_or_publication_failure_retains_incomplete_directory_and_memory) ... ok
test_invalid_archive_cannot_create_owned_directory (test_evidence_archive.ArchiveTests.test_invalid_archive_cannot_create_owned_directory) ... ok
test_local_source_close_keeps_failed_history_archivable_without_live_grant (test_evidence_archive.ArchiveTests.test_local_source_close_keeps_failed_history_archivable_without_live_grant) ... ok
test_no_inbox_snapshot_never_invents_missing_original_rx (test_evidence_archive.ArchiveTests.test_no_inbox_snapshot_never_invents_missing_original_rx) ... ok
test_readback_size_limit_and_record_limit_are_fail_closed (test_evidence_archive.ArchiveTests.test_readback_size_limit_and_record_limit_are_fail_closed) ... ok
test_rehashed_unknown_record_fields_and_bad_base64_are_not_accepted (test_evidence_archive.ArchiveTests.test_rehashed_unknown_record_fields_and_bad_base64_are_not_accepted) ... ok
test_snapshot_is_detached_immutable_and_keeps_new_records_out (test_evidence_archive.ArchiveTests.test_snapshot_is_detached_immutable_and_keeps_new_records_out) ... ok
test_source_and_dispatcher_owner_locks_reject_concurrent_snapshot (test_evidence_archive.ArchiveTests.test_source_and_dispatcher_owner_locks_reject_concurrent_snapshot) ... ok
test_symbolic_archive_file_rejected_before_reading_contents (test_evidence_archive.ArchiveTests.test_symbolic_archive_file_rejected_before_reading_contents) ... ok
test_tampered_missing_or_extra_files_and_wrong_baseline_fail_readback (test_evidence_archive.ArchiveTests.test_tampered_missing_or_extra_files_and_wrong_baseline_fail_readback) ... ok
test_uint64_strings_and_packed_negative_zero_bytes_not_normalized (test_evidence_archive.ArchiveTests.test_uint64_strings_and_packed_negative_zero_bytes_not_normalized) ... ok

----------------------------------------------------------------------
Ran 20 tests in 12.861s

OK
test_actual_background_persistence_reclaims_only_saved_original_prefix (test_evidence_recorder.RecorderTests.test_actual_background_persistence_reclaims_only_saved_original_prefix) ... ok
test_chain_capacity_and_uncommitted_tail_fail_closed (test_evidence_recorder.RecorderTests.test_chain_capacity_and_uncommitted_tail_fail_closed) ... ok
test_chain_rejects_missing_reordered_or_rehashed_foreign_identity_counts_and_flags (test_evidence_recorder.RecorderTests.test_chain_rejects_missing_reordered_or_rehashed_foreign_identity_counts_and_flags) ... ok
test_chain_trusted_anchor_types_are_strict_and_missing_half_anchor_rejected (test_evidence_recorder.RecorderTests.test_chain_trusted_anchor_types_are_strict_and_missing_half_anchor_rejected) ... ok
test_close_checkpoint_and_reader_are_included_in_total_byte_budget (test_evidence_recorder.RecorderTests.test_close_checkpoint_and_reader_are_included_in_total_byte_budget) ... ok
test_close_owner_busy_after_checkpoint_retries_detach_without_rewriting (test_evidence_recorder.RecorderTests.test_close_owner_busy_after_checkpoint_retries_detach_without_rewriting) ... ok
test_closed_checkpoint_strict_counts_flags_and_hash_reject_even_matching_pending (test_evidence_recorder.RecorderTests.test_closed_checkpoint_strict_counts_flags_and_hash_reject_even_matching_pending) ... ok
test_closed_recording_checkpoint_failure_keeps_memory_and_explicit_close_error (test_evidence_recorder.RecorderTests.test_closed_recording_checkpoint_failure_keeps_memory_and_explicit_close_error) ... ok
test_deleted_final_segment_requires_trusted_count_tip_or_local_close_anchor (test_evidence_recorder.RecorderTests.test_deleted_final_segment_requires_trusted_count_tip_or_local_close_anchor) ... ok
test_duplicate_owner_invalid_limits_and_existing_root_do_not_replace_recording (test_evidence_recorder.RecorderTests.test_duplicate_owner_invalid_limits_and_existing_root_do_not_replace_recording) ... ok
test_equal_record_replacement_after_snapshot_is_not_a_trusted_identity_prefix (test_evidence_recorder.RecorderTests.test_equal_record_replacement_after_snapshot_is_not_a_trusted_identity_prefix) ... ok
test_limits_fail_before_worker_start_or_any_reclaim (test_evidence_recorder.RecorderTests.test_limits_fail_before_worker_start_or_any_reclaim) ... ok
test_local_close_reports_unsaved_records_and_releases_only_local_drain_guard (test_evidence_recorder.RecorderTests.test_local_close_reports_unsaved_records_and_releases_only_local_drain_guard) ... ok
test_maximum_segments_rejects_later_flush_without_losing_new_rx (test_evidence_recorder.RecorderTests.test_maximum_segments_rejects_later_flush_without_losing_new_rx) ... ok
test_original_recorder_prevents_replacing_closed_dispatcher_until_detached (test_evidence_recorder.RecorderTests.test_original_recorder_prevents_replacing_closed_dispatcher_until_detached) ... ok
test_owner_busy_after_worker_completion_can_retry_same_job_without_rewrite (test_evidence_recorder.RecorderTests.test_owner_busy_after_worker_completion_can_retry_same_job_without_rewrite) ... ok
test_readback_tampering_before_reclaim_never_deletes_original_records (test_evidence_recorder.RecorderTests.test_readback_tampering_before_reclaim_never_deletes_original_records) ... ok
test_record_ownership_blocks_all_three_side_drain_paths (test_evidence_recorder.RecorderTests.test_record_ownership_blocks_all_three_side_drain_paths) ... ok
test_saved_prefix_identity_mutation_refuses_atomic_reclaim (test_evidence_recorder.RecorderTests.test_saved_prefix_identity_mutation_refuses_atomic_reclaim) ... ok
test_single_pending_job_and_strict_close_timeout_types (test_evidence_recorder.RecorderTests.test_single_pending_job_and_strict_close_timeout_types) ... ok
test_successful_reclaim_frees_exact_record_bytes_not_context_or_pending_reservations (test_evidence_recorder.RecorderTests.test_successful_reclaim_frees_exact_record_bytes_not_context_or_pending_reservations) ... ok
test_thread_start_failure_preserves_records_and_retains_explicit_failure (test_evidence_recorder.RecorderTests.test_thread_start_failure_preserves_records_and_retains_explicit_failure) ... ok
test_timeout_close_retains_actual_thread_handle_and_original_owner_until_retry (test_evidence_recorder.RecorderTests.test_timeout_close_retains_actual_thread_handle_and_original_owner_until_retry) ... ok
test_two_actual_segments_have_continuous_counts_hash_and_original_bytes (test_evidence_recorder.RecorderTests.test_two_actual_segments_have_continuous_counts_hash_and_original_bytes) ... ok
test_writer_failure_keeps_original_records_and_incomplete_owned_directory (test_evidence_recorder.RecorderTests.test_writer_failure_keeps_original_records_and_incomplete_owned_directory) ... ok

----------------------------------------------------------------------
Ran 25 tests in 18.952s

OK
WARNING: No libpcap provider available ! pcap won't be used
test_actual_original_can_and_udp_share_sid_counters_and_feedback (test_native_tools.NativeToolTests.test_actual_original_can_and_udp_share_sid_counters_and_feedback) ... ok
test_all_four_original_can_channels_share_one_actual_grant (test_native_tools.NativeToolTests.test_all_four_original_can_channels_share_one_actual_grant) ... ok
test_all_local_close_preserves_session_dispatcher_and_send_reservation (test_native_tools.NativeToolTests.test_all_local_close_preserves_session_dispatcher_and_send_reservation) ... ok
test_cancel_only_the_exact_owned_udp_group_before_native_tx (test_native_tools.NativeToolTests.test_cancel_only_the_exact_owned_udp_group_before_native_tx) ... ok
test_closed_dispatcher_does_not_release_source_before_native_cleanup (test_native_tools.NativeToolTests.test_closed_dispatcher_does_not_release_source_before_native_cleanup) ... ok
test_copied_old_scope_cannot_bypass_current_native_lock (test_native_tools.NativeToolTests.test_copied_old_scope_cannot_bypass_current_native_lock) ... ok
test_cross_link_heartbeat_transaction_floor_and_standard_model_observation (test_native_tools.NativeToolTests.test_cross_link_heartbeat_transaction_floor_and_standard_model_observation) ... ok
test_deferred_udp_first_attempt_cannot_send_after_newer_can (test_native_tools.NativeToolTests.test_deferred_udp_first_attempt_cannot_send_after_newer_can) ... ok
test_detached_cleanup_keeps_records_counters_and_rejects_send_or_reentry (test_native_tools.NativeToolTests.test_detached_cleanup_keeps_records_counters_and_rejects_send_or_reentry) ... ok
test_direct_native_and_source_apis_cannot_bypass_dispatcher (test_native_tools.NativeToolTests.test_direct_native_and_source_apis_cannot_bypass_dispatcher) ... ok
test_direct_selected_sender_and_builder_reentry_reject_before_mutation (test_native_tools.NativeToolTests.test_direct_selected_sender_and_builder_reentry_reject_before_mutation) ... ok
test_discard_after_retirement_reclaims_only_local_original_plan (test_native_tools.NativeToolTests.test_discard_after_retirement_reclaims_only_local_original_plan) ... ok
test_dispatcher_replacement_waits_for_native_coordinator_cleanup (test_native_tools.NativeToolTests.test_dispatcher_replacement_waits_for_native_coordinator_cleanup) ... ok
test_failed_close_keeps_same_native_handle_for_retry (test_native_tools.NativeToolTests.test_failed_close_keeps_same_native_handle_for_retry) ... ok
test_failed_coordinator_close_blocks_original_udp_transmission (test_native_tools.NativeToolTests.test_failed_coordinator_close_blocks_original_udp_transmission) ... ok
test_inflight_can_plan_requires_retirement_before_discard (test_native_tools.NativeToolTests.test_inflight_can_plan_requires_retirement_before_discard) ... ok
test_newer_can_first_tx_prevents_older_pending_udp_first_tx (test_native_tools.NativeToolTests.test_newer_can_first_tx_prevents_older_pending_udp_first_tx) ... ok
test_newer_udp_first_tx_prevents_older_prepared_can_first_tx (test_native_tools.NativeToolTests.test_newer_udp_first_tx_prevents_older_prepared_can_first_tx) ... ok
test_nonblocking_native_poll_empty_is_not_a_failure (test_native_tools.NativeToolTests.test_nonblocking_native_poll_empty_is_not_a_failure) ... ok
test_nonfresh_input_allocation_and_invalid_sender_list_reject (test_native_tools.NativeToolTests.test_nonfresh_input_allocation_and_invalid_sender_list_reject) ... ok
test_original_recorder_cannot_be_bypassed_for_native_evidence (test_native_tools.NativeToolTests.test_original_recorder_cannot_be_bypassed_for_native_evidence) ... ok
test_original_udp_retry_is_not_a_new_first_tx_after_can (test_native_tools.NativeToolTests.test_original_udp_retry_is_not_a_new_first_tx_after_can) ... ok
test_other_channel_cannot_discard_shared_builder_inflight_plan (test_native_tools.NativeToolTests.test_other_channel_cannot_discard_shared_builder_inflight_plan) ... ok
test_owned_udp_cancel_allowed_after_expiry_or_failed_close (test_native_tools.NativeToolTests.test_owned_udp_cancel_allowed_after_expiry_or_failed_close) ... ok
test_reentry_and_other_thread_cannot_get_delegated_tool_authority (test_native_tools.NativeToolTests.test_reentry_and_other_thread_cannot_get_delegated_tool_authority) ... ok
test_source_and_dispatcher_busy_do_not_allocate_or_send (test_native_tools.NativeToolTests.test_source_and_dispatcher_busy_do_not_allocate_or_send) ... ok
test_unregistered_or_forged_original_instances_and_plans_reject (test_native_tools.NativeToolTests.test_unregistered_or_forged_original_instances_and_plans_reject) ... ok

----------------------------------------------------------------------
Ran 27 tests in 32.894s

OK
WARNING: No libpcap provider available ! pcap won't be used
test_actual_corrupt_native_frame_kept_and_not_applied (test_can_signal.CANSignalTests.test_actual_corrupt_native_frame_kept_and_not_applied) ... ok
test_actual_original_can_group_and_immutable_attempts (test_can_signal.CANSignalTests.test_actual_original_can_group_and_immutable_attempts) ... ok
test_all_eleven_inputs_all_models_original_full_groups (test_can_signal.CANSignalTests.test_all_eleven_inputs_all_models_original_full_groups) ... ok
test_all_four_formal_can_channels_map_original_library_groups (test_can_signal.CANSignalTests.test_all_four_formal_can_channels_map_original_library_groups) ... ok
test_attached_dispatcher_prevents_send_close_and_bypass (test_can_signal.CANSignalTests.test_attached_dispatcher_prevents_send_close_and_bypass) ... ok
test_bus_failure_keeps_original_attempt_and_does_not_retry (test_can_signal.CANSignalTests.test_bus_failure_keeps_original_attempt_and_does_not_retry) ... ok
test_cached_heartbeat_renews_at_acceptance_not_later_delivery (test_can_signal.CANSignalTests.test_cached_heartbeat_renews_at_acceptance_not_later_delivery) ... ok
test_capacity_checked_for_whole_group_before_first_tx (test_can_signal.CANSignalTests.test_capacity_checked_for_whole_group_before_first_tx) ... ok
test_close_failure_retries_same_actual_bus (test_can_signal.CANSignalTests.test_close_failure_retries_same_actual_bus) ... ok
test_close_retry_stops_original_periodic_task_after_shutdown_flag_set (test_can_signal.CANSignalTests.test_close_retry_stops_original_periodic_task_after_shutdown_flag_set) ... ok
test_current_role_capability_and_released_token_checked_before_tx (test_can_signal.CANSignalTests.test_current_role_capability_and_released_token_checked_before_tx) ... ok
test_discarded_actual_pending_plan_can_retire_without_forged_identity (test_can_signal.CANSignalTests.test_discarded_actual_pending_plan_can_retire_without_forged_identity) ... ok
test_drain_preserves_complete_tx_context_and_counter_order (test_can_signal.CANSignalTests.test_drain_preserves_complete_tx_context_and_counter_order) ... ok
test_factory_revocation_keeps_opened_native_bus_owned_until_close (test_can_signal.CANSignalTests.test_factory_revocation_keeps_opened_native_bus_owned_until_close) ... ok
test_fresh_actual_heartbeat_status_renews_from_original_tx_only (test_can_signal.CANSignalTests.test_fresh_actual_heartbeat_status_renews_from_original_tx_only) ... ok
test_full_tx_pool_requires_reserved_failure_slot_before_send (test_can_signal.CANSignalTests.test_full_tx_pool_requires_reserved_failure_slot_before_send) ... ok
test_heartbeat_transaction_cannot_be_reused_after_retirement (test_can_signal.CANSignalTests.test_heartbeat_transaction_cannot_be_reused_after_retirement) ... ok
test_held_session_operation_blocks_other_thread_send_and_close (test_can_signal.CANSignalTests.test_held_session_operation_blocks_other_thread_send_and_close) ... ok
test_invalid_native_metadata_keeps_original_received_wire_bytes (test_can_signal.CANSignalTests.test_invalid_native_metadata_keeps_original_received_wire_bytes) ... ok
test_local_close_preserves_records_reservation_without_remote_safety (test_can_signal.CANSignalTests.test_local_close_preserves_records_reservation_without_remote_safety) ... ok
test_local_retire_frees_capacity_not_wire_authorization_or_reservation (test_can_signal.CANSignalTests.test_local_retire_frees_capacity_not_wire_authorization_or_reservation) ... ok
test_missing_socketcan_default_never_falls_back (test_can_signal.CANSignalTests.test_missing_socketcan_default_never_falls_back) ... ok
test_native_feedback_for_other_pending_group_is_retained_not_lost (test_can_signal.CANSignalTests.test_native_feedback_for_other_pending_group_is_retained_not_lost) ... ok
test_native_receive_failure_retains_bounded_original_request_evidence (test_can_signal.CANSignalTests.test_native_receive_failure_retains_bounded_original_request_evidence) ... ok
test_native_socketcan_close_retry_keeps_original_bcm_and_raw_cleanup (test_can_signal.CANSignalTests.test_native_socketcan_close_retry_keeps_original_bcm_and_raw_cleanup) ... socket.CMSG_SPACE not available on this platform
ok
test_non_none_backend_return_records_unknown_result_and_fails (test_can_signal.CANSignalTests.test_non_none_backend_return_records_unknown_result_and_fails) ... ok
test_one_native_feedback_owner_per_reservation_and_actual_bus (test_can_signal.CANSignalTests.test_one_native_feedback_owner_per_reservation_and_actual_bus) ... ok
test_original_role_revocation_after_native_tx_retains_actual_attempt (test_can_signal.CANSignalTests.test_original_role_revocation_after_native_tx_retains_actual_attempt) ... ok
test_partial_group_expiry_before_next_frame_records_group_failure (test_can_signal.CANSignalTests.test_partial_group_expiry_before_next_frame_records_group_failure) ... ok
test_post_tx_expiry_retains_actual_queued_frame (test_can_signal.CANSignalTests.test_post_tx_expiry_retains_actual_queued_frame) ... ok
test_receive_delay_expiry_does_not_allocate_half_group (test_can_signal.CANSignalTests.test_receive_delay_expiry_does_not_allocate_half_group) ... ok
test_released_reservation_does_not_free_still_open_native_backend (test_can_signal.CANSignalTests.test_released_reservation_does_not_free_still_open_native_backend) ... ok
test_replacement_builder_does_not_reset_session_can_transmit_sequence_floor (test_can_signal.CANSignalTests.test_replacement_builder_does_not_reset_session_can_transmit_sequence_floor) ... ok
test_replacement_builder_preserves_session_heartbeat_transaction_history (test_can_signal.CANSignalTests.test_replacement_builder_preserves_session_heartbeat_transaction_history) ... ok
test_rx_timeout_and_expired_lease_do_not_create_applied (test_can_signal.CANSignalTests.test_rx_timeout_and_expired_lease_do_not_create_applied) ... ok
test_second_sender_cannot_replay_attempt_after_success_or_partial_failure (test_can_signal.CANSignalTests.test_second_sender_cannot_replay_attempt_after_success_or_partial_failure) ... ok
test_sender_replacement_after_close_keeps_shared_attempt_history (test_can_signal.CANSignalTests.test_sender_replacement_after_close_keeps_shared_attempt_history) ... ok
test_signed_zero_original_can_bytes_not_normalized (test_can_signal.CANSignalTests.test_signed_zero_original_can_bytes_not_normalized) ... ok
test_standard_can_feedback_matches_actual_full_tx_and_global_highwater (test_can_signal.CANSignalTests.test_standard_can_feedback_matches_actual_full_tx_and_global_highwater) ... ok
test_strict_limits_timeouts_and_original_binding (test_can_signal.CANSignalTests.test_strict_limits_timeouts_and_original_binding) ... ok
test_untransmitted_or_forged_plan_cannot_read_or_send (test_can_signal.CANSignalTests.test_untransmitted_or_forged_plan_cannot_read_or_send) ... ok

----------------------------------------------------------------------
Ran 41 tests in 29.270s

OK
WARNING: No libpcap provider available ! pcap won't be used
test_actual_record_is_immutable_and_drain_cannot_overlap_tx (test_scapy_source.ScapySourceTests.test_actual_record_is_immutable_and_drain_cannot_overlap_tx) ... ok
test_actual_scapy_complete_frame_and_standard_grant_no_udp_fallback (test_scapy_source.ScapySourceTests.test_actual_scapy_complete_frame_and_standard_grant_no_udp_fallback) ... ok
test_actual_scapy_resource_fragments_keep_original_no_burst_pacing (test_scapy_source.ScapySourceTests.test_actual_scapy_resource_fragments_keep_original_no_burst_pacing) ... ok
test_all_four_formal_eth_mappings_keep_same_standard_contract (test_scapy_source.ScapySourceTests.test_all_four_formal_eth_mappings_keep_same_standard_contract) ... ok
test_bounded_bytes_fail_before_actual_call_and_limits_are_strict (test_scapy_source.ScapySourceTests.test_bounded_bytes_fail_before_actual_call_and_limits_are_strict) ... ok
test_bounded_l2_records_fail_before_send_and_keep_original_prefix (test_scapy_source.ScapySourceTests.test_bounded_l2_records_fail_before_send_and_keep_original_prefix) ... ok
test_close_failure_retries_same_original_pcap_handle (test_scapy_source.ScapySourceTests.test_close_failure_retries_same_original_pcap_handle) ... ok
test_close_retains_records_reservation_and_does_not_report_remote_cleanup (test_scapy_source.ScapySourceTests.test_close_retains_records_reservation_and_does_not_report_remote_cleanup) ... ok
test_constructor_backend_failure_closes_both_udp_sockets (test_scapy_source.ScapySourceTests.test_constructor_backend_failure_closes_both_udp_sockets) ... ok
test_cooperative_original_dispatcher_uses_scapy_and_matching_feedback (test_scapy_source.ScapySourceTests.test_cooperative_original_dispatcher_uses_scapy_and_matching_feedback) ... ok
test_direct_send_and_close_cannot_bypass_attached_dispatcher (test_scapy_source.ScapySourceTests.test_direct_send_and_close_cannot_bypass_attached_dispatcher) ... ok
test_direct_send_and_close_cannot_bypass_session_operation (test_scapy_source.ScapySourceTests.test_direct_send_and_close_cannot_bypass_session_operation) ... ok
test_existing_prepared_bytes_remain_owned_after_later_allocation (test_scapy_source.ScapySourceTests.test_existing_prepared_bytes_remain_owned_after_later_allocation) ... ok
test_expired_grant_rejected_before_send (test_scapy_source.ScapySourceTests.test_expired_grant_rejected_before_send) ... ok
test_explicit_transaction_gap_and_header_mutation_are_not_allocations (test_scapy_source.ScapySourceTests.test_explicit_transaction_gap_and_header_mutation_are_not_allocations) ... ok
test_invalid_backend_return_is_not_success (test_scapy_source.ScapySourceTests.test_invalid_backend_return_is_not_success) ... ok
test_l2_record_drain_rejected_while_original_recorder_attached (test_scapy_source.ScapySourceTests.test_l2_record_drain_rejected_while_original_recorder_attached) ... ok
test_missing_original_l2_backend_never_falls_back (test_scapy_source.ScapySourceTests.test_missing_original_l2_backend_never_falls_back) ... ok
test_no_live_standard_grant_cannot_send_regular_input (test_scapy_source.ScapySourceTests.test_no_live_standard_grant_cannot_send_regular_input) ... ok
test_original_recorded_udp_dispatch_bytes_still_match_outer_frames (test_scapy_source.ScapySourceTests.test_original_recorded_udp_dispatch_bytes_still_match_outer_frames) ... ok
test_post_send_expiry_keeps_actual_transmitted_bytes_and_failure (test_scapy_source.ScapySourceTests.test_post_send_expiry_keeps_actual_transmitted_bytes_and_failure) ... ok
test_released_local_token_cannot_transmit_and_is_not_automatically_reacquired (test_scapy_source.ScapySourceTests.test_released_local_token_cannot_transmit_and_is_not_automatically_reacquired) ... ok
test_role_and_capability_and_sid_are_checked_at_actual_tx (test_scapy_source.ScapySourceTests.test_role_and_capability_and_sid_are_checked_at_actual_tx) ... ok
test_short_write_is_recorded_not_success_and_no_retry_fallback (test_scapy_source.ScapySourceTests.test_short_write_is_recorded_not_success_and_no_retry_fallback) ... ok
test_signed_zero_remains_original_wire_bytes (test_scapy_source.ScapySourceTests.test_signed_zero_remains_original_wire_bytes) ... ok
test_socket_error_retains_complete_attempt_and_dispatch_failure (test_scapy_source.ScapySourceTests.test_socket_error_retains_complete_attempt_and_dispatch_failure) ... ok
test_source_rejects_foreign_reservation_branch_mapping_and_bad_mac (test_scapy_source.ScapySourceTests.test_source_rejects_foreign_reservation_branch_mapping_and_bad_mac) ... ok
test_successful_original_pcap_close_is_not_repeated (test_scapy_source.ScapySourceTests.test_successful_original_pcap_close_is_not_repeated) ... ok

----------------------------------------------------------------------
Ran 28 tests in 16.163s

OK
test_real_grant_header_feeds_replay_and_actual_resource_exchange (test_source_session.ActualResourceSessionTests.test_real_grant_header_feeds_replay_and_actual_resource_exchange) ... WARNING: No libpcap provider available ! pcap won't be used
ok
test_claim_blocks_manual_tx_and_feedback_read_after_construction (test_source_session.ActualSourceSessionTests.test_claim_blocks_manual_tx_and_feedback_read_after_construction) ... ok
test_opening_transaction_follows_prior_manual_transport_use (test_source_session.ActualSourceSessionTests.test_opening_transaction_follows_prior_manual_transport_use) ... ok
test_real_receiver_grant_used_and_missing_capability_stops_before_tx (test_source_session.ActualSourceSessionTests.test_real_receiver_grant_used_and_missing_capability_stops_before_tx) ... ok
test_real_receiver_rejects_wrong_identity_without_local_grant (test_source_session.ActualSourceSessionTests.test_real_receiver_rejects_wrong_identity_without_local_grant) ... ok
test_real_transport_rejects_new_manager_and_delayed_old_grant (test_source_session.ActualSourceSessionTests.test_real_transport_rejects_new_manager_and_delayed_old_grant) ... ok
test_clock_status_nonce_and_request_type_are_correlated (test_source_session.FeedbackCorrelationTests.test_clock_status_nonce_and_request_type_are_correlated) ... ok
test_status_is_only_a_heartbeat_response (test_source_session.FeedbackCorrelationTests.test_status_is_only_a_heartbeat_response) ... ok
test_unrelated_status_clock_feedback_is_not_an_ack (test_source_session.FeedbackCorrelationTests.test_unrelated_status_clock_feedback_is_not_an_ack) ... ok
test_backward_or_bool_source_mono_is_rejected_without_send (test_source_session.SourceSessionTests.test_backward_or_bool_source_mono_is_rejected_without_send) ... ok
test_bad_target_and_counter_wrap_reject (test_source_session.SourceSessionTests.test_bad_target_and_counter_wrap_reject) ... ok
test_clock_failure_after_reply_keeps_untrusted_exchange_record (test_source_session.SourceSessionTests.test_clock_failure_after_reply_keeps_untrusted_exchange_record) ... ok
test_conservative_lease_starts_before_exchange_not_on_late_reply (test_source_session.SourceSessionTests.test_conservative_lease_starts_before_exchange_not_on_late_reply) ... ok
test_explicit_transaction_reservation_never_collides_with_auto_counter (test_source_session.SourceSessionTests.test_explicit_transaction_reservation_never_collides_with_auto_counter) ... ok
test_failed_heartbeat_and_ordinary_feedback_do_not_renew_lease (test_source_session.SourceSessionTests.test_failed_heartbeat_and_ordinary_feedback_do_not_renew_lease) ... ok
test_heartbeat_uses_actual_last_feedback_and_explicit_sender_step (test_source_session.SourceSessionTests.test_heartbeat_uses_actual_last_feedback_and_explicit_sender_step) ... ok
test_invalid_constructor_limits_identity_and_roles_reject (test_source_session.SourceSessionTests.test_invalid_constructor_limits_identity_and_roles_reject) ... ok
test_invalid_payload_does_not_consume_sequence_or_send (test_source_session.SourceSessionTests.test_invalid_payload_does_not_consume_sequence_or_send) ... ok
test_local_abandon_is_not_a_remote_close_reset_or_clear_queues (test_source_session.SourceSessionTests.test_local_abandon_is_not_a_remote_close_reset_or_clear_queues) ... ok
test_one_counter_owner_per_transport_even_after_local_close (test_source_session.SourceSessionTests.test_one_counter_owner_per_transport_even_after_local_close) ... ok
test_open_after_the_entire_lease_cannot_create_a_live_local_session (test_source_session.SourceSessionTests.test_open_after_the_entire_lease_cannot_create_a_live_local_session) ... ok
test_open_captures_actual_grant_and_allocates_global_fresh_headers (test_source_session.SourceSessionTests.test_open_captures_actual_grant_and_allocates_global_fresh_headers) ... ok
test_open_validates_both_baselines_roles_sid_and_model (test_source_session.SourceSessionTests.test_open_validates_both_baselines_roles_sid_and_model) ... ok
test_record_capacity_rejects_before_send_and_drain_does_not_clear_session (test_source_session.SourceSessionTests.test_record_capacity_rejects_before_send_and_drain_does_not_clear_session) ... ok
test_records_and_capabilities_are_immutable_detached (test_source_session.SourceSessionTests.test_records_and_capabilities_are_immutable_detached) ... ok
test_reopen_requires_explicit_local_abandon_and_never_reuses_nonce_or_sid (test_source_session.SourceSessionTests.test_reopen_requires_explicit_local_abandon_and_never_reuses_nonce_or_sid) ... ok
test_request_keeps_real_failed_feedback_without_manufacturing_stage (test_source_session.SourceSessionTests.test_request_keeps_real_failed_feedback_without_manufacturing_stage) ... ok
test_request_payload_detaches_from_callers_during_transport_exchange (test_source_session.SourceSessionTests.test_request_payload_detaches_from_callers_during_transport_exchange) ... ok
test_roles_capability_and_model_are_checked_before_allocation (test_source_session.SourceSessionTests.test_roles_capability_and_model_are_checked_before_allocation) ... ok
test_session_module_exists (test_source_session.SourceSessionTests.test_session_module_exists) ... ok
test_transport_timeout_is_recorded_without_faking_response_or_session (test_source_session.SourceSessionTests.test_transport_timeout_is_recorded_without_faking_response_or_session) ... ok

----------------------------------------------------------------------
Ran 31 tests in 6.364s

OK
test_large_earlier_group_is_admitted_before_later_small_group (test_dispatch.ActualResourceDispatchTests.test_large_earlier_group_is_admitted_before_later_small_group) ... ok
test_lost_unadmitted_earlier_sequence_is_failed_not_silently_renumbered (test_dispatch.ActualResourceDispatchTests.test_lost_unadmitted_earlier_sequence_is_failed_not_silently_renumbered) ... ok
test_two_actual_worker_resources_interleaved_complete_without_model_claim (test_dispatch.ActualResourceDispatchTests.test_two_actual_worker_resources_interleaved_complete_without_model_claim) ... ok
test_actual_multi_inflight_out_of_order_feedback_and_terminal_records (test_dispatch.DispatcherTests.test_actual_multi_inflight_out_of_order_feedback_and_terminal_records) ... ok
test_auto_heartbeat_late_tick_rejected_not_catchup_and_records_are_immutable (test_dispatch.DispatcherTests.test_auto_heartbeat_late_tick_rejected_not_catchup_and_records_are_immutable) ... ok
test_capacity_before_allocation_and_local_close_releases_binding_not_remote_session (test_dispatch.DispatcherTests.test_capacity_before_allocation_and_local_close_releases_binding_not_remote_session) ... ok
test_clock_failure_after_actual_tx_keeps_wire_and_progress (test_dispatch.DispatcherTests.test_clock_failure_after_actual_tx_keeps_wire_and_progress) ... ok
test_clock_failure_still_cancels_locally_without_inventing_timestamp (test_dispatch.DispatcherTests.test_clock_failure_still_cancels_locally_without_inventing_timestamp) ... ok
test_deferred_heartbeat_checks_actual_tx_deadline (test_dispatch.DispatcherTests.test_deferred_heartbeat_checks_actual_tx_deadline) ... ok
test_final_resource_late_actual_feedback_is_retained_but_not_complete (test_dispatch.DispatcherTests.test_final_resource_late_actual_feedback_is_retained_but_not_complete) ... ok
test_heartbeat_keeps_conservative_session_live_during_resource_wait (test_dispatch.DispatcherTests.test_heartbeat_keeps_conservative_session_live_during_resource_wait) ... ok
test_lease_expiry_after_actual_tx_keeps_wire_but_fails_run (test_dispatch.DispatcherTests.test_lease_expiry_after_actual_tx_keeps_wire_but_fails_run) ... ok
test_lease_expiry_inside_poll_stops_before_actual_tx (test_dispatch.DispatcherTests.test_lease_expiry_inside_poll_stops_before_actual_tx) ... ok
test_nonfinal_resource_feedback_during_paced_retry_is_not_lost (test_dispatch.DispatcherTests.test_nonfinal_resource_feedback_during_paced_retry_is_not_lost) ... ok
test_received_is_not_terminal_and_unrelated_heartbeat_can_complete (test_dispatch.DispatcherTests.test_received_is_not_terminal_and_unrelated_heartbeat_can_complete) ... ok
test_record_capacity_preserves_existing_and_rejects_before_sequence (test_dispatch.DispatcherTests.test_record_capacity_preserves_existing_and_rejects_before_sequence) ... ok
test_reliable_four_original_attempts_periodic_one_and_timeout (test_dispatch.DispatcherTests.test_reliable_four_original_attempts_periodic_one_and_timeout) ... ok
test_interleaved_same_transaction_ack_matches_original_sequence (test_dispatch.MatchingTests.test_interleaved_same_transaction_ack_matches_original_sequence) ... ok
test_matching_list_is_bounded_strict_and_unique (test_dispatch.MatchingTests.test_matching_list_is_bounded_strict_and_unique) ... ok
test_matured_resource_reservations_do_not_burst_after_delayed_poll (test_dispatch.MatchingTests.test_matured_resource_reservations_do_not_burst_after_delayed_poll) ... ok
test_nonblocking_typed_feedback_does_not_drop_other_pending_request (test_dispatch.MatchingTests.test_nonblocking_typed_feedback_does_not_drop_other_pending_request) ... ok

----------------------------------------------------------------------
Ran 21 tests in 13.780s

OK
